customer_id,customer_name,customer_email,customer_phone,zone,locality,signup_date
1,Aryan Maharaj,udantdewan@example.net,+918196001338,East Delhi,Vivek Vihar,2023-07-09
2,Rushil Saini,saumyamall@example.org,+916542351161,East Delhi,Vivek Vihar,2024-07-20
3,Hemangini Lalla,sharafjeet@example.com,+918495931034,East Delhi,Preet Vihar,2024-12-01
4,Viraj Chaudhuri,dmall@example.net,02553419283,East Delhi,Mayur Vihar,2024-01-04
5,Turvi Raghavan,theodore50@example.org,+915641395376,West Delhi,Dwarka,2024-12-28
6,Luke Lanka,yatinyohannan@example.com,9696532871,South Delhi,Vasant Kunj,2023-08-17
7,Imaran Dua,pahalbhatt@example.com,09784801845,South Delhi,Vasant Kunj,2024-11-25
8,Chaaya Saran,sudikshaaggarwal@example.net,4828148932,West Delhi,Janakpuri,2024-08-20
9,Neel Zacharia,naikvrinda@example.org,+915430391171,West Delhi,Rajouri Garden,2024-10-31
10,Kabir Soman,alkawable@example.net,03834657871,East Delhi,Mayur Vihar,2024-12-04
11,Umang Bhatt,ansh98@example.org,3010310518,West Delhi,Paschim Vihar,2024-10-10
12,Arya Sunder,kevinsolanki@example.org,06311656670,South Delhi,Greater Kailash,2024-10-06
13,Darsh Rau,ikbal33@example.org,7262473178,West Delhi,Rajouri Garden,2024-12-23
14,Chandresh Zachariah,chanderwarjas@example.org,07736026064,East Delhi,Mayur Vihar,2024-11-28
15,Bhavika Sampath,mdubey@example.com,+910980500978,East Delhi,Preet Vihar,2023-07-15
16,Dakshesh Trivedi,grewalekapad@example.net,+913619399091,West Delhi,Janakpuri,2024-10-05
17,Diya Lal,diptakhare@example.com,02475107991,South Delhi,Malviya Nagar,2024-11-14
18,Tanay Toor,kevin51@example.org,04278498084,West Delhi,Paschim Vihar,2024-12-08
19,Krish Lalla,chhabranachiket@example.com,09353487401,North Delhi,Civil Lines,2023-10-26
20,Aradhana Basu,nathkalpit@example.net,02786801128,West Delhi,Janakpuri,2024-06-19
21,Kala Divan,cdatta@example.com,00533158692,South Delhi,Saket,2024-08-03
22,Nicholas Goel,lbakshi@example.net,06342160733,North Delhi,Model Town,2024-04-07
23,Inaya Mody,udantbajwa@example.net,+916541458685,South Delhi,Saket,2023-11-22
24,Jack Lal,alkabarad@example.org,6556981693,South Delhi,Vasant Kunj,2024-12-23
25,Chaitanya Sarin,venkateshronith@example.com,01595148465,West Delhi,Tilak Nagar,2024-10-04
26,Chakrika Datta,osharaghavan@example.net,2994680443,South Delhi,Malviya Nagar,2024-07-25
27,Ekanta Shroff,rsathe@example.org,7214895134,North Delhi,Ashok Vihar,2024-07-16
28,Rushil Din,batrayash@example.com,1769367632,North Delhi,Rohini,2024-10-29
29,Hredhaan Sandal,patrickvasa@example.com,+918317278895,North Delhi,Rohini,2024-12-29
30,Yamini Sandhu,vdutt@example.com,04348734714,North Delhi,Rohini,2024-11-22
31,Anita Nayak,faris22@example.org,02316658760,West Delhi,Dwarka,2024-11-22
32,Osha Ramachandran,raivansha@example.org,04668893734,West Delhi,Dwarka,2024-03-25
33,Vedika Balakrishnan,qnayar@example.net,02729806990,East Delhi,Laxmi Nagar,2023-09-19
34,Priya Deshmukh,dgopal@example.com,05375564641,South Delhi,Hauz Khas,2023-10-15
35,Anirudh Zacharia,pallaudarsh@example.net,+910033092327,North Delhi,Ashok Vihar,2024-10-20
36,Tejas Shroff,jyoti29@example.net,1241904966,West Delhi,Tilak Nagar,2024-05-10
37,Faqid Kibe,mitrajai@example.net,+915865185067,West Delhi,Dwarka,2024-08-05
38,Rachita Pathak,bdua@example.org,8498776945,East Delhi,Laxmi Nagar,2023-03-31
39,Gabriel Mallick,wkohli@example.com,9650752735,East Delhi,Laxmi Nagar,2024-05-15
40,Harini Mammen,advaith83@example.org,+916783777014,East Delhi,Mayur Vihar,2024-11-08
41,Nidhi Kohli,jyoti78@example.net,06855744431,East Delhi,Laxmi Nagar,2024-05-22
42,Diya Dar,rehaankalita@example.net,04989413435,South Delhi,Saket,2024-09-18
43,Chasmum Atwal,anushabath@example.org,4271094777,East Delhi,Mayur Vihar,2023-11-21
44,Qarin Behl,vanya11@example.com,01902294131,North Delhi,Ashok Vihar,2024-08-04
45,Upkaar Virk,cseshadri@example.com,6499091334,West Delhi,Tilak Nagar,2024-11-10
46,Naksh Khatri,falandugar@example.org,07974034471,North Delhi,Civil Lines,2024-11-21
47,Aishani Hora,icontractor@example.org,2421024994,North Delhi,Civil Lines,2024-06-01
48,Jeet Sidhu,neha48@example.net,07190659401,West Delhi,Janakpuri,2024-07-08
49,Ansh Luthra,gillupma@example.net,7429671756,South Delhi,Hauz Khas,2024-12-11
50,Ekani Cheema,forumsabharwal@example.net,04680715451,West Delhi,Paschim Vihar,2024-11-17
51,Yoshita Agarwal,dsachdev@example.org,5977034824,West Delhi,Dwarka,2024-10-22
52,Vedhika Dara,khatrinathan@example.com,0861317127,East Delhi,Vivek Vihar,2024-10-13
53,Yashodhara Mahajan,esubramanian@example.org,08263982146,South Delhi,Hauz Khas,2024-11-04
54,Yashica Loke,mandalchanchal@example.net,7278755886,East Delhi,Preet Vihar,2024-12-31
55,Ekanta Gulati,leelakaur@example.com,+915766270289,North Delhi,Rohini,2024-10-27
56,Harish Sarraf,voratanmayi@example.org,2621745961,South Delhi,Greater Kailash,2024-09-25
57,Lajita Nadig,nbanik@example.org,+914316117240,North Delhi,Rohini,2024-12-09
58,Ekta Bhalla,jagrati56@example.org,+918692221969,West Delhi,Dwarka,2024-10-22
59,Widisha Dhar,triyakumar@example.com,00748217594,West Delhi,Rajouri Garden,2024-09-29
60,Zashil Shan,rushil67@example.org,+916959440640,South Delhi,Hauz Khas,2024-11-09
61,Watika Mangat,indirakanda@example.net,+919421047095,West Delhi,Janakpuri,2024-05-21
62,Gautam Merchant,ojasvi23@example.org,5884247451,North Delhi,Rohini,2023-01-01
63,Faqid Dhaliwal,mekhalapau@example.org,00481754965,East Delhi,Laxmi Nagar,2023-02-24
64,Vivaan Sinha,narangtimothy@example.net,+917461200471,West Delhi,Tilak Nagar,2024-10-16
65,Wahab Yogi,lipikasetty@example.com,8692617964,North Delhi,Civil Lines,2024-06-09
66,Kamala Kalla,psaxena@example.com,+915850643171,North Delhi,Ashok Vihar,2024-09-16
67,Ansh Bedi,yagnesh29@example.org,+918393352904,South Delhi,Vasant Kunj,2024-12-16
68,Kalpit Zachariah,owen10@example.org,+915395024026,West Delhi,Dwarka,2024-11-12
69,Devansh Soni,gpathak@example.net,+917839084700,South Delhi,Malviya Nagar,2024-07-04
70,Neelima Sandhu,swaminathansachi@example.org,+915921249985,South Delhi,Greater Kailash,2024-03-01
71,Chaitaly Setty,ychaudhary@example.net,+918367365766,West Delhi,Rajouri Garden,2024-12-02
72,Dhriti Sane,aadhya52@example.net,01111615280,East Delhi,Preet Vihar,2024-05-31
73,Jason Roy,pallavi04@example.net,05198327315,East Delhi,Vivek Vihar,2024-10-21
74,Ishwar Mallick,pushtibal@example.net,4024455022,West Delhi,Dwarka,2024-05-22
75,Ekaraj Dhar,chandtanveer@example.com,07525459910,East Delhi,Mayur Vihar,2024-10-15
76,Nakul Bawa,magarsaanvi@example.net,07976438156,East Delhi,Vivek Vihar,2023-08-12
77,Bhanumati Sur,chakradev36@example.net,+910343244510,West Delhi,Janakpuri,2024-02-08
78,Qushi Gill,lajitawalia@example.net,+918851606071,East Delhi,Vivek Vihar,2024-05-06
79,Pushti Ravel,hmann@example.com,+915297516136,South Delhi,Saket,2024-11-08
80,Farhan Randhawa,harinakshi35@example.org,+918188355231,West Delhi,Janakpuri,2023-01-07
81,Aahana Hora,michaelborra@example.org,7799799552,West Delhi,Paschim Vihar,2024-11-07
82,Ekansh Singh,ymitter@example.com,0581477005,North Delhi,Ashok Vihar,2024-08-06
83,Faraj Chana,lshere@example.net,0793597820,West Delhi,Dwarka,2024-11-24
84,Harshil Oza,thamanorinder@example.org,+917788925546,North Delhi,Civil Lines,2024-05-29
85,Hamsini Ben,dominic51@example.net,6449251925,West Delhi,Dwarka,2024-01-17
86,Manya Dayal,mukherjeekrisha@example.net,02816850542,South Delhi,Hauz Khas,2024-06-30
87,Harita Sunder,upkaardevan@example.org,+914188805929,East Delhi,Laxmi Nagar,2024-11-30
88,Mitesh Gaba,noahsarma@example.org,05379473834,South Delhi,Vasant Kunj,2024-07-28
89,Rishi Pillai,xshenoy@example.com,08862392407,West Delhi,Rajouri Garden,2024-06-18
90,Harshil Varty,manefiyaz@example.org,07826137506,North Delhi,Model Town,2024-11-30
91,Meghana Thakkar,warinder61@example.com,+910515220472,South Delhi,Saket,2024-06-03
92,Saumya Ahluwalia,bahlaahana@example.org,+918986143410,West Delhi,Tilak Nagar,2024-11-16
93,Oni Shankar,choudhryxalak@example.net,0893246095,North Delhi,Ashok Vihar,2024-11-13
94,Omaja Grover,viswanathanjalsa@example.org,8888067065,North Delhi,Ashok Vihar,2024-10-10
95,Amol Parikh,paiwridesh@example.net,1952058527,West Delhi,Dwarka,2024-06-22
96,Qabil Deshmukh,shankarbalhaar@example.com,+910305486874,North Delhi,Ashok Vihar,2024-08-26
97,Rayaan Mangal,champak54@example.org,06676527758,South Delhi,Malviya Nagar,2024-09-02
98,Fitan Samra,sanipranit@example.net,05115447962,West Delhi,Dwarka,2024-09-20
99,Indali Sekhon,panditradhika@example.com,0165820297,North Delhi,Rohini,2024-07-30
100,Jonathan Bhavsar,jeevikapathak@example.com,0927557192,West Delhi,Rajouri Garden,2024-11-22
101,Mitali Murthy,zaid10@example.net,+917868144739,North Delhi,Civil Lines,2024-08-01
102,Vritti Iyengar,deshmukhethan@example.com,+917155188442,West Delhi,Rajouri Garden,2024-12-23
103,Janaki Trivedi,jairajiyer@example.org,+917058957829,West Delhi,Paschim Vihar,2024-09-08
104,Dominic More,hsrinivas@example.com,09125177852,South Delhi,Malviya Nagar,2023-12-11
105,Kai Sant,dashzarna@example.org,02253584143,West Delhi,Rajouri Garden,2023-06-30
106,Jeremiah Mitter,thakkarom@example.net,2299590010,North Delhi,Rohini,2024-08-09
107,Shivansh Saha,tankbimala@example.net,07364710276,East Delhi,Mayur Vihar,2023-01-24
108,Ucchal Jani,maanas55@example.net,06258815371,West Delhi,Tilak Nagar,2024-10-05
109,Shivani Kota,gunbirbedi@example.com,09632595327,East Delhi,Laxmi Nagar,2024-10-24
110,Wishi Morar,fbajaj@example.com,7339500479,West Delhi,Janakpuri,2024-08-07
111,Bhavika Yadav,chokshiraagini@example.org,05650609835,East Delhi,Preet Vihar,2024-05-31
112,Ethan Raju,nmammen@example.net,1216558523,West Delhi,Janakpuri,2024-07-13
113,Xiti Baria,baradlaksh@example.net,07872982595,South Delhi,Saket,2024-11-09
114,Maya Mistry,yashica88@example.com,9470551694,South Delhi,Saket,2024-10-22
115,Urvi Lanka,charansrinivasan@example.org,9623091307,West Delhi,Rajouri Garden,2024-12-05
116,Omya Doshi,ajani@example.net,7028385786,South Delhi,Malviya Nagar,2024-10-29
117,Oscar Sharaf,irya49@example.com,+913484344375,South Delhi,Greater Kailash,2024-11-08
118,Ikshita Mahal,jairaj98@example.com,05240415747,West Delhi,Tilak Nagar,2024-12-16
119,Saksham Yohannan,anita21@example.net,9330833016,East Delhi,Laxmi Nagar,2024-07-07
120,Urmi Chaudhry,abduldugar@example.com,7734540193,West Delhi,Rajouri Garden,2024-12-18
121,Parth Sahni,balhaarranganathan@example.com,+914004991547,South Delhi,Vasant Kunj,2023-12-06
122,Krish Thaman,mmahajan@example.org,02742054932,East Delhi,Vivek Vihar,2024-07-29
123,Prisha Varma,gabriel61@example.org,+917530463745,West Delhi,Dwarka,2024-09-10
124,Advay Lal,warinder01@example.com,02684145933,East Delhi,Preet Vihar,2024-11-01
125,Vanya Dua,aprakash@example.net,7833918785,South Delhi,Saket,2024-12-26
126,Isaac Bhatia,masongala@example.com,7139718707,West Delhi,Janakpuri,2024-02-24
127,Yochana Sagar,jbhardwaj@example.com,4064039106,South Delhi,Greater Kailash,2024-12-07
128,Devansh Bhasin,sodhiazad@example.com,02265676618,North Delhi,Pitampura,2024-11-04
129,Ijaya Dani,mayawadhwa@example.org,3004786863,West Delhi,Tilak Nagar,2024-09-12
130,Triveni Pal,anyagulati@example.net,+910690331190,South Delhi,Malviya Nagar,2024-11-23
131,Chanakya Konda,rattireva@example.org,3028439599,South Delhi,Greater Kailash,2024-07-02
132,Warjas Mittal,timothysachdev@example.com,00892687056,West Delhi,Tilak Nagar,2023-04-13
133,Omaja Rege,charitapuri@example.org,7334270866,South Delhi,Greater Kailash,2024-03-21
134,Lipika Kibe,samar51@example.com,01830469901,East Delhi,Mayur Vihar,2024-09-18
135,Teerth Srinivas,gaurangimitter@example.org,+913173936385,East Delhi,Preet Vihar,2024-12-27
136,Lajita Shukla,darika45@example.net,07175355609,North Delhi,Rohini,2024-06-05
137,Madhav Babu,omisha42@example.org,03693785477,North Delhi,Model Town,2023-10-14
138,Om Pandey,logansuresh@example.org,0801006231,East Delhi,Preet Vihar,2024-11-12
139,Aditya Kamdar,dprakash@example.net,9770088600,South Delhi,Hauz Khas,2024-06-20
140,Bhavini Badal,ggola@example.org,2339845461,North Delhi,Rohini,2023-06-23
141,Nidra Sharaf,upkaarmital@example.net,+910166687002,East Delhi,Vivek Vihar,2024-08-08
142,Xalak Saraf,girish80@example.org,+919740148902,South Delhi,Malviya Nagar,2024-09-25
143,Amol Johal,mitalibose@example.com,+919396856218,West Delhi,Janakpuri,2024-10-13
144,Chatresh Chaudhari,ekata@example.com,9965047735,North Delhi,Rohini,2024-10-17
145,Rachana Grewal,xchada@example.net,03114262655,West Delhi,Tilak Nagar,2024-12-14
146,Gavin Ahluwalia,sai54@example.org,+911267888610,South Delhi,Vasant Kunj,2024-11-27
147,Irya Chander,lekha04@example.com,01839826224,West Delhi,Janakpuri,2024-04-16
148,Amrita Tailor,devganesh@example.com,06471543799,North Delhi,Ashok Vihar,2024-11-27
149,Tanvi Chhabra,dakshaahuja@example.com,09657569245,South Delhi,Malviya Nagar,2024-10-01
150,Varenya Murthy,mitalinagar@example.com,7935646519,South Delhi,Malviya Nagar,2023-12-06
151,Pranit Bala,ckadakia@example.com,1672434266,West Delhi,Janakpuri,2024-07-08
152,Saumya Srinivas,gwarrior@example.net,08058911352,South Delhi,Hauz Khas,2024-08-14
153,Mugdha Narula,acherian@example.org,03888993756,North Delhi,Ashok Vihar,2024-07-12
154,Xiti Dora,aryan71@example.com,01125457387,West Delhi,Janakpuri,2024-12-27
155,Vamakshi Chatterjee,usethi@example.org,00105123828,West Delhi,Dwarka,2024-03-16
156,Ganga Sandhu,zkata@example.com,2266093796,West Delhi,Janakpuri,2024-07-31
157,Aayush Kala,aryabhatnagar@example.net,+918255371478,North Delhi,Rohini,2024-03-06
158,Lipika Ramanathan,pallindira@example.com,2499125134,East Delhi,Laxmi Nagar,2024-07-07
159,Qadim Prakash,yastirama@example.com,2966278282,North Delhi,Rohini,2024-06-25
160,Bhavya Dey,divyaseshadri@example.net,+915072368876,East Delhi,Vivek Vihar,2024-11-04
161,Ojasvi Sawhney,fganesh@example.net,+913404384279,West Delhi,Janakpuri,2024-12-24
162,Yasti Chowdhury,loyaljeevika@example.net,+917836134074,South Delhi,Greater Kailash,2024-10-19
163,Gagan Sarna,khalsashaurya@example.net,5962923309,South Delhi,Malviya Nagar,2024-01-31
164,Avni Yohannan,ekiyamaster@example.com,4812604223,South Delhi,Saket,2024-11-07
165,Ekanta Kota,jsuri@example.net,4667116845,East Delhi,Vivek Vihar,2024-06-02
166,Vinaya Narang,chandertara@example.net,5186363745,South Delhi,Malviya Nagar,2023-08-23
167,Geetika De,roza@example.org,+911701277063,West Delhi,Paschim Vihar,2024-09-25
168,Chasmum Dutt,girik54@example.org,02064361103,North Delhi,Rohini,2024-08-11
169,Faras Deo,zilmilsaxena@example.org,+915162713611,North Delhi,Rohini,2024-08-02
170,Dhriti Pillai,laksh62@example.net,2189092753,East Delhi,Laxmi Nagar,2024-05-09
171,Nisha Savant,gabrielchaudhry@example.org,+919656523413,West Delhi,Janakpuri,2024-11-10
172,Avi Mitra,zarnaupadhyay@example.org,6403761379,West Delhi,Tilak Nagar,2024-11-12
173,Advik Patel,kevin69@example.com,08271091043,East Delhi,Laxmi Nagar,2024-05-03
174,Darpan Rao,yachana66@example.net,01889241418,East Delhi,Laxmi Nagar,2024-10-07
175,Nachiket Yadav,mahika91@example.com,6303161799,North Delhi,Ashok Vihar,2024-02-20
176,Dayamai Gill,aroralaksh@example.net,+912758842524,South Delhi,Malviya Nagar,2023-11-21
177,Ayushman Nayak,hmagar@example.org,09177850792,North Delhi,Ashok Vihar,2024-12-30
178,Nakul Kumer,daliavedant@example.net,0003075622,North Delhi,Civil Lines,2024-12-14
179,Oni Kapur,yuvraj65@example.com,+919518023806,East Delhi,Vivek Vihar,2023-07-11
180,Udyati Mandal,falak18@example.com,+915349493759,West Delhi,Paschim Vihar,2024-07-31
181,Rohan Korpal,abeerrout@example.org,+918505064138,East Delhi,Vivek Vihar,2024-09-15
182,Oni Swamy,dharati@example.org,+913865719182,East Delhi,Vivek Vihar,2024-10-21
183,Falan Bhatia,pde@example.com,05655743132,East Delhi,Laxmi Nagar,2024-04-24
184,Nachiket Cherian,shivanishukla@example.com,01853747411,East Delhi,Vivek Vihar,2024-03-26
185,Daksha Baria,falakdivan@example.org,3568044206,North Delhi,Pitampura,2024-08-31
186,Zaid Chandra,zchaudry@example.org,+910032365199,East Delhi,Preet Vihar,2024-08-10
187,Falan Bains,horasachi@example.org,+915107029667,North Delhi,Civil Lines,2023-12-04
188,Lavanya Sandhu,iryakala@example.org,04720999347,East Delhi,Mayur Vihar,2024-12-09
189,Varenya Bhat,mammenleela@example.org,03838065787,West Delhi,Rajouri Garden,2024-04-17
190,Yadavi Nagy,lmadan@example.org,09304078593,West Delhi,Rajouri Garden,2024-12-12
191,Harish Kota,amairawalla@example.net,+913965223955,East Delhi,Preet Vihar,2024-05-28
192,Indira Dhar,waidamore@example.org,00103930870,South Delhi,Hauz Khas,2024-02-25
193,Saksham De,peter50@example.org,+919218515691,South Delhi,Saket,2024-12-16
194,Chasmum Naidu,nakulsarkar@example.net,05289539264,North Delhi,Civil Lines,2024-07-28
195,Joshua Goel,ramanbachittar@example.org,5939172513,North Delhi,Rohini,2023-12-15
196,Ekaja Ganesh,nayaksanya@example.org,03315410067,North Delhi,Rohini,2024-07-23
197,Ojas Sachdev,wradhakrishnan@example.net,01793271040,West Delhi,Paschim Vihar,2024-12-16
198,Advika Cheema,oommenonkar@example.com,+911815997062,North Delhi,Ashok Vihar,2024-08-06
199,Naksh Bera,narulasamesh@example.org,08844431069,East Delhi,Preet Vihar,2023-11-01
200,Mitesh Bhagat,aarush61@example.com,9731032417,East Delhi,Preet Vihar,2024-08-31
201,Darika Rao,qsuresh@example.com,+918625652704,North Delhi,Model Town,2024-09-09
202,Udyati Lall,amrutabhatia@example.org,1158693806,South Delhi,Vasant Kunj,2024-12-09
203,Vaishnavi Keer,fmistry@example.com,0898992172,North Delhi,Rohini,2024-04-30
204,Siddharth Hans,brijeshsampath@example.org,6329451168,East Delhi,Laxmi Nagar,2024-11-13
205,Eshana Majumdar,yarora@example.net,9861622999,North Delhi,Ashok Vihar,2024-11-01
206,Hitesh Chaudhuri,hemangini64@example.com,7997024629,West Delhi,Rajouri Garden,2024-11-16
207,Balvan Randhawa,wazir07@example.com,00544471324,South Delhi,Saket,2024-12-29
208,Ekani Luthra,mchakraborty@example.com,+916785082148,West Delhi,Tilak Nagar,2024-12-24
209,Krishna Viswanathan,ghosereyansh@example.org,+913070534578,North Delhi,Pitampura,2023-01-01
210,Jatin Balasubramanian,kashishsuresh@example.net,02798552414,North Delhi,Ashok Vihar,2024-08-08
211,Libni Bawa,tanishkant@example.net,+913468007229,West Delhi,Rajouri Garden,2024-08-20
212,Udarsh Krishnan,anvi66@example.com,04374896910,North Delhi,Rohini,2024-05-31
213,Barkha Misra,subramaniamdevansh@example.com,05444328309,East Delhi,Laxmi Nagar,2024-07-07
214,Ekaja Dey,tankchakrika@example.com,06609935387,South Delhi,Greater Kailash,2023-11-11
215,Yashica Mital,pratyushmemon@example.org,02482513534,North Delhi,Civil Lines,2024-11-02
216,Garima Prabhu,chaitaly71@example.com,+919991738168,West Delhi,Paschim Vihar,2024-12-11
217,Odika Bhagat,lakshiyer@example.com,09725217525,North Delhi,Model Town,2024-11-24
218,Aayush Seth,shaurya29@example.org,01296666760,South Delhi,Saket,2024-11-15
219,Ryan Prakash,nagyrayaan@example.org,0335421689,West Delhi,Paschim Vihar,2024-10-12
220,Oliver Bhattacharyya,misrabina@example.com,8985625753,West Delhi,Dwarka,2024-05-30
221,Netra Bahl,udarshdeep@example.org,0982150648,North Delhi,Rohini,2024-10-26
222,Chanakya Chokshi,bavajack@example.com,06184723046,West Delhi,Tilak Nagar,2024-06-07
223,Zinal Madan,omyacheema@example.net,9141173934,North Delhi,Pitampura,2023-10-23
224,Ishita Rout,naveen08@example.com,+917530011972,North Delhi,Model Town,2024-09-25
225,Yasti Borde,kundavihaan@example.com,04701204556,North Delhi,Rohini,2024-09-25
226,Girish Bath,devionkar@example.com,07941552166,West Delhi,Janakpuri,2024-08-09
227,Anita Rajan,psama@example.org,+912021697972,North Delhi,Rohini,2024-04-05
228,Jagrati Balakrishnan,vasudhasura@example.org,07014508993,South Delhi,Hauz Khas,2024-10-07
229,Zilmil Virk,santyuvraj@example.com,06289002877,South Delhi,Hauz Khas,2023-04-11
230,Falan Swamy,wridesh54@example.org,3866317797,East Delhi,Laxmi Nagar,2024-02-08
231,Wishi Sekhon,jagat70@example.org,06088019948,South Delhi,Hauz Khas,2024-09-26
232,Tanmayi Om,chatura37@example.com,9975711305,North Delhi,Pitampura,2024-12-21
233,Bishakha Vig,hitesh02@example.com,+916149331637,South Delhi,Vasant Kunj,2024-03-05
234,Hamsini Chokshi,obatra@example.net,1779827080,East Delhi,Laxmi Nagar,2023-01-01
235,Vasudha Trivedi,oscardave@example.org,09958669346,North Delhi,Pitampura,2024-05-12
236,Chaitaly Sethi,lakshitsachar@example.net,8485833394,South Delhi,Saket,2024-10-07
237,Kevin Gokhale,jack58@example.com,9684608106,North Delhi,Rohini,2024-12-07
238,Chatresh Bhalla,amaradyal@example.com,4204380571,East Delhi,Laxmi Nagar,2024-07-17
239,Lopa Khanna,champak66@example.com,5800439735,South Delhi,Hauz Khas,2024-06-14
240,Rishi Menon,rgoel@example.org,+912816064842,West Delhi,Janakpuri,2024-10-13
241,Aadhya Ahluwalia,unnati20@example.org,09094798515,West Delhi,Janakpuri,2024-08-29
242,Qarin Verma,tiwarinathaniel@example.com,8615335554,South Delhi,Greater Kailash,2024-08-21
243,Vaishnavi Andra,palsanaya@example.org,9930561648,West Delhi,Rajouri Garden,2024-08-09
244,Aryan Varughese,yoshita87@example.com,+914358112880,North Delhi,Civil Lines,2024-09-30
245,Shivansh Kala,nchawla@example.net,6120750110,West Delhi,Tilak Nagar,2024-07-10
246,Zayan Bobal,aarnareddy@example.com,06650618091,South Delhi,Greater Kailash,2024-11-18
247,Elijah Parmar,manncharvi@example.net,+914766072832,South Delhi,Vasant Kunj,2023-01-23
248,Chakrika Dhawan,kashvi08@example.net,+911009968814,South Delhi,Saket,2024-07-02
249,Hemangini Kakar,jvala@example.org,+913943129087,East Delhi,Mayur Vihar,2024-12-14
250,Bina Bhavsar,guneet39@example.com,05231491357,South Delhi,Vasant Kunj,2024-08-11
251,Falguni Mohan,janyamutti@example.com,+910533645257,North Delhi,Ashok Vihar,2024-10-29
252,Sanaya Parmer,vidhi81@example.org,9142834110,South Delhi,Greater Kailash,2024-05-30
253,Nidhi Kala,ladurmi@example.net,+915639427881,North Delhi,Ashok Vihar,2024-09-12
254,Januja Thakkar,kharenoah@example.net,+917229927503,North Delhi,Model Town,2024-04-12
255,Vincent Bhatnagar,kala30@example.net,+918567700518,West Delhi,Tilak Nagar,2023-01-27
256,Adya Ghosh,xradhakrishnan@example.net,1846386557,North Delhi,Model Town,2024-10-21
257,Abeer Thaker,riagandhi@example.org,+918432225913,East Delhi,Mayur Vihar,2024-11-12
258,Ganga Comar,esrinivas@example.org,2603029922,East Delhi,Mayur Vihar,2024-12-07
259,Manan Bhalla,aarnagole@example.net,09904137977,East Delhi,Vivek Vihar,2024-12-02
260,Theodore Roy,qabilvaidya@example.com,+915799136621,South Delhi,Vasant Kunj,2024-11-25
261,Samaksh Virk,mdoctor@example.org,+917990881172,West Delhi,Rajouri Garden,2023-11-19
262,Raagini Vig,cprabhakar@example.net,6376599162,East Delhi,Mayur Vihar,2024-06-16
263,Vansha Kaul,mandernilima@example.com,+910098180635,South Delhi,Malviya Nagar,2024-11-23
264,Janaki Chhabra,poojakulkarni@example.com,6959463688,East Delhi,Laxmi Nagar,2024-11-28
265,Praneel Prabhakar,tkulkarni@example.net,06213721386,West Delhi,Janakpuri,2024-11-26
266,Charles Dyal,zahluwalia@example.org,+917961143519,North Delhi,Rohini,2024-08-16
267,Leena Rattan,dakshesh27@example.com,+913843098839,West Delhi,Janakpuri,2023-11-23
268,Balendra Parsa,aadidugar@example.org,06566938011,North Delhi,Model Town,2024-06-03
269,Ijaya Palan,upkaar93@example.com,09042681818,North Delhi,Model Town,2024-03-17
270,Harini Dada,zashil76@example.net,03577907141,North Delhi,Civil Lines,2023-10-02
271,Thomas Karpe,nitara58@example.net,+914341651827,North Delhi,Rohini,2024-11-03
272,Irya Kamdar,qadim37@example.net,+913343333952,North Delhi,Rohini,2024-07-21
273,Jagdish Brar,wahuja@example.net,+917595794728,West Delhi,Janakpuri,2024-04-19
274,Mitali Kapadia,chaturavora@example.com,08085627187,South Delhi,Saket,2024-04-28
275,Abhiram Arora,ladlichaudhuri@example.com,09428434795,South Delhi,Greater Kailash,2024-11-09
276,Qarin Tara,akade@example.net,05647292931,East Delhi,Mayur Vihar,2023-11-21
277,Warinder Sankaran,jhayre@example.net,+917026728857,South Delhi,Greater Kailash,2024-08-17
278,Zashil Batta,schaudhary@example.org,+913471754558,North Delhi,Model Town,2024-09-16
279,Hemangini Bahri,wdara@example.net,3998245587,East Delhi,Mayur Vihar,2024-11-12
280,Farhan Raj,ubika22@example.net,06996112535,North Delhi,Pitampura,2024-11-25
281,Bishakha Loke,cmadan@example.com,9876220234,East Delhi,Laxmi Nagar,2024-02-05
282,Shivansh Ganesan,gchauhan@example.org,08006811492,South Delhi,Saket,2024-08-16
283,Madhavi More,yugmander@example.com,2282005577,North Delhi,Rohini,2024-10-17
284,Sai Deshmukh,tanmayisaran@example.net,8457831745,North Delhi,Ashok Vihar,2024-10-14
285,Abha Dugal,advaith08@example.org,04780774064,North Delhi,Pitampura,2024-09-05
286,Abhimanyu Prakash,nishasarkar@example.com,+912663416389,West Delhi,Janakpuri,2024-08-07
287,Bhavani Wali,nitara31@example.org,+914179749735,West Delhi,Rajouri Garden,2024-08-04
288,Max Bawa,grewalharsh@example.com,02703120735,South Delhi,Hauz Khas,2024-10-18
289,Devika Tara,ubika05@example.org,+910461872346,West Delhi,Janakpuri,2024-07-16
290,Jairaj Kothari,psavant@example.net,+913718376452,East Delhi,Vivek Vihar,2024-08-29
291,Jason Kulkarni,mmisra@example.com,+913136502491,South Delhi,Malviya Nagar,2023-08-31
292,Xavier Andra,somanmohammed@example.com,+913271950052,North Delhi,Pitampura,2024-12-02
293,Jeremiah Sura,edhithapalan@example.com,3065240778,East Delhi,Vivek Vihar,2024-11-30
294,Vrishti Gupta,ijayanaik@example.net,04982182744,East Delhi,Preet Vihar,2024-11-01
295,Sudiksha Acharya,bgoyal@example.net,09351863878,East Delhi,Vivek Vihar,2023-11-19
296,Barkha Naidu,hnagy@example.org,1022031731,East Delhi,Mayur Vihar,2024-08-20
297,Lipika Suri,chandran53@example.net,1037170586,West Delhi,Tilak Nagar,2023-01-05
298,Dalbir Lata,bobaldaksha@example.org,+918113863383,East Delhi,Preet Vihar,2024-10-01
299,Ojasvi Cherian,tara61@example.org,+918685289755,West Delhi,Dwarka,2024-01-05
300,Kamya Sachar,mnaik@example.org,8368457760,South Delhi,Hauz Khas,2024-09-01
301,Bhavani Babu,chasmumahuja@example.com,+913504888992,South Delhi,Greater Kailash,2024-02-26
302,Baljiwan Sharma,nachiket24@example.com,3344196931,South Delhi,Greater Kailash,2024-08-01
303,Vasudha Ghose,mchandran@example.net,00961055661,East Delhi,Laxmi Nagar,2024-04-11
304,Advay Raja,modybenjamin@example.com,9258320679,South Delhi,Saket,2024-10-22
305,Tristan Sankaran,meera22@example.com,+917908641686,East Delhi,Vivek Vihar,2024-08-26
306,Krishna Srivastava,vinayarana@example.net,3898331465,North Delhi,Ashok Vihar,2024-12-10
307,Isaiah Sachdev,wpau@example.org,05904259792,South Delhi,Malviya Nagar,2024-08-27
308,Chaitanya Kaur,kashvidugal@example.net,+911039240514,East Delhi,Vivek Vihar,2024-10-23
309,Urishilla Bajaj,shaurya83@example.org,8487920698,East Delhi,Laxmi Nagar,2024-10-10
310,Aadhya Garde,mandersai@example.net,4070164510,West Delhi,Janakpuri,2024-08-10
311,Libni Kashyap,ttrivedi@example.org,07981238780,South Delhi,Vasant Kunj,2024-11-21
312,Yug Wagle,gauri76@example.net,+910555438404,West Delhi,Janakpuri,2024-12-15
313,Ayushman Mammen,maxom@example.com,2168936392,East Delhi,Laxmi Nagar,2024-12-31
314,Devika Narayan,ndeep@example.net,+919832482629,North Delhi,Civil Lines,2024-09-07
315,Eesha Bir,goureesha@example.org,0566474231,South Delhi,Greater Kailash,2024-10-15
316,Qasim Bal,vihaan93@example.org,0517289752,North Delhi,Pitampura,2024-02-16
317,Vyanjana Som,nihalhans@example.org,+916046333127,West Delhi,Janakpuri,2024-12-08
318,Ekta Shankar,prisharavel@example.org,6569998808,West Delhi,Dwarka,2023-08-18
319,Siya Shan,korpalzilmil@example.net,00868034764,West Delhi,Dwarka,2024-12-19
320,Triya Ganesan,nmenon@example.org,8277181298,West Delhi,Paschim Vihar,2024-02-04
321,Maya Sachdev,shravya02@example.com,3714521117,West Delhi,Dwarka,2024-03-21
322,Frederick Viswanathan,nvaidya@example.org,08602592222,South Delhi,Vasant Kunj,2024-11-29
323,Oni Morar,sanaya42@example.org,+913094077780,North Delhi,Pitampura,2024-03-03
324,Wazir Kalla,asetty@example.com,+919903849830,East Delhi,Preet Vihar,2024-08-20
325,Manbir Bhakta,balhaar20@example.net,9451016224,West Delhi,Rajouri Garden,2023-12-20
326,Tamanna Parsa,chanderchandani@example.com,06168147214,North Delhi,Model Town,2024-03-01
327,Odika Vohra,shauryabhardwaj@example.org,8179469548,East Delhi,Vivek Vihar,2024-10-07
328,Kai Taneja,ztailor@example.org,3430107139,East Delhi,Laxmi Nagar,2024-10-28
329,Odika Bath,inaya83@example.org,3441448850,East Delhi,Mayur Vihar,2024-08-28
330,Gauri Om,lbalakrishnan@example.org,05770272785,North Delhi,Rohini,2023-11-14
331,Odika Bhalla,diya88@example.org,+919551240568,East Delhi,Preet Vihar,2024-08-12
332,Lopa Grover,morardivya@example.net,+914617357438,West Delhi,Dwarka,2024-08-13
333,Parth Choudhury,baljiwan31@example.com,0782357845,South Delhi,Greater Kailash,2024-07-07
334,Guneet Varty,sameshbansal@example.com,08104091570,West Delhi,Janakpuri,2024-12-05
335,Devika Bajaj,shaurya53@example.org,04857142241,East Delhi,Mayur Vihar,2024-07-10
336,Yoshita Chaudry,inayanagar@example.com,+914932149587,West Delhi,Dwarka,2024-03-27
337,Kalpit Balakrishnan,gbedi@example.com,+911662997954,South Delhi,Hauz Khas,2024-10-25
338,Rudra Walla,shroffkaran@example.org,7174773329,North Delhi,Civil Lines,2024-04-30
339,Januja Ramanathan,ganganair@example.com,00171577245,South Delhi,Vasant Kunj,2024-08-02
340,Yashoda Chauhan,uchhabra@example.net,1487696393,South Delhi,Malviya Nagar,2023-12-21
341,Vasatika Rajagopalan,oaksathvik@example.net,6695832197,North Delhi,Pitampura,2024-12-10
342,Ubika Nanda,saxenapatrick@example.com,01919657013,West Delhi,Tilak Nagar,2024-12-07
343,Aadi Din,snehawali@example.com,09973354946,West Delhi,Tilak Nagar,2024-08-14
344,Gaurav Anand,sdatta@example.org,08008514036,North Delhi,Ashok Vihar,2024-05-15
345,Eesha Raja,braj@example.net,+912723865624,South Delhi,Greater Kailash,2024-06-30
346,Krish Apte,babumaanas@example.net,06212679692,East Delhi,Vivek Vihar,2024-08-13
347,Yashodhara Samra,wrajagopalan@example.org,+916909738468,East Delhi,Mayur Vihar,2024-10-16
348,Bahadurjit Barad,hpillay@example.net,01284781891,East Delhi,Preet Vihar,2023-10-28
349,Urmi Brahmbhatt,chatresh58@example.org,07879565442,South Delhi,Saket,2023-07-21
350,Daksha Lad,solankiomkaar@example.net,+914904712814,West Delhi,Janakpuri,2024-07-26
351,Kevin Mand,aarini01@example.net,+919275243728,South Delhi,Saket,2024-07-14
352,Hemal Chad,miteshtandon@example.com,03723950410,East Delhi,Vivek Vihar,2023-12-27
353,Ucchal Rastogi,emitra@example.net,3667428604,West Delhi,Paschim Vihar,2024-08-04
354,Lavanya Mutti,chatterjeeirya@example.com,4544149673,West Delhi,Tilak Nagar,2023-09-28
355,Zinal Nazareth,dhritianne@example.net,+911061817534,West Delhi,Janakpuri,2024-04-10
356,Reyansh Bandi,chandadakshesh@example.net,3911192692,East Delhi,Preet Vihar,2024-12-19
357,Qarin Kulkarni,unni17@example.com,05421406650,East Delhi,Laxmi Nagar,2024-12-12
358,Alka Gokhale,fboase@example.org,6271286391,North Delhi,Civil Lines,2024-09-15
359,Aashi Chauhan,boraekavir@example.net,4707200642,South Delhi,Malviya Nagar,2023-01-01
360,Mahika Aggarwal,bsridhar@example.com,1830671985,South Delhi,Vasant Kunj,2024-12-08
361,Chavvi Rattan,chanajasmit@example.net,01743280634,North Delhi,Rohini,2023-12-30
362,Hredhaan Parmer,ochad@example.com,3203093761,East Delhi,Mayur Vihar,2024-07-23
363,Xalak Walla,cbabu@example.com,+915061387829,North Delhi,Rohini,2024-04-30
364,Ekbal Bansal,vrindabahl@example.com,0320204179,South Delhi,Vasant Kunj,2024-03-27
365,Devansh Cherian,tankthomas@example.org,+916565198253,South Delhi,Hauz Khas,2024-12-10
366,Oscar Nayak,daraanusha@example.org,02582739021,West Delhi,Rajouri Garden,2024-01-08
367,Nakul Babu,abuch@example.org,+911946723248,South Delhi,Saket,2024-09-10
368,Nisha Khare,baljiwangole@example.net,09145608331,East Delhi,Preet Vihar,2023-10-07
369,Janaki Zacharia,ucchaljoshi@example.com,+913127722005,West Delhi,Dwarka,2024-12-25
370,Shaurya Saran,gaurika97@example.org,+910822078113,East Delhi,Mayur Vihar,2024-11-10
371,Eshana Saini,eshanakarpe@example.org,03136363179,North Delhi,Ashok Vihar,2024-09-25
372,Chatura Sarin,taraksha@example.org,05273543520,West Delhi,Rajouri Garden,2024-10-11
373,Avni Deshpande,shrofftara@example.com,+915349292983,East Delhi,Mayur Vihar,2024-07-04
374,Nisha Vig,lkalita@example.com,04063356939,West Delhi,Janakpuri,2024-06-18
375,Abdul Sahni,bariaupma@example.net,0686717731,East Delhi,Laxmi Nagar,2023-05-27
376,Niharika Kamdar,jagratimerchant@example.org,1074279907,North Delhi,Ashok Vihar,2024-09-26
377,Lakshit Ravi,kamalashetty@example.net,0165804649,West Delhi,Tilak Nagar,2024-11-25
378,Faris Nayak,varmajanuja@example.org,+916579055281,East Delhi,Laxmi Nagar,2024-10-26
379,Lakshit Natt,ishaansridhar@example.net,3355486401,South Delhi,Greater Kailash,2024-11-19
380,Hemani Sethi,hthaker@example.org,08847951371,East Delhi,Preet Vihar,2024-11-20
381,Mahika Gola,faraj12@example.com,+912723804682,North Delhi,Rohini,2024-12-25
382,Idika Salvi,sbail@example.org,+910385695579,South Delhi,Greater Kailash,2024-12-19
383,Tanvi Modi,daminigarg@example.com,+917540254729,South Delhi,Greater Kailash,2024-09-14
384,Bhavika Gopal,miteshedwin@example.org,+910592745238,South Delhi,Vasant Kunj,2024-09-04
385,Edhitha Padmanabhan,kashishsen@example.net,+918410672752,South Delhi,Greater Kailash,2024-12-01
386,Yashica Narula,urvi49@example.net,+919751702814,North Delhi,Pitampura,2024-12-17
387,Neelima Kannan,fparikh@example.com,+919398343018,East Delhi,Vivek Vihar,2024-11-04
388,Gagan Vala,fhayer@example.com,9805626565,East Delhi,Preet Vihar,2024-08-19
389,Bhavani Pai,darika78@example.org,+917674266299,North Delhi,Ashok Vihar,2024-02-06
390,Maanas Johal,vaishnavi85@example.org,6106462879,East Delhi,Laxmi Nagar,2024-09-28
391,Ryan Grewal,jmann@example.com,+914947873002,North Delhi,Civil Lines,2024-11-14
392,Charita Sodhi,maniomisha@example.org,03014719597,East Delhi,Mayur Vihar,2024-12-28
393,Aarna Soni,prakashyauvani@example.net,0429025725,South Delhi,Hauz Khas,2024-03-17
394,Chatresh Mahajan,oni50@example.com,08183219285,East Delhi,Mayur Vihar,2024-06-24
395,Charvi Madan,gopal89@example.com,+910284576521,East Delhi,Vivek Vihar,2024-12-13
396,Mohammed Thakur,raghavvora@example.net,8167112075,West Delhi,Dwarka,2023-05-20
397,Janani Dewan,wvirk@example.com,+914013223423,West Delhi,Tilak Nagar,2024-12-04
398,Farhan Sandal,brahmbhattanirudh@example.com,00310890714,South Delhi,Saket,2024-12-29
399,Dominic Mitra,charjatin@example.net,+919325012495,East Delhi,Laxmi Nagar,2024-11-20
400,Naveen Tella,yashasvibir@example.org,0833428013,East Delhi,Vivek Vihar,2024-11-25
401,Jeevika Goyal,lchhabra@example.com,06383615171,West Delhi,Tilak Nagar,2024-09-24
402,Warhi Patel,banjeet15@example.com,+916479473864,South Delhi,Hauz Khas,2024-02-29
403,Ranbir Boase,lpillai@example.org,7167811266,West Delhi,Dwarka,2024-11-07
404,Om Bhattacharyya,rushil53@example.net,01367499465,South Delhi,Greater Kailash,2024-07-24
405,Nidhi Sundaram,manan71@example.org,07732010170,West Delhi,Paschim Vihar,2024-07-08
406,Lavanya Narain,chavvichar@example.org,8773477848,South Delhi,Hauz Khas,2024-09-19
407,Andrew Balay,ydani@example.com,06770028427,West Delhi,Dwarka,2023-07-17
408,Krish Muni,wsura@example.org,7889778280,South Delhi,Vasant Kunj,2024-12-04
409,Adya Talwar,xpandit@example.com,00090255905,South Delhi,Greater Kailash,2023-11-23
410,Gunbir Sangha,ishanvi65@example.org,3334911415,West Delhi,Rajouri Garden,2024-09-03
411,Anmol Yohannan,baljiwan76@example.net,6407905696,North Delhi,Rohini,2024-08-13
412,Guneet Suresh,jhagayathri@example.com,5294563718,North Delhi,Rohini,2024-11-08
413,Bhavna Lanka,mishraneelima@example.org,1919541987,South Delhi,Greater Kailash,2024-09-24
414,Shaurya Palan,mittalyamini@example.com,08536649878,South Delhi,Saket,2023-11-12
415,Anirudh Varty,xalakkala@example.net,7489690835,South Delhi,Malviya Nagar,2024-12-28
416,Manbir Khosla,charitasaran@example.com,01364424936,South Delhi,Malviya Nagar,2024-03-03
417,Ishaan Doctor,ayaankorpal@example.com,07866032420,North Delhi,Model Town,2024-08-08
418,Arunima Goda,sunderanmol@example.org,+915941651623,North Delhi,Model Town,2024-05-16
419,Xiti Dara,watika13@example.net,+915596363212,North Delhi,Model Town,2024-12-04
420,Anvi Sarraf,lkumar@example.org,08515867342,East Delhi,Laxmi Nagar,2024-11-06
421,Vaishnavi Pillai,ansh90@example.net,0348645183,East Delhi,Vivek Vihar,2024-11-10
422,Lipika Anand,tkumer@example.org,+914327560417,North Delhi,Rohini,2024-08-31
423,Nitara Natarajan,kchaudhry@example.net,08156985700,South Delhi,Malviya Nagar,2024-02-08
424,Sachi Deshpande,rattanryan@example.net,05911238296,North Delhi,Ashok Vihar,2024-04-10
425,Siya Sridhar,abhaghose@example.net,5431652669,South Delhi,Saket,2024-11-29
426,Ansh Bajaj,gauravshere@example.org,02069694215,East Delhi,Laxmi Nagar,2024-12-16
427,Jacob Atwal,rsetty@example.com,+913334476263,West Delhi,Dwarka,2024-11-11
428,Barkha Gulati,agole@example.org,+914439735971,North Delhi,Civil Lines,2024-10-31
429,Upasna Deol,mitali36@example.net,09411800537,West Delhi,Paschim Vihar,2024-05-17
430,Chakradev Ahluwalia,yamini96@example.com,05280924287,East Delhi,Vivek Vihar,2024-08-03
431,Upadhriti Deo,nadigrachita@example.org,01502745644,South Delhi,Malviya Nagar,2024-09-03
432,Zansi Munshi,ugala@example.net,02870320320,South Delhi,Vasant Kunj,2024-08-14
433,Abha Gade,hsarin@example.com,+917587771215,East Delhi,Mayur Vihar,2024-02-04
434,Samar Mander,omtrivedi@example.com,9390892613,North Delhi,Civil Lines,2024-07-21
435,Girindra Narasimhan,manejairaj@example.com,09152017774,South Delhi,Hauz Khas,2024-04-10
436,Forum Bassi,unair@example.net,2304501896,North Delhi,Rohini,2024-12-17
437,Mohini Kumer,wriddhishrastogi@example.org,+913266421476,North Delhi,Rohini,2024-08-30
438,Karan Parmer,pillaiyauvani@example.org,07674996165,East Delhi,Vivek Vihar,2024-09-20
439,Radha Sandhu,bariayochana@example.com,03278814761,East Delhi,Mayur Vihar,2024-02-28
440,Charita Dixit,charitakothari@example.net,04908108186,North Delhi,Ashok Vihar,2024-06-01
441,Girindra Shetty,isha49@example.org,0172260164,South Delhi,Saket,2024-12-12
442,Suhani Sengupta,harita23@example.org,+919416800610,North Delhi,Ashok Vihar,2024-03-10
443,Vansha Sharma,tsur@example.net,5641220310,North Delhi,Pitampura,2024-03-26
444,Avi Kadakia,pdhillon@example.org,08314727601,North Delhi,Rohini,2024-11-25
445,Michael Saxena,bsinha@example.com,3349605016,South Delhi,Greater Kailash,2024-05-08
446,Warhi Mannan,suramugdha@example.com,9973080695,North Delhi,Rohini,2024-06-21
447,Amrita Sahni,fdada@example.net,5760243757,South Delhi,Hauz Khas,2023-11-07
448,Yashica Kanda,upadhriti24@example.net,6657293417,West Delhi,Dwarka,2023-01-01
449,Oscar Iyengar,vyanjanachaudhuri@example.com,04338005452,North Delhi,Model Town,2024-12-24
450,Yahvi Balay,nazarethqushi@example.org,3183745508,South Delhi,Hauz Khas,2024-11-26
451,Matthew Varma,bediraksha@example.com,+911991808121,North Delhi,Model Town,2024-10-25
452,Janaki Dugar,riya87@example.net,+912552137603,East Delhi,Laxmi Nagar,2024-05-09
453,Harita Mangat,fredericklata@example.com,6532863266,East Delhi,Vivek Vihar,2024-12-09
454,Tara Varty,ayushman72@example.org,8115562606,East Delhi,Mayur Vihar,2024-03-21
455,Matthew Bhardwaj,oni68@example.com,5504892673,East Delhi,Preet Vihar,2024-12-21
456,Hemani Ravel,charvichad@example.org,5628843188,East Delhi,Preet Vihar,2024-08-20
457,Harini Dutta,balaaarna@example.org,06810548510,East Delhi,Laxmi Nagar,2024-06-25
458,Saumya Misra,settyharinakshi@example.org,9989354492,West Delhi,Dwarka,2024-08-05
459,Zinal Kota,narangzaitra@example.net,+915712661106,North Delhi,Model Town,2023-12-08
460,Vamakshi Kala,xbrahmbhatt@example.net,6988649767,East Delhi,Vivek Vihar,2024-09-18
461,Omaja Gaba,yashasvidatta@example.com,7288137702,East Delhi,Vivek Vihar,2024-08-01
462,Jagat Rege,darakala@example.net,00821545447,West Delhi,Rajouri Garden,2024-08-14
463,Luke Dhar,tbava@example.com,+912701851067,South Delhi,Hauz Khas,2024-05-05
464,Sneha Nazareth,usoman@example.net,+912877725199,North Delhi,Pitampura,2024-07-12
465,Lila Kaul,inori@example.org,7412094818,South Delhi,Saket,2024-12-27
466,Reyansh Bera,vamakshithakkar@example.org,+918204339718,South Delhi,Saket,2024-12-28
467,Neelima Bath,vbajaj@example.com,+916085641118,East Delhi,Laxmi Nagar,2024-08-18
468,Bhavika Dhawan,aadhyachakraborty@example.org,06209520046,West Delhi,Dwarka,2024-12-18
469,Ekaja Dhar,qnaik@example.com,+910339937886,South Delhi,Vasant Kunj,2024-12-22
470,Amruta Bhat,ucchal86@example.org,00630489138,North Delhi,Pitampura,2024-12-25
471,Daksha Ray,ochacko@example.net,+912582386870,West Delhi,Rajouri Garden,2024-07-28
472,Ucchal Mann,aadibhasin@example.com,09465398402,West Delhi,Rajouri Garden,2024-04-12
473,Charita Chakraborty,idas@example.net,4639855474,North Delhi,Ashok Vihar,2024-05-05
474,Ekanta Om,triptinarasimhan@example.org,2097002687,South Delhi,Hauz Khas,2024-12-10
475,Finn Brahmbhatt,saxenajatin@example.com,09562017537,South Delhi,Saket,2024-10-29
476,Timothy Bahri,ishita31@example.net,4337504793,South Delhi,Malviya Nagar,2024-12-24
477,Rohan Randhawa,mallxiti@example.com,+918399921921,North Delhi,Pitampura,2023-01-01
478,Aashi Kari,rehaan08@example.net,08706056641,North Delhi,Rohini,2024-10-03
479,Warhi Pathak,kapurchampak@example.com,08750635190,West Delhi,Paschim Vihar,2023-06-17
480,Pallavi Borde,ronithgala@example.com,01107609543,North Delhi,Pitampura,2024-11-08
481,Urvashi Khare,chatura58@example.org,+919971791100,West Delhi,Dwarka,2023-11-06
482,Dhriti Bhattacharyya,davidsathe@example.org,09611080466,South Delhi,Hauz Khas,2024-05-01
483,Nirja Kaul,settyleena@example.com,09915078593,West Delhi,Dwarka,2024-09-30
484,Harshil Arora,harijonathan@example.net,4567972320,North Delhi,Pitampura,2024-02-16
485,Joshua Muni,pvarghese@example.com,09822749545,South Delhi,Saket,2024-12-23
486,Zarna Dhillon,khannayashica@example.net,+916533315377,North Delhi,Model Town,2024-12-25
487,Gautami Mistry,knarasimhan@example.org,00730337933,South Delhi,Greater Kailash,2024-02-21
488,Garima Prashad,mugdhagour@example.org,00150812473,North Delhi,Pitampura,2024-07-06
489,Caleb Balan,rudramander@example.org,+914258323024,East Delhi,Laxmi Nagar,2024-08-22
490,Ansh Devan,vchoudhry@example.org,07355289611,West Delhi,Janakpuri,2024-08-19
491,Kalpit Gupta,kritikaprasad@example.com,6309938425,East Delhi,Preet Vihar,2024-08-23
492,Chatresh Mammen,yashodasuresh@example.org,1791286857,South Delhi,Hauz Khas,2024-12-01
493,Praneel Nagy,vasudha77@example.com,6903337363,West Delhi,Dwarka,2024-11-16
494,Pavani Purohit,kavyakumar@example.net,+912147853907,West Delhi,Tilak Nagar,2024-08-15
495,Pooja Seshadri,asankaran@example.com,05460273415,North Delhi,Ashok Vihar,2024-07-28
496,Chaitaly Thaker,malhotravedant@example.org,+911508353544,South Delhi,Greater Kailash,2023-12-20
497,Rayaan Devi,abhiram44@example.com,06907826333,East Delhi,Mayur Vihar,2024-12-07
498,Vivaan Varty,vshenoy@example.org,03663778052,North Delhi,Civil Lines,2023-06-20
499,Dalaja Andra,vpant@example.org,06684590902,West Delhi,Janakpuri,2024-03-08
500,Ganga Raman,zjayaraman@example.org,6371597412,West Delhi,Rajouri Garden,2024-08-09
501,Peter Balay,lbala@example.org,+916433481705,East Delhi,Preet Vihar,2024-09-28
502,Onveer Narain,kraman@example.org,+918671632346,East Delhi,Preet Vihar,2024-11-07
503,Nathan Mukherjee,yadavishanker@example.com,+910271693859,North Delhi,Model Town,2024-08-17
504,Triveni Shere,chandbhavna@example.net,05469263296,North Delhi,Ashok Vihar,2024-12-11
505,Leena Goswami,ramaswamycaleb@example.org,+914841376815,West Delhi,Tilak Nagar,2023-01-01
506,Henry Thaman,nimrat72@example.com,+918070176563,South Delhi,Malviya Nagar,2024-09-05
507,Baljiwan Anne,ishwar25@example.net,7771183727,North Delhi,Civil Lines,2024-02-22
508,Neel Garde,chaudhrypeter@example.com,+918621042752,West Delhi,Janakpuri,2024-08-12
509,Bakhshi Walia,riyabatta@example.net,1647090063,North Delhi,Pitampura,2024-05-07
510,Kavya Khare,gavinbabu@example.com,+910531312206,West Delhi,Dwarka,2024-01-02
511,Eta Naidu,sarthakrana@example.com,+913315520650,West Delhi,Rajouri Garden,2024-12-01
512,Simon Shanker,dominicmallick@example.net,5013649718,West Delhi,Rajouri Garden,2024-10-19
513,Zayan Chandran,lipika25@example.org,5715099768,North Delhi,Rohini,2023-09-10
514,Yahvi Arya,anshdash@example.com,+916391025743,West Delhi,Dwarka,2024-04-24
515,Keya Jayaraman,khannasachi@example.net,02450864035,East Delhi,Laxmi Nagar,2023-12-15
516,Xavier Jha,kotharitristan@example.net,08527017130,South Delhi,Hauz Khas,2024-12-26
517,Samarth Dass,ghosesamarth@example.org,1674233629,East Delhi,Preet Vihar,2024-12-07
518,Chavvi Mangal,rjaggi@example.com,+915662776896,East Delhi,Laxmi Nagar,2024-05-01
519,Vasatika Bahri,fsane@example.com,8282467474,East Delhi,Preet Vihar,2024-02-29
520,Vasana Bora,laban73@example.org,+910085766656,South Delhi,Malviya Nagar,2024-08-26
521,Darika Bobal,hbarad@example.com,2364587506,East Delhi,Preet Vihar,2024-11-01
522,Yatin Kibe,xbanerjee@example.net,0249724399,South Delhi,Greater Kailash,2023-01-16
523,Advik Dada,rajagopalanmitali@example.net,1836264488,North Delhi,Model Town,2024-07-04
524,Darika Sabharwal,choprahemangini@example.org,03640270116,West Delhi,Tilak Nagar,2024-04-03
525,Bhavya Sankar,patrickprasad@example.org,2372817932,South Delhi,Greater Kailash,2024-04-18
526,Daniel Goswami,aashirege@example.com,9121416141,South Delhi,Hauz Khas,2023-05-18
527,Ayushman Keer,rsundaram@example.org,+910409013806,East Delhi,Vivek Vihar,2024-07-04
528,Vedika Solanki,pushti55@example.net,05356690551,South Delhi,Malviya Nagar,2024-12-12
529,Tanmayi Ratti,atharvdas@example.net,03579786305,West Delhi,Paschim Vihar,2024-06-05
530,Jagvi Bath,sachi39@example.com,09156716493,South Delhi,Vasant Kunj,2024-10-28
531,Zinal Thaman,dattawidisha@example.org,08727178333,North Delhi,Ashok Vihar,2024-12-19
532,Gaurav Cherian,kbalakrishnan@example.com,04347128715,South Delhi,Hauz Khas,2024-12-21
533,Dhruv Oza,praj@example.net,6334141115,West Delhi,Dwarka,2024-01-22
534,Jack Pillai,dhritirai@example.net,0409836655,South Delhi,Malviya Nagar,2024-09-16
535,Zinal Kapadia,ranaaditya@example.net,05243772942,East Delhi,Mayur Vihar,2024-07-22
536,Ekaja More,mahalvanya@example.net,+917460523302,West Delhi,Tilak Nagar,2024-12-27
537,Manya Mistry,anthonyramanathan@example.com,07566184438,South Delhi,Greater Kailash,2024-11-09
538,Gunbir Deep,chatura47@example.net,+919277423330,East Delhi,Preet Vihar,2024-11-30
539,Harsh Divan,rsane@example.org,+911572018596,South Delhi,Malviya Nagar,2023-07-31
540,Netra Konda,daniwridesh@example.com,04926176475,East Delhi,Laxmi Nagar,2024-01-20
541,Jagdish Dada,daravrinda@example.net,8309997419,East Delhi,Mayur Vihar,2024-02-21
542,Leena Sule,kmisra@example.org,+915182606888,East Delhi,Vivek Vihar,2024-02-06
543,Devansh Venkataraman,johaljacob@example.org,2087510293,East Delhi,Preet Vihar,2024-11-14
544,Gagan Kunda,chadjeet@example.net,05826034084,East Delhi,Mayur Vihar,2024-01-02
545,Logan Swaminathan,indira98@example.net,+911030324329,South Delhi,Vasant Kunj,2024-12-26
546,Jagrati Mall,pahalborde@example.net,04626714628,North Delhi,Pitampura,2023-10-26
547,Ekavir Luthra,kashishvaidya@example.net,+916256609314,North Delhi,Civil Lines,2023-05-11
548,Imaran Ray,narayangaurav@example.com,04234016361,East Delhi,Laxmi Nagar,2024-09-17
549,Parth Vyas,vrishti18@example.com,9484910256,East Delhi,Laxmi Nagar,2024-10-23
550,Hemani Wali,lsood@example.org,00822269405,South Delhi,Saket,2024-11-18
551,Omya Shankar,revapandya@example.com,4468341465,West Delhi,Rajouri Garden,2024-06-25
552,Fariq Bose,girikgandhi@example.net,+911487068277,West Delhi,Janakpuri,2024-01-07
553,Nidra Atwal,abhimanyusandal@example.net,5389097283,West Delhi,Dwarka,2023-04-21
554,Falan Peri,yoshitapandit@example.org,07625153814,South Delhi,Hauz Khas,2024-01-01
555,Vasudha Memon,tanay09@example.com,+914807970509,North Delhi,Civil Lines,2024-01-31
556,Falguni Misra,hredhaan05@example.net,+916501673188,West Delhi,Dwarka,2024-03-20
557,Nirja Dasgupta,jamble@example.net,03765456284,West Delhi,Tilak Nagar,2023-10-21
558,Reva Sarna,loganpandya@example.net,00531340266,South Delhi,Greater Kailash,2024-11-25
559,Azad Dyal,varenyalata@example.org,07872568621,East Delhi,Laxmi Nagar,2024-12-31
560,Ansh Date,hemanginitella@example.org,3056906744,East Delhi,Laxmi Nagar,2024-07-16
561,Fitan Sanghvi,michaelvaidya@example.org,+914143637189,West Delhi,Paschim Vihar,2024-08-06
562,Ranbir Dixit,jaideo@example.com,+914326093106,West Delhi,Rajouri Garden,2024-11-30
563,Damini Kashyap,gayathrisandhu@example.com,+918604145456,South Delhi,Malviya Nagar,2024-11-05
564,Ekaja Batta,banjeetacharya@example.org,5347491624,West Delhi,Dwarka,2023-01-01
565,Januja Natt,isaac10@example.net,2555989534,North Delhi,Pitampura,2024-12-18
566,Leena Chahal,dejai@example.org,3371189547,West Delhi,Janakpuri,2024-09-05
567,Mitesh Bassi,rehaansahota@example.net,4855716176,East Delhi,Preet Vihar,2024-10-30
568,Ojas Mahal,bimalabath@example.net,+913678812786,North Delhi,Rohini,2024-01-12
569,Nandini Magar,qarinaggarwal@example.org,3908788443,South Delhi,Hauz Khas,2024-12-24
570,Amrita Dani,udarshbath@example.net,+914024240338,South Delhi,Greater Kailash,2024-12-12
571,Aarav Palan,ekta18@example.com,2694500534,North Delhi,Ashok Vihar,2023-01-01
572,Aahana Babu,rajaaarini@example.net,9837354396,West Delhi,Paschim Vihar,2024-05-27
573,Sanaya Kata,jpillay@example.com,+917272239724,South Delhi,Saket,2024-10-21
574,Dayita Gaba,meeraguha@example.org,+911637618209,South Delhi,Hauz Khas,2024-12-15
575,Krishna Rajagopalan,choudharyagastya@example.net,+912314290018,North Delhi,Rohini,2024-02-22
576,Frederick Jain,varshasawhney@example.org,05723084810,South Delhi,Saket,2023-02-18
577,Harshil Minhas,vaidyaojasvi@example.org,+913036625436,South Delhi,Saket,2024-03-16
578,Vyanjana Gara,kapurharsh@example.com,01951510922,South Delhi,Saket,2024-11-29
579,Gaurika Golla,qdoctor@example.net,09451475410,North Delhi,Civil Lines,2024-12-08
580,Manan Nagarajan,madhavisekhon@example.net,01196421522,East Delhi,Preet Vihar,2024-07-22
581,Ira Nagar,esamra@example.net,09523668788,North Delhi,Rohini,2024-05-23
582,Victor Rajagopalan,samatheodore@example.net,+913503058721,West Delhi,Janakpuri,2024-07-08
583,Ikshita Patel,chaitalysharma@example.org,6333021260,West Delhi,Dwarka,2024-09-03
584,Kamya Bhagat,borahvansha@example.net,+910252131096,East Delhi,Vivek Vihar,2024-08-09
585,Qabil Singhal,chandanisinghal@example.com,5704120092,South Delhi,Saket,2024-03-31
586,Advay Randhawa,jsha@example.net,09843624186,East Delhi,Mayur Vihar,2024-12-24
587,Siddharth Rattan,kandamanya@example.org,8917756620,West Delhi,Janakpuri,2024-09-19
588,Panini Hayer,ikbal11@example.com,5034281139,South Delhi,Vasant Kunj,2024-11-10
589,Dayamai Guha,bachittarkhosla@example.com,+919909700514,North Delhi,Rohini,2023-12-28
590,Ishanvi Mandal,mtella@example.com,05215681820,South Delhi,Greater Kailash,2023-03-02
591,Vansha Barad,neel27@example.org,1332288985,West Delhi,Tilak Nagar,2024-11-25
592,Karan Nori,jagvi96@example.org,6339912971,East Delhi,Laxmi Nagar,2024-06-21
593,Luke More,taragirindra@example.com,02421495511,East Delhi,Vivek Vihar,2024-08-08
594,Triveni Kuruvilla,wkunda@example.com,2197054669,South Delhi,Greater Kailash,2024-11-15
595,Ridhi Peri,kashvi16@example.net,04090380214,West Delhi,Rajouri Garden,2024-08-31
596,Nathan Rastogi,kapoorlipika@example.com,1577871121,West Delhi,Janakpuri,2024-09-30
597,Rachita Iyengar,enarasimhan@example.com,09737147082,North Delhi,Pitampura,2024-09-25
598,Madhav Kala,azad96@example.org,06730306442,East Delhi,Laxmi Nagar,2024-02-05
599,Lucky Biswas,nidhi14@example.net,06834201654,North Delhi,Pitampura,2024-05-12
600,Rushil Palla,esubramaniam@example.net,2659608931,North Delhi,Ashok Vihar,2024-07-06
601,Ekiya Nadig,doratara@example.org,05164807279,West Delhi,Paschim Vihar,2024-04-13
602,Balhaar Kamdar,oshaganesan@example.net,03533905504,West Delhi,Janakpuri,2024-01-03
603,Yadavi Dash,ashah@example.com,05868512765,West Delhi,Rajouri Garden,2024-09-19
604,Nicholas Sarin,qmane@example.net,6491111096,North Delhi,Model Town,2024-09-02
605,Watika Chaudhry,lthakur@example.org,4633786137,South Delhi,Saket,2024-03-23
606,Indali Shetty,arandhawa@example.com,+918444463060,East Delhi,Preet Vihar,2023-01-01
607,Atharv Dube,zilmil95@example.com,+919638639609,South Delhi,Malviya Nagar,2024-11-19
608,Kabir Ramakrishnan,nehanadkarni@example.net,+916312819648,North Delhi,Model Town,2024-07-05
609,Ekantika Jani,chanderatharv@example.com,+919209819602,East Delhi,Laxmi Nagar,2024-12-06
610,Ishita Grover,tristanmishra@example.org,3640412091,West Delhi,Paschim Vihar,2023-10-27
611,Tripti Das,dharbarkha@example.com,+911175361706,East Delhi,Preet Vihar,2024-11-13
612,Vidhi Bose,oniprashad@example.com,7224029901,South Delhi,Saket,2024-11-26
613,Idika Sule,duttaachal@example.org,+919080882351,North Delhi,Pitampura,2024-09-19
614,Ayushman Narang,thomaschacko@example.net,2447315847,South Delhi,Vasant Kunj,2024-09-29
615,Rajata Vala,qhans@example.org,+914619942376,South Delhi,Hauz Khas,2024-06-19
616,Pallavi Magar,hritik96@example.com,+919551720849,East Delhi,Preet Vihar,2024-06-24
617,Chaaya Wali,mitali01@example.org,06253135525,North Delhi,Rohini,2024-10-01
618,Aditya Nagar,narasimhantanay@example.com,5381649383,East Delhi,Laxmi Nagar,2024-12-30
619,Arunima Borde,usaran@example.com,+913077046117,North Delhi,Ashok Vihar,2024-12-06
620,Eta Rajagopal,anshmane@example.org,9074260880,North Delhi,Civil Lines,2023-12-10
621,Amol Boase,zchandran@example.com,4455618579,South Delhi,Saket,2024-09-15
622,Maya Misra,ptak@example.org,09103002156,West Delhi,Rajouri Garden,2024-09-21
623,Onkar Chakrabarti,jyotiyogi@example.org,0401041459,West Delhi,Dwarka,2023-07-16
624,Anamika Garde,trivenidar@example.org,02967188397,North Delhi,Ashok Vihar,2024-10-07
625,Avni Nagy,fkara@example.com,01583311703,East Delhi,Laxmi Nagar,2024-10-13
626,Tarak Sidhu,fguha@example.org,03988547281,West Delhi,Tilak Nagar,2024-04-01
627,Theodore Patla,nsethi@example.net,+916314624912,West Delhi,Paschim Vihar,2024-09-16
628,Hredhaan Choudhary,amolsharma@example.org,00787541815,East Delhi,Mayur Vihar,2024-08-06
629,Simon Dora,bthakkar@example.net,00745106634,East Delhi,Laxmi Nagar,2024-12-25
630,Neha Goda,wakeeta86@example.org,0313100943,South Delhi,Saket,2024-12-08
631,Harrison Majumdar,nidhiramanathan@example.com,+913473235494,North Delhi,Ashok Vihar,2024-12-22
632,Girindra Goyal,smody@example.org,+915122572076,North Delhi,Civil Lines,2024-09-14
633,Ansh Goel,faraj20@example.net,07907371009,North Delhi,Civil Lines,2024-10-24
634,Vedant Vohra,mananchandra@example.org,05775847457,North Delhi,Civil Lines,2024-12-24
635,Ira Mitra,zarna97@example.org,08026325703,South Delhi,Vasant Kunj,2023-01-01
636,Jagvi Jhaveri,harikrishna@example.net,+914878245569,West Delhi,Dwarka,2024-12-31
637,Anya More,benjaminvenkatesh@example.net,09167954107,South Delhi,Hauz Khas,2024-07-01
638,Unnati Doctor,nicholas47@example.com,+914070349107,North Delhi,Civil Lines,2024-09-02
639,Abdul Sani,aadi04@example.org,04882142369,West Delhi,Paschim Vihar,2024-12-07
640,Bina Kanda,solankiisha@example.org,6661449429,South Delhi,Malviya Nagar,2024-12-04
641,Ekantika Dewan,zashildeshmukh@example.com,3441497826,South Delhi,Saket,2024-05-08
642,Gopal Devi,gmunshi@example.net,5756766708,West Delhi,Janakpuri,2024-11-24
643,Oviya Chakrabarti,chasmumkibe@example.net,5298940626,East Delhi,Vivek Vihar,2024-12-01
644,Turvi Vasa,fbhagat@example.org,01591497501,South Delhi,Malviya Nagar,2023-05-16
645,Samarth Varty,warhideshpande@example.org,2440793110,East Delhi,Preet Vihar,2024-06-19
646,Jai Venkatesh,kotasamarth@example.org,00876014672,East Delhi,Preet Vihar,2024-10-08
647,Abha Sarna,sankaranmadhav@example.net,+912232883774,South Delhi,Saket,2024-11-11
648,Harish Tailor,anvi66@example.net,+917662047196,South Delhi,Hauz Khas,2024-12-26
649,Chavvi Bandi,wbasak@example.org,07402588358,West Delhi,Rajouri Garden,2024-06-04
650,Yochana Bhatnagar,maxpandey@example.net,9572446176,North Delhi,Rohini,2024-11-18
651,Pranit Tripathi,kai59@example.net,09961002311,West Delhi,Tilak Nagar,2024-06-17
652,Vamakshi Naik,warjascheema@example.org,6610941017,North Delhi,Model Town,2024-10-15
653,Ayushman Ghosh,hritik76@example.org,9833477433,South Delhi,Saket,2024-07-17
654,Radha Wadhwa,gabrielbajwa@example.net,1302056981,East Delhi,Laxmi Nagar,2024-01-04
655,Qasim Wable,ngupta@example.net,08559821766,North Delhi,Pitampura,2024-04-01
656,Farhan Datta,harrison17@example.org,+919850344651,North Delhi,Rohini,2024-12-11
657,Bhavna Borde,zarnatella@example.com,09081974005,South Delhi,Malviya Nagar,2024-04-15
658,Advika Iyer,daniel23@example.net,5037199051,West Delhi,Dwarka,2024-03-10
659,Faris Srinivas,anikabarman@example.org,+917835674300,South Delhi,Malviya Nagar,2024-03-19
660,Rohan Warrior,jbadami@example.com,+916626682171,East Delhi,Laxmi Nagar,2024-02-29
661,Indira Hari,rajeshri03@example.org,+919036890030,West Delhi,Rajouri Garden,2024-10-21
662,Dakshesh Date,sgole@example.org,05934296711,North Delhi,Ashok Vihar,2024-07-15
663,Zashil Jha,oparikh@example.com,4584384588,East Delhi,Laxmi Nagar,2024-10-06
664,Chatura Pal,rsunder@example.org,+912834831520,North Delhi,Rohini,2024-07-21
665,Ria Setty,bailwishi@example.org,04964104967,West Delhi,Rajouri Garden,2024-09-17
666,Lavanya Rajagopalan,obasu@example.org,02680408509,South Delhi,Saket,2024-07-25
667,Adweta Kalita,omradha@example.com,0186487699,West Delhi,Janakpuri,2024-04-19
668,Nicholas Raj,ikhanna@example.org,04138459609,North Delhi,Civil Lines,2024-08-13
669,Janaki Luthra,advik14@example.net,5427707070,West Delhi,Janakpuri,2024-09-05
670,Varsha Kamdar,lbhardwaj@example.org,09851724447,North Delhi,Pitampura,2024-10-17
671,Utkarsh Ghosh,chandrankaul@example.org,0287950830,West Delhi,Tilak Nagar,2024-10-01
672,Aarini Babu,chaitanya93@example.com,+911871813359,North Delhi,Ashok Vihar,2024-09-06
673,Ojasvi Bora,jmandal@example.org,09556574902,East Delhi,Vivek Vihar,2024-08-10
674,Chaitanya Mannan,atharvcherian@example.net,+915889536902,South Delhi,Saket,2024-05-19
675,Farhan Brahmbhatt,yahvisahota@example.net,1809788754,East Delhi,Laxmi Nagar,2024-02-24
676,Chaaya Kohli,xavier53@example.com,01376515881,East Delhi,Mayur Vihar,2023-11-19
677,Veda Karpe,osahota@example.net,+918369294455,North Delhi,Ashok Vihar,2023-06-24
678,Finn Rege,jtiwari@example.net,03270216487,West Delhi,Dwarka,2024-10-06
679,Jonathan Bandi,sbajwa@example.org,+912886652683,West Delhi,Tilak Nagar,2024-09-05
680,Jagat Nayar,hritik01@example.net,07676472298,East Delhi,Preet Vihar,2024-11-29
681,Max Amble,sudiksha65@example.com,+918941347509,West Delhi,Tilak Nagar,2024-11-01
682,Bhavika Naidu,wnagar@example.org,+910368499515,East Delhi,Laxmi Nagar,2024-03-14
683,Noah Dani,anusha77@example.org,+914491342138,East Delhi,Vivek Vihar,2024-10-25
684,Ayaan Baral,abeersuresh@example.org,03496782741,West Delhi,Janakpuri,2024-10-01
685,Sai Sankaran,flall@example.org,01513152854,North Delhi,Ashok Vihar,2024-02-24
686,Yochana Borah,balvan61@example.net,5380032963,South Delhi,Greater Kailash,2024-12-08
687,Alka Singhal,vedhikagrover@example.net,04231830617,West Delhi,Janakpuri,2024-03-17
688,Pranav Barad,nlall@example.com,9357824347,East Delhi,Mayur Vihar,2024-10-30
689,Manya Parikh,gmerchant@example.org,+914675361275,North Delhi,Model Town,2024-11-25
690,Idika Rao,vedasuresh@example.net,03044836085,West Delhi,Paschim Vihar,2024-09-23
691,Eesha Sabharwal,bsathe@example.com,00473504763,South Delhi,Hauz Khas,2024-10-08
692,Samuel Choudhary,kai98@example.org,0615581083,North Delhi,Model Town,2024-12-10
693,Rushil Dugar,skarnik@example.org,05638300081,North Delhi,Pitampura,2023-12-09
694,Vedhika Basak,barkhamitra@example.org,+913041662411,North Delhi,Model Town,2024-11-19
695,Yamini Sagar,auroramax@example.org,9639456804,South Delhi,Saket,2024-10-12
696,Tara Jain,lallaurishilla@example.com,06136847488,South Delhi,Hauz Khas,2024-11-13
697,Lavanya Badal,xramesh@example.net,1739063757,North Delhi,Ashok Vihar,2024-11-04
698,Deepa Natarajan,fiyazchandran@example.net,+913793126978,East Delhi,Vivek Vihar,2024-09-23
699,Daniel Tak,nisha45@example.org,+915996043878,South Delhi,Hauz Khas,2024-12-13
700,Dhriti Keer,triya78@example.net,1161620281,West Delhi,Janakpuri,2024-09-14
701,Rudra Sarma,baradpanini@example.com,+918728660416,South Delhi,Malviya Nagar,2024-11-28
702,Anika Virk,kamya92@example.org,08395894773,East Delhi,Vivek Vihar,2024-01-09
703,Krishna Gala,uanne@example.com,+912710433187,East Delhi,Laxmi Nagar,2024-12-13
704,Girindra Bhat,edugar@example.com,8350344694,West Delhi,Tilak Nagar,2024-06-30
705,Neha Kumar,farasdua@example.org,3424912896,West Delhi,Dwarka,2024-11-14
706,Aradhana Solanki,omagate@example.org,+911922270510,South Delhi,Malviya Nagar,2024-07-22
707,Yasti Sarraf,usodhi@example.com,1386667548,South Delhi,Hauz Khas,2023-01-01
708,Farhan Kala,arunimadhar@example.com,7741865205,East Delhi,Mayur Vihar,2024-06-01
709,Hiral Samra,rayaanraja@example.com,+910375830945,East Delhi,Preet Vihar,2024-09-22
710,Jyoti Kulkarni,mahajanbahadurjit@example.net,07604409079,East Delhi,Laxmi Nagar,2024-06-02
711,Vritti Ghose,cchawla@example.com,+919222161070,East Delhi,Vivek Vihar,2024-12-07
712,Gunbir Mall,anaynatarajan@example.net,02958066013,East Delhi,Vivek Vihar,2024-05-14
713,Amara Chacko,sachibasu@example.com,3862044851,South Delhi,Malviya Nagar,2024-12-17
714,Unnati Chadha,hchakrabarti@example.org,+911259020357,West Delhi,Tilak Nagar,2023-11-23
715,Yatin Morar,kevinmukherjee@example.org,04242956334,East Delhi,Laxmi Nagar,2024-10-22
716,Peter Merchant,ria41@example.com,09558720962,East Delhi,Preet Vihar,2024-10-14
717,Radha Palan,sarthak58@example.net,4183437401,West Delhi,Tilak Nagar,2024-08-22
718,Vaishnavi Dey,xnaidu@example.net,09051502675,South Delhi,Vasant Kunj,2024-03-16
719,Harish Grover,damini27@example.net,+910797996673,East Delhi,Vivek Vihar,2024-08-14
720,Kashvi Nazareth,trattan@example.org,+918166496902,South Delhi,Saket,2024-06-09
721,Charita Viswanathan,liamde@example.net,00142576270,West Delhi,Tilak Nagar,2024-09-13
722,Sai Gera,damyanti12@example.org,+916132850725,South Delhi,Saket,2023-01-01
723,Urishilla Ramesh,urmipuri@example.com,3162526546,South Delhi,Hauz Khas,2023-01-01
724,Ekbal Palan,obala@example.net,+913555809961,East Delhi,Preet Vihar,2024-10-19
725,Lakshit Tata,chaitanyakakar@example.com,01562624467,South Delhi,Vasant Kunj,2024-12-15
726,Advika Sama,nihalrao@example.net,1715160252,North Delhi,Pitampura,2024-07-03
727,Suhani Apte,bratti@example.org,06419785758,East Delhi,Laxmi Nagar,2024-11-28
728,Isaac Gola,wwali@example.com,1205943897,South Delhi,Hauz Khas,2024-02-25
729,Chanakya Shetty,balveer17@example.com,00954654084,West Delhi,Rajouri Garden,2024-10-28
730,Chaaya Parikh,cbadal@example.com,00915086321,West Delhi,Paschim Vihar,2024-09-07
731,Jonathan Dhillon,rsankar@example.com,09389701550,South Delhi,Malviya Nagar,2024-12-09
732,Harrison Raja,nazarethchasmum@example.com,00241613944,East Delhi,Vivek Vihar,2024-12-28
733,Chandran Prasad,wkale@example.com,02480962440,West Delhi,Paschim Vihar,2024-11-11
734,Sarthak Bahl,rdayal@example.com,09513305319,South Delhi,Malviya Nagar,2024-12-14
735,Triveni Salvi,lopa78@example.org,05557277382,South Delhi,Saket,2024-03-27
736,Aadhya Rau,brarvidhi@example.net,01385445770,West Delhi,Rajouri Garden,2024-07-16
737,Ojas Pandey,wsagar@example.org,08736826911,West Delhi,Paschim Vihar,2024-05-23
738,Tejas Kakar,mannpranav@example.org,6865369455,South Delhi,Vasant Kunj,2024-10-27
739,Eesha Thakkar,zkar@example.com,04722640857,South Delhi,Malviya Nagar,2024-10-12
740,Guneet Rajagopal,asahota@example.org,0932998199,North Delhi,Model Town,2023-08-22
741,Arin Nair,ojassodhi@example.net,+915096883275,North Delhi,Rohini,2024-10-27
742,Parth Sodhi,ekantikadeo@example.com,+910397739732,West Delhi,Janakpuri,2024-07-19
743,Xiti Choudhry,nathaniel37@example.net,+910068761648,East Delhi,Preet Vihar,2023-10-05
744,Arjun Sarna,sbhasin@example.com,0568761124,East Delhi,Mayur Vihar,2023-01-01
745,Omkaar Peri,jnori@example.org,03415177345,North Delhi,Ashok Vihar,2024-11-19
746,Sai Narayanan,kkuruvilla@example.com,0228403595,East Delhi,Laxmi Nagar,2024-12-09
747,Damyanti Dutt,vaishnavi74@example.org,2294643039,South Delhi,Malviya Nagar,2024-10-06
748,Manbir Arora,januja88@example.com,09252985856,West Delhi,Janakpuri,2024-01-02
749,Omkaar Vohra,egill@example.com,+911534332491,South Delhi,Greater Kailash,2024-03-26
750,Ishanvi Tara,varora@example.net,+913506158148,West Delhi,Rajouri Garden,2024-10-22
751,Daksh Sekhon,yashkunda@example.net,+913372094841,East Delhi,Preet Vihar,2024-12-01
752,Devansh Deo,darsh33@example.org,9771805137,East Delhi,Preet Vihar,2023-06-13
753,Riya Chacko,ghora@example.net,3974909617,South Delhi,Saket,2024-02-24
754,Tanmayi Acharya,niharika94@example.com,2587844483,North Delhi,Pitampura,2024-01-10
755,Anvi Thakur,ria12@example.com,+915877221641,West Delhi,Rajouri Garden,2024-07-17
756,Hema Yohannan,rishichopra@example.org,+914845871493,South Delhi,Malviya Nagar,2024-10-24
757,Ekiya Dugar,meghanagarg@example.org,2587964347,East Delhi,Laxmi Nagar,2024-02-22
758,Kamala Dhillon,gauri55@example.com,06966060652,North Delhi,Pitampura,2024-12-08
759,Anusha Bahl,sathvikkunda@example.com,00566588339,North Delhi,Model Town,2024-08-27
760,Anusha Chhabra,kibenaveen@example.com,7970673499,East Delhi,Vivek Vihar,2024-12-16
761,Daniel Chaudhuri,oommenanya@example.net,07417215622,West Delhi,Paschim Vihar,2024-10-25
762,Ryan Chakrabarti,ukorpal@example.net,4884021557,South Delhi,Vasant Kunj,2024-09-18
763,Qarin Nagi,dkari@example.com,03449021666,West Delhi,Tilak Nagar,2024-12-28
764,Chanakya Wadhwa,valakashvi@example.org,6085874951,South Delhi,Vasant Kunj,2024-10-11
765,George Chowdhury,yochanachahal@example.net,09316477251,East Delhi,Mayur Vihar,2024-08-04
766,Harinakshi Setty,zbail@example.net,00960035624,South Delhi,Saket,2024-11-19
767,Eta Walia,xiyer@example.net,09232342108,South Delhi,Greater Kailash,2024-04-23
768,Joshua Zachariah,ekapad55@example.org,3342643350,East Delhi,Vivek Vihar,2024-10-29
769,Ria Dasgupta,cbal@example.net,3607763369,East Delhi,Mayur Vihar,2024-11-28
770,Girik Gill,gabashaurya@example.org,09556331857,North Delhi,Rohini,2024-04-01
771,Yashoda Choudhury,ababu@example.com,06155416431,South Delhi,Greater Kailash,2024-11-26
772,Urishilla Babu,ekiya02@example.org,+919028227009,West Delhi,Paschim Vihar,2024-07-11
773,Chaaya Prabhu,adugar@example.org,+918225120734,West Delhi,Rajouri Garden,2024-11-14
774,Kashvi Lanka,ayush05@example.org,00260869822,West Delhi,Paschim Vihar,2024-11-27
775,Alexander Palla,georgesaini@example.org,+917768729047,West Delhi,Paschim Vihar,2024-01-27
776,Aarini Dave,jasmit91@example.com,09323822311,South Delhi,Malviya Nagar,2023-12-06
777,Barkha Cheema,upkaarkrishna@example.org,4579889425,South Delhi,Malviya Nagar,2024-10-14
778,Kavya Dhillon,rajanchanakya@example.org,+910203265097,East Delhi,Vivek Vihar,2024-09-04
779,Hemangini Guha,nseth@example.com,4871485524,East Delhi,Laxmi Nagar,2024-10-04
780,Vinaya Shan,oommenzilmil@example.com,+915608213711,North Delhi,Model Town,2024-12-06
781,Jonathan Palan,sneha68@example.org,2683230358,North Delhi,Pitampura,2024-04-18
782,Champak Walia,victor82@example.com,+911293289634,South Delhi,Malviya Nagar,2024-11-18
783,Nandini Minhas,avig@example.com,05240148439,North Delhi,Model Town,2024-11-12
784,Daniel Roy,maanassrivastava@example.org,+916266933513,North Delhi,Pitampura,2024-03-15
785,Logan Ratti,doshisamesh@example.com,+914501848197,North Delhi,Ashok Vihar,2024-10-09
786,Raksha Misra,shamitesh@example.org,5406417692,North Delhi,Ashok Vihar,2024-06-28
787,Bishakha Kar,chakrabartijanani@example.org,7660144485,North Delhi,Ashok Vihar,2024-11-06
788,Zayan Parikh,aryaharrison@example.net,03973964178,North Delhi,Model Town,2024-12-07
789,Zilmil Raja,chokshiguneet@example.net,+911359966057,South Delhi,Vasant Kunj,2024-11-11
790,Baljiwan Rastogi,nbal@example.net,+910514607455,South Delhi,Greater Kailash,2024-10-08
791,Yuvraj Malhotra,ubatta@example.com,4238856527,West Delhi,Tilak Nagar,2024-09-12
792,Gauri Pandey,edhithamohan@example.org,1659726347,North Delhi,Model Town,2023-11-27
793,Geetika Sarma,nathaniel25@example.org,+913948848826,North Delhi,Rohini,2024-06-21
794,Rushil Chander,raveladya@example.org,5856261499,North Delhi,Rohini,2024-03-09
795,Ekiya Kar,pbaria@example.net,+914073333732,West Delhi,Tilak Nagar,2024-11-03
796,Chaman Kohli,subramanianreva@example.com,8936289696,South Delhi,Saket,2024-11-09
797,Januja Lall,xprabhakar@example.org,08512538921,West Delhi,Tilak Nagar,2024-02-22
798,Dipta Cheema,ijayakapur@example.com,09079779612,East Delhi,Preet Vihar,2024-10-05
799,Saumya Bhandari,vansha21@example.net,01494097626,South Delhi,Hauz Khas,2024-07-13
800,Siya Mukherjee,ganga39@example.net,02895090591,West Delhi,Tilak Nagar,2024-12-02
801,Devansh Wagle,uedwin@example.org,+919220715116,West Delhi,Paschim Vihar,2024-08-24
802,Nikita Raj,vdevi@example.org,+914526471246,North Delhi,Pitampura,2024-12-25
803,Utkarsh Panchal,norisiya@example.org,4090805120,East Delhi,Mayur Vihar,2024-06-21
804,Aayush Narain,bmohan@example.net,5123972835,East Delhi,Vivek Vihar,2024-12-11
805,Mohammed Prasad,ridhigoel@example.net,+917090814415,North Delhi,Pitampura,2024-08-26
806,Zarna Ganesh,tankreyansh@example.net,+919578671815,West Delhi,Janakpuri,2024-09-11
807,Jasmit Dhaliwal,vrittiguha@example.com,+915079181589,West Delhi,Dwarka,2023-04-06
808,Sai Mandal,krishna73@example.com,6666170715,East Delhi,Mayur Vihar,2024-03-31
809,Lopa Mohan,xmani@example.net,0803149982,East Delhi,Mayur Vihar,2024-09-27
810,Chanakya Warrior,battachavvi@example.com,+915806882850,North Delhi,Model Town,2024-12-28
811,Hardik Shankar,timothynagarajan@example.org,3739900631,West Delhi,Paschim Vihar,2023-11-15
812,Aayush Khosla,peter63@example.com,00229394694,West Delhi,Rajouri Garden,2023-03-01
813,Anjali Rout,sagarodika@example.com,03749060723,East Delhi,Preet Vihar,2024-12-30
814,Ishwar D’Alia,vrindabhavsar@example.org,5246484494,West Delhi,Paschim Vihar,2024-04-07
815,Jagdish Rana,gabrieltank@example.org,+918077113062,North Delhi,Rohini,2024-08-17
816,Ekansh Khurana,cprabhakar@example.net,+917908335090,South Delhi,Saket,2024-10-22
817,Harita Krishna,inayashere@example.org,0662481323,West Delhi,Paschim Vihar,2024-09-07
818,Reva Bakshi,pboase@example.net,4822850116,South Delhi,Malviya Nagar,2024-07-27
819,Omkaar Nagy,balvan21@example.net,+910609069130,East Delhi,Vivek Vihar,2024-03-06
820,Anmol Soni,rmandal@example.net,07379457727,West Delhi,Janakpuri,2024-12-07
821,Udarsh Dhawan,owen64@example.org,00642076836,East Delhi,Laxmi Nagar,2023-09-15
822,Ira Joshi,asama@example.com,7767555628,East Delhi,Laxmi Nagar,2024-10-09
823,Yatan Kalla,robertpatla@example.com,6543627187,East Delhi,Preet Vihar,2024-09-18
824,Nitara Behl,teerthnazareth@example.net,+916862703692,North Delhi,Model Town,2023-08-04
825,Nachiket Ratti,matthewsabharwal@example.com,03275998011,South Delhi,Vasant Kunj,2024-12-08
826,Ansh Anand,narulagautam@example.com,03234159597,West Delhi,Dwarka,2023-12-05
827,Hamsini Gill,chavvi18@example.org,+912618962887,West Delhi,Tilak Nagar,2024-11-01
828,Zaid Comar,saichatterjee@example.org,+916767209579,West Delhi,Rajouri Garden,2024-11-08
829,Sara Bahri,vpadmanabhan@example.org,01229462135,East Delhi,Preet Vihar,2024-07-03
830,Fiyaz Pant,nbabu@example.net,02543848075,South Delhi,Malviya Nagar,2023-02-10
831,Charles Khare,adya76@example.com,+914715802909,South Delhi,Vasant Kunj,2024-12-22
832,Chasmum Rai,upmarai@example.com,+914655866525,West Delhi,Dwarka,2024-11-05
833,Reyansh Suresh,amara17@example.net,+915810213125,West Delhi,Tilak Nagar,2024-05-11
834,Mitesh Khalsa,borraaditya@example.net,+915912975191,South Delhi,Malviya Nagar,2024-06-06
835,Liam Iyengar,grewalgavin@example.net,+910633016583,West Delhi,Dwarka,2023-05-07
836,Rudra Tandon,upasnamani@example.net,9072801234,East Delhi,Mayur Vihar,2024-12-02
837,Ranbir Dasgupta,guharachit@example.com,+912694968436,West Delhi,Tilak Nagar,2024-09-26
838,Hemani Khosla,krishnamurthybaghyawati@example.org,+910175096170,North Delhi,Pitampura,2024-05-01
839,Eiravati Pathak,lalaeiravati@example.com,07574758339,East Delhi,Mayur Vihar,2024-12-11
840,Brijesh Pandit,dshroff@example.com,07772266025,East Delhi,Laxmi Nagar,2024-12-14
841,Manthan Ratta,akshay62@example.org,2310672453,West Delhi,Rajouri Garden,2024-04-18
842,Widisha Ramanathan,chavvimall@example.org,+917976627051,East Delhi,Vivek Vihar,2024-09-11
843,Ekiya Sood,lohit38@example.com,+916704254969,West Delhi,Rajouri Garden,2024-05-02
844,Kai Wagle,harita52@example.com,7107563353,East Delhi,Laxmi Nagar,2024-11-03
845,Vamakshi Mand,garima32@example.com,9399337970,East Delhi,Vivek Vihar,2023-12-16
846,Yasti Chandran,ndivan@example.com,+918779417634,South Delhi,Greater Kailash,2024-10-25
847,Januja Bhargava,okoshy@example.net,+915597824575,North Delhi,Civil Lines,2024-11-24
848,Raghav Dara,darsh38@example.net,03660443240,North Delhi,Pitampura,2024-08-14
849,Oviya Brar,udyati27@example.net,08297514743,West Delhi,Janakpuri,2024-04-18
850,Bhavani Gaba,ekantikabadal@example.org,+915875256806,South Delhi,Vasant Kunj,2024-04-29
851,Meghana Gokhale,bakhshi45@example.net,0802711221,South Delhi,Hauz Khas,2023-06-10
852,Wahab Chanda,ishanvi51@example.com,01768086628,North Delhi,Ashok Vihar,2024-10-21
853,Sarthak Sen,jacklal@example.org,+910800370033,East Delhi,Mayur Vihar,2024-10-27
854,Laksh Tella,ekantika66@example.org,4706810390,West Delhi,Dwarka,2023-01-01
855,Victor Swamy,pallafaris@example.net,08263280944,West Delhi,Tilak Nagar,2024-06-29
856,Yasti Rama,sakshamkunda@example.com,+915461470798,South Delhi,Greater Kailash,2024-12-05
857,Samarth Goyal,barmanlila@example.org,3394394570,South Delhi,Malviya Nagar,2024-12-31
858,Zayyan Kalla,mukherjeeadvik@example.org,+915376576927,East Delhi,Laxmi Nagar,2024-12-26
859,Bhavika Kothari,chhabraaadi@example.org,0040476921,South Delhi,Vasant Kunj,2024-11-25
860,Jhalak Kale,pallavipradhan@example.org,06040142473,North Delhi,Ashok Vihar,2024-09-30
861,Azaan Soni,akshaychowdhury@example.org,3798440971,East Delhi,Vivek Vihar,2024-08-25
862,Tanveer Bhattacharyya,bpurohit@example.org,06762090144,East Delhi,Vivek Vihar,2024-12-12
863,Samaksh Loke,magarraghav@example.org,7009687304,South Delhi,Vasant Kunj,2024-08-05
864,Gaurang Pillai,isodhi@example.org,05882556296,South Delhi,Saket,2024-07-20
865,Unni Palan,manbir78@example.com,06194255778,East Delhi,Mayur Vihar,2024-12-27
866,Brijesh Oza,haritazachariah@example.net,2923616188,East Delhi,Laxmi Nagar,2024-07-02
867,Zinal Chawla,kumarnitesh@example.net,+915715586863,East Delhi,Preet Vihar,2024-06-01
868,Nikita Cherian,sudikshadugal@example.net,+910817214364,West Delhi,Janakpuri,2024-05-24
869,Gopal Halder,babuazaan@example.com,+913211471656,East Delhi,Vivek Vihar,2024-08-22
870,Charita Oza,nprasad@example.com,09979907075,West Delhi,Tilak Nagar,2024-12-03
871,Azaan Kumer,wrajagopal@example.net,+916995706071,East Delhi,Laxmi Nagar,2024-09-20
872,Zayyan Chanda,korpalgirindra@example.com,05397054873,South Delhi,Vasant Kunj,2024-12-20
873,Girish Anne,ayaantoor@example.com,+918274968049,West Delhi,Dwarka,2024-04-14
874,Zansi Swaminathan,siyamemon@example.org,+914956121377,North Delhi,Ashok Vihar,2024-10-28
875,Abdul Ram,krishabassi@example.com,+913597371122,North Delhi,Rohini,2024-07-02
876,Arjun Sarma,yperi@example.net,00858167046,West Delhi,Dwarka,2024-06-06
877,Ekalinga Bhattacharyya,lallishita@example.com,08321021923,East Delhi,Preet Vihar,2024-04-28
878,Kashvi Lall,ybhavsar@example.net,+919618033242,East Delhi,Laxmi Nagar,2023-07-10
879,Advay Prabhu,uppaladvik@example.org,4980425373,North Delhi,Rohini,2024-08-03
880,Vaishnavi Sridhar,gkala@example.org,08812282178,South Delhi,Saket,2024-11-29
881,Nitesh Koshy,opathak@example.com,00605603567,East Delhi,Laxmi Nagar,2024-07-26
882,Joshua Srinivas,pdugar@example.net,4716906181,South Delhi,Malviya Nagar,2024-05-30
883,Balveer Pingle,maya47@example.net,04895478769,East Delhi,Laxmi Nagar,2024-04-01
884,Upasna Nazareth,surihema@example.net,9144449835,East Delhi,Preet Vihar,2024-01-22
885,Wriddhish Halder,damini35@example.net,6449639243,South Delhi,Greater Kailash,2024-10-07
886,Ekani Jayaraman,lvenkatesh@example.org,4339527536,West Delhi,Tilak Nagar,2024-09-04
887,Anika Sharaf,madhav49@example.org,01686013477,North Delhi,Model Town,2023-08-21
888,Yasti Salvi,amairabehl@example.com,7917665122,West Delhi,Janakpuri,2024-12-16
889,Janaki Bhagat,boasearunima@example.org,8421630900,East Delhi,Mayur Vihar,2024-08-30
890,Geetika Malhotra,qushi33@example.org,9948532089,North Delhi,Rohini,2024-12-30
891,Thomas Garg,ijani@example.net,+912199471136,North Delhi,Ashok Vihar,2024-12-06
892,Wyatt Sharaf,oscarkannan@example.com,+910346996733,North Delhi,Ashok Vihar,2024-06-22
893,Finn Rege,jsavant@example.net,09608437685,West Delhi,Tilak Nagar,2024-12-19
894,Ansh Tata,msathe@example.org,02196263355,West Delhi,Janakpuri,2024-11-02
895,Anusha Kothari,vihaan69@example.com,+919317069556,West Delhi,Dwarka,2024-11-03
896,Vritti Sarin,fsamra@example.com,05345472239,South Delhi,Saket,2024-11-04
897,Balhaar Raj,chanakya31@example.net,+911980418472,South Delhi,Saket,2024-01-31
898,Lucky Sarin,quincy36@example.com,+918131909248,South Delhi,Vasant Kunj,2024-12-01
899,Pallavi Ganesh,anayhayre@example.net,1114281785,West Delhi,Dwarka,2024-12-20
900,Michael Walla,yatananand@example.com,+914808806220,South Delhi,Greater Kailash,2024-12-05
901,Nachiket Deo,jhalakmallick@example.com,+917213290162,West Delhi,Janakpuri,2024-09-27
902,Bhavna Sharma,jrana@example.net,6878599648,East Delhi,Preet Vihar,2023-11-13
903,Ojas Thakur,zdate@example.org,+911954196664,South Delhi,Greater Kailash,2023-05-16
904,Arjun Murty,wissac@example.org,+916279246320,East Delhi,Vivek Vihar,2023-08-22
905,Reva Krishnan,drastogi@example.net,05372603214,South Delhi,Saket,2024-09-25
906,Chatresh Palla,praju@example.com,+919458870715,West Delhi,Rajouri Garden,2024-08-31
907,Rishi Mukherjee,advaychaudhuri@example.org,8400838507,North Delhi,Model Town,2024-12-03
908,Gaurika Sharma,eta45@example.org,9177680898,East Delhi,Preet Vihar,2024-11-23
909,Mitesh Purohit,ria42@example.org,+911964630040,North Delhi,Civil Lines,2024-10-26
910,Robert Sahota,omishadoshi@example.com,9430120471,North Delhi,Ashok Vihar,2024-10-15
911,Upadhriti Gandhi,fcomar@example.net,05957498855,North Delhi,Rohini,2024-12-02
912,Zinal Mallick,upkaarbains@example.com,04584760944,West Delhi,Janakpuri,2024-12-15
913,Manbir Kapoor,yuvrajshetty@example.org,+918856669541,South Delhi,Hauz Khas,2024-08-20
914,Nicholas Srivastava,murthydakshesh@example.com,06267055143,North Delhi,Pitampura,2024-01-12
915,Vyanjana Randhawa,nidrasani@example.org,03925295961,South Delhi,Greater Kailash,2024-12-19
916,Fitan Butala,doctorpriya@example.com,+912007202455,South Delhi,Hauz Khas,2024-08-12
917,Banjeet Gandhi,ganga10@example.net,+910903267149,South Delhi,Saket,2024-09-03
918,Ekbal Mane,dhruvshere@example.net,02817934065,North Delhi,Pitampura,2023-07-26
919,Urvashi Sethi,yashodhara44@example.net,6634533722,West Delhi,Rajouri Garden,2024-06-15
920,Fariq Bhargava,divanhritik@example.com,+912145593766,South Delhi,Greater Kailash,2024-06-25
921,Chasmum Kadakia,xbandi@example.org,03510046277,South Delhi,Vasant Kunj,2024-12-20
922,Ekiya Sengupta,etasami@example.net,09202461752,West Delhi,Paschim Vihar,2024-10-13
923,Logan Khatri,mmall@example.net,+916005595501,East Delhi,Vivek Vihar,2024-03-22
924,Yachana Jaggi,manbirnatarajan@example.net,8486899936,North Delhi,Pitampura,2024-11-29
925,Suhani Mannan,sbasu@example.com,+916917679935,East Delhi,Vivek Vihar,2024-04-21
926,Shivani Lanka,balvan39@example.com,04083037360,South Delhi,Malviya Nagar,2024-06-21
927,Champak Borra,omaja08@example.net,4907938841,West Delhi,Paschim Vihar,2024-11-08
928,Lopa Narasimhan,saiatwal@example.net,01537012424,North Delhi,Rohini,2024-08-06
929,Ojasvi Edwin,ujani@example.org,01448811210,West Delhi,Janakpuri,2024-08-07
930,Dominic Madan,ishaanseth@example.com,+918878179415,South Delhi,Hauz Khas,2024-12-14
931,Ira Goda,igulati@example.com,0911225288,East Delhi,Vivek Vihar,2024-11-02
932,Varenya Panchal,oaklopa@example.com,+918632397913,South Delhi,Vasant Kunj,2024-03-18
933,Tanvi Ram,jyoti30@example.org,03095055605,East Delhi,Vivek Vihar,2024-09-14
934,Frederick Desai,vermajackson@example.net,+917788519053,East Delhi,Preet Vihar,2024-12-14
935,Pavani Memon,chhabrachristopher@example.com,2462456185,North Delhi,Civil Lines,2024-11-22
936,Wishi Morar,niharika00@example.com,02128991511,West Delhi,Janakpuri,2024-12-14
937,Gauri Nadkarni,goswamisimon@example.net,+913044881898,West Delhi,Paschim Vihar,2024-04-20
938,Chameli Chaudhry,tbaria@example.com,+915402119017,North Delhi,Pitampura,2024-10-25
939,Upasna Patel,qchhabra@example.org,8315229107,North Delhi,Model Town,2024-12-01
940,Jonathan Gara,nikitaahluwalia@example.net,4937830639,West Delhi,Paschim Vihar,2024-11-29
941,Reyansh Wable,hemangini26@example.net,09443916497,West Delhi,Dwarka,2024-10-11
942,Ishwar Ravi,zehaandave@example.net,+919132033016,East Delhi,Preet Vihar,2024-11-28
943,Tejas Malhotra,agateshivansh@example.net,+910615372215,South Delhi,Hauz Khas,2024-07-20
944,Nirja Radhakrishnan,sachi32@example.org,05337746040,East Delhi,Vivek Vihar,2024-10-11
945,Ubika Dutt,bhasintara@example.net,03614244260,West Delhi,Paschim Vihar,2024-02-26
946,Dhruv Sha,chavvi37@example.org,4764273720,North Delhi,Ashok Vihar,2024-03-18
947,Vedika Rajagopalan,yashodharadhillon@example.org,05841484601,South Delhi,Greater Kailash,2023-12-12
948,Wyatt Mandal,yash89@example.net,2780205869,West Delhi,Dwarka,2024-08-27
949,Aarav Srivastava,rachitchopra@example.net,06449369995,West Delhi,Rajouri Garden,2024-09-25
950,Lajita Sodhi,yashnair@example.org,05738573680,East Delhi,Laxmi Nagar,2024-06-16
951,Harshil Devan,nirjabassi@example.org,06811872333,North Delhi,Model Town,2024-11-29
952,Gunbir Bansal,advay96@example.org,09731539114,South Delhi,Saket,2024-09-22
953,Chaitanya Soni,oliver07@example.org,05118939406,East Delhi,Vivek Vihar,2024-12-29
954,Ishanvi Sethi,avichatterjee@example.net,0432230233,North Delhi,Civil Lines,2024-08-19
955,Kevin Merchant,qbhat@example.com,+919201354621,North Delhi,Ashok Vihar,2023-11-30
956,Urvi Radhakrishnan,gargkavya@example.org,2611231261,South Delhi,Malviya Nagar,2023-03-19
957,Veer Ganesan,zinal88@example.net,5729893762,West Delhi,Tilak Nagar,2024-10-29
958,Arya Mutti,tanish03@example.com,06871912038,South Delhi,Saket,2024-12-10
959,Varenya Rana,chatreshvasa@example.org,3230898138,West Delhi,Paschim Vihar,2023-01-01
960,Harinakshi Vohra,ladadvika@example.com,2206732318,South Delhi,Vasant Kunj,2024-09-12
961,Riya Bora,vbuch@example.com,02450000001,North Delhi,Model Town,2024-02-28
962,Nitesh Bumb,guptavasana@example.org,08509025561,West Delhi,Paschim Vihar,2024-08-19
963,Brinda Lal,frederickdivan@example.net,9874781224,West Delhi,Tilak Nagar,2024-12-10
964,Dipta Raghavan,gbaria@example.com,00090043655,South Delhi,Hauz Khas,2024-11-12
965,Janaki Varty,mason66@example.net,+913624835505,West Delhi,Janakpuri,2024-10-16
966,Onkar Prashad,baralupma@example.org,03369987950,East Delhi,Preet Vihar,2024-04-27
967,Jeremiah Bhattacharyya,loyalchampak@example.org,04818804428,North Delhi,Rohini,2024-02-04
968,Wishi Kothari,kritikaguha@example.net,1643212694,East Delhi,Preet Vihar,2023-02-04
969,Damyanti Reddy,nathan03@example.com,2586314417,East Delhi,Laxmi Nagar,2024-12-07
970,Madhavi Manne,wdugar@example.com,00263558243,West Delhi,Janakpuri,2024-10-22
971,Frado Singhal,amorar@example.com,08988031538,West Delhi,Paschim Vihar,2024-06-08
972,Anya Narula,udyatibhatia@example.net,5040433335,South Delhi,Hauz Khas,2024-06-23
973,Aarini Murty,ranatristan@example.org,+911197871809,North Delhi,Civil Lines,2024-06-01
974,Wridesh Chand,waidakalita@example.org,05306011987,North Delhi,Pitampura,2024-12-25
975,Lopa Chandran,atella@example.net,8002300915,North Delhi,Pitampura,2024-06-24
976,Isaac Datta,kondakrishna@example.com,07449160936,South Delhi,Vasant Kunj,2023-12-29
977,Hiral Desai,bosedeepa@example.net,+911894184336,East Delhi,Laxmi Nagar,2024-03-27
978,Hemal Bala,nikitahayer@example.org,2399821374,North Delhi,Model Town,2024-06-25
979,Geetika Sahota,chandaaadhya@example.org,4288605053,South Delhi,Greater Kailash,2024-12-31
980,Megha Sangha,hbatra@example.net,+911260030835,East Delhi,Mayur Vihar,2024-10-04
981,Mitali Chakrabarti,rajumitesh@example.net,01531234550,South Delhi,Vasant Kunj,2024-10-06
982,Yashodhara Goswami,fchopra@example.net,06829384401,South Delhi,Greater Kailash,2024-09-27
983,Daksha Ahluwalia,vhari@example.com,+917882603359,East Delhi,Preet Vihar,2024-09-05
984,Chatresh Chaudry,siya09@example.org,5991449207,North Delhi,Rohini,2024-09-24
985,Noah Rau,xprashad@example.net,08997184285,South Delhi,Saket,2023-05-02
986,Yuvraj Din,harshil40@example.net,09932312342,South Delhi,Hauz Khas,2024-10-30
987,Netra Bhakta,jbajaj@example.com,+916176072348,East Delhi,Mayur Vihar,2024-04-23
988,Zinal Kannan,janaki38@example.org,8040561299,North Delhi,Ashok Vihar,2024-12-28
989,Harita Balan,nidraparmer@example.net,2641869656,East Delhi,Preet Vihar,2024-05-12
990,Tarak Aurora,gsandhu@example.net,2385951434,East Delhi,Vivek Vihar,2024-02-17
991,Manthan Khosla,yashodhara40@example.org,+917300869661,West Delhi,Dwarka,2023-12-26
992,Jackson Ram,falanbumb@example.net,+919500168094,South Delhi,Malviya Nagar,2024-08-13
993,Chaaya Bora,chatura76@example.org,8397620534,West Delhi,Rajouri Garden,2024-11-12
994,Anay Tandon,msavant@example.com,02072662925,West Delhi,Rajouri Garden,2024-09-09
995,George Swamy,drajagopalan@example.org,9140688413,North Delhi,Civil Lines,2024-12-18
996,Samaksh Setty,gauravdeo@example.com,02356178170,North Delhi,Civil Lines,2024-05-10
997,Nitesh Chaudry,gadeaadi@example.com,+913638527789,North Delhi,Ashok Vihar,2024-12-20
998,Krisha Dara,tejassem@example.org,8444902950,West Delhi,Janakpuri,2024-06-16
999,Meghana Menon,chandraraagini@example.com,00373416781,South Delhi,Hauz Khas,2023-01-01
1000,Ubika Tata,rachitborde@example.org,+911798213486,East Delhi,Mayur Vihar,2024-08-17
1001,Harini Swamy,wkaur@example.com,+918318285605,South Delhi,Hauz Khas,2024-11-01
1002,Shivani Bajaj,zsangha@example.net,+917706736820,West Delhi,Dwarka,2024-11-05
1003,Aarnav Puri,fradogarg@example.org,+915521650587,South Delhi,Saket,2024-07-31
1004,Alka Ravel,elijahvirk@example.net,+911925967908,North Delhi,Pitampura,2024-11-09
1005,Wahab Sani,amol22@example.org,00938694842,North Delhi,Civil Lines,2024-09-02
1006,Geetika Vala,chadbhanumati@example.com,08870715238,North Delhi,Pitampura,2024-08-19
1007,Sara Ramakrishnan,ihayre@example.net,+910974619177,North Delhi,Ashok Vihar,2024-01-01
1008,Leena Doctor,ftiwari@example.net,+912589370858,South Delhi,Hauz Khas,2024-12-27
1009,Mohini Grewal,jyotiben@example.net,00566957900,East Delhi,Mayur Vihar,2024-12-16
1010,Oliver Mammen,hemaprasad@example.com,02867963259,South Delhi,Vasant Kunj,2024-09-10
1011,Quincy Koshy,amrutaraman@example.org,+918915624152,East Delhi,Laxmi Nagar,2024-10-17
1012,Vasudha Gokhale,lopa29@example.org,09335895138,West Delhi,Tilak Nagar,2024-11-28
1013,Mahika Pingle,atharv78@example.com,08509574430,North Delhi,Civil Lines,2024-09-16
1014,Damini Dar,chowdhuryvasana@example.net,02038593401,North Delhi,Pitampura,2024-07-01
1015,Shivansh Ramesh,gaurang54@example.com,+915531325936,East Delhi,Mayur Vihar,2024-12-06
1016,Gunbir Khanna,usem@example.org,+919421410527,West Delhi,Paschim Vihar,2024-09-02
1017,Jairaj Viswanathan,mbhasin@example.net,+917045238885,South Delhi,Vasant Kunj,2023-07-09
1018,Nicholas Devan,priya60@example.com,8678744227,South Delhi,Greater Kailash,2024-05-01
1019,Yashvi Nazareth,harinakshi96@example.com,09428249116,North Delhi,Rohini,2024-12-31
1020,Atharv Deshpande,baralbrijesh@example.org,05393132155,North Delhi,Ashok Vihar,2024-07-18
1021,Sathvik Ahluwalia,harini70@example.net,+916821444889,East Delhi,Vivek Vihar,2024-11-12
1022,Libni Swaminathan,xalakkapadia@example.com,07462025825,South Delhi,Hauz Khas,2024-09-15
1023,Shaurya Boase,oscarcherian@example.net,+913123920491,North Delhi,Rohini,2024-07-09
1024,Krishna Anand,venkateshyash@example.com,07238750827,South Delhi,Greater Kailash,2024-09-16
1025,Zilmil Chahal,ygoel@example.org,07754584726,West Delhi,Rajouri Garden,2024-08-23
1026,Bachittar Nanda,gautamvaidya@example.net,7683160827,South Delhi,Hauz Khas,2024-12-30
1027,Upasna Gill,shankartanveer@example.org,03992052229,South Delhi,Greater Kailash,2024-02-01
1028,Nisha Garg,saneeta@example.net,1438823255,North Delhi,Model Town,2024-09-11
1029,Samar Nagarajan,amara61@example.com,7732643095,North Delhi,Rohini,2024-11-17
1030,Zehaan Tara,golesanya@example.net,7029271205,South Delhi,Greater Kailash,2024-12-23
1031,Upadhriti Vyas,nchowdhury@example.com,5298832201,North Delhi,Rohini,2024-03-01
1032,Janya Ranganathan,guhaoscar@example.org,+914879788897,North Delhi,Rohini,2024-02-29
1033,Shivansh Pradhan,qasim38@example.com,+910304436199,North Delhi,Civil Lines,2023-12-16
1034,Imaran Sharma,palannicholas@example.org,9102929501,East Delhi,Laxmi Nagar,2024-12-26
1035,Rushil Sridhar,yasti30@example.net,+910967139719,West Delhi,Dwarka,2024-12-23
1036,Maanav Rao,doramax@example.org,+912176720191,East Delhi,Laxmi Nagar,2023-09-11
1037,Isaiah Raja,icheema@example.org,+911907258733,North Delhi,Rohini,2024-10-04
1038,Balhaar Memon,raaginirai@example.com,+918027481242,East Delhi,Vivek Vihar,2023-12-12
1039,Gautam Mane,ranalogan@example.com,+919522946209,North Delhi,Pitampura,2024-11-08
1040,Jeevika Palla,zbhatti@example.net,0399529701,North Delhi,Rohini,2024-02-23
1041,Sudiksha Dani,anyahalder@example.com,08585642304,East Delhi,Vivek Vihar,2024-02-26
1042,Nachiket Bal,vasatikabhagat@example.com,+915927387402,West Delhi,Rajouri Garden,2024-07-02
1043,Saanvi Chada,lsandhu@example.org,03224815542,East Delhi,Preet Vihar,2024-11-08
1044,Tristan Mangal,krishdaniel@example.org,+919567975649,East Delhi,Laxmi Nagar,2024-07-18
1045,Kamala Savant,kamya46@example.org,+914712476010,South Delhi,Saket,2024-12-10
1046,Jagat Varkey,baradsarthak@example.org,6831764172,South Delhi,Hauz Khas,2024-09-13
1047,Zaitra Basak,varughesegunbir@example.net,5712901507,South Delhi,Malviya Nagar,2024-12-08
1048,Rohan Trivedi,regesneha@example.org,+910735104584,West Delhi,Paschim Vihar,2023-11-12
1049,Charita Iyengar,hgill@example.net,+910096258857,West Delhi,Janakpuri,2024-10-23
1050,Pushti Kulkarni,nbalan@example.org,0533962746,North Delhi,Model Town,2024-06-16
1051,Rajeshri Dixit,panditdevansh@example.net,+912700046661,North Delhi,Model Town,2024-10-12
1052,Ganga Bakshi,dadachandresh@example.com,7714004938,East Delhi,Laxmi Nagar,2024-12-30
1053,Anamika Aggarwal,zaid15@example.org,+914998094976,South Delhi,Greater Kailash,2023-10-18
1054,Udarsh Bhattacharyya,ubikasarna@example.net,+916698416612,North Delhi,Ashok Vihar,2024-11-28
1055,Vedhika Mangat,sundaramvarsha@example.net,03325623899,South Delhi,Greater Kailash,2024-05-02
1056,Ishaan Sehgal,bhavsaraishani@example.org,02037087821,North Delhi,Civil Lines,2024-08-16
1057,Nirja Bhakta,ayaanlad@example.org,1359989897,West Delhi,Janakpuri,2024-12-29
1058,Isaac Chacko,ubains@example.net,9480186448,South Delhi,Vasant Kunj,2024-10-30
1059,Naveen Dara,hparekh@example.net,3978570820,North Delhi,Pitampura,2024-10-01
1060,Aashi Zachariah,sahotaurvi@example.com,01236914961,North Delhi,Pitampura,2024-03-09
1061,Nakul Vaidya,ymadan@example.org,6882769704,East Delhi,Mayur Vihar,2024-09-09
1062,Isha Karnik,kuruvillagaurang@example.net,01560783274,West Delhi,Rajouri Garden,2024-12-19
1063,Gauri Purohit,hredhaan79@example.net,6240964966,North Delhi,Civil Lines,2024-09-21
1064,Alka Sanghvi,latasneha@example.net,02170285162,East Delhi,Laxmi Nagar,2024-11-04
1065,Ishani Kibe,imaharaj@example.net,+910893486883,North Delhi,Model Town,2024-07-24
1066,Rajata Devan,megha72@example.net,09916091141,West Delhi,Janakpuri,2024-10-05
1067,Isaiah Kothari,nihal36@example.org,+913760523045,East Delhi,Vivek Vihar,2024-07-29
1068,Nandini Natarajan,gandhijagvi@example.com,07241916503,North Delhi,Civil Lines,2024-07-27
1069,Anusha Bala,eratti@example.com,7182498980,South Delhi,Greater Kailash,2024-07-19
1070,Nandini Shenoy,gunbirmagar@example.org,04681359266,West Delhi,Paschim Vihar,2024-06-05
1071,Pahal Yohannan,meghanasarraf@example.com,6941559450,East Delhi,Preet Vihar,2024-11-29
1072,Jeet Deshmukh,dalbirsridhar@example.com,+916051171603,North Delhi,Ashok Vihar,2024-12-23
1073,Sarthak Sama,yuvraj62@example.org,9455906700,North Delhi,Rohini,2023-07-23
1074,Charvi Deshpande,zashil20@example.com,06489667605,East Delhi,Laxmi Nagar,2024-08-22
1075,Adweta Edwin,mukhopadhyaydivya@example.com,07758097453,South Delhi,Vasant Kunj,2024-12-30
1076,Yashawini Balakrishnan,pde@example.com,06622654016,East Delhi,Mayur Vihar,2024-03-24
1077,Idika Karnik,andrapavani@example.org,+911224276774,East Delhi,Laxmi Nagar,2024-12-12
1078,Krish Mutti,ramakrishnanayaan@example.org,+912411584886,West Delhi,Tilak Nagar,2024-08-17
1079,Abeer Yadav,chokshiurvi@example.net,6778231299,West Delhi,Paschim Vihar,2024-07-28
1080,Sachi Arya,sanaya26@example.com,+916121203843,South Delhi,Hauz Khas,2024-12-11
1081,Hema Kari,spal@example.net,6807852548,North Delhi,Pitampura,2023-03-29
1082,Dayita Datta,kaulyahvi@example.com,05400644547,South Delhi,Greater Kailash,2024-08-17
1083,Madhav Hegde,choudhurylogan@example.org,+917489791776,North Delhi,Ashok Vihar,2024-12-13
1084,Xavier Memon,vrishtigara@example.org,+918862175080,South Delhi,Greater Kailash,2024-10-04
1085,Lila Koshy,kumerfalguni@example.net,3069358824,South Delhi,Greater Kailash,2024-12-27
1086,Ganga Karpe,advik01@example.net,+916778481652,East Delhi,Laxmi Nagar,2024-09-12
1087,Aachal Kumar,advika46@example.org,3851799378,South Delhi,Saket,2023-11-13
1088,Alexander Nagi,jatindin@example.net,08848699969,North Delhi,Pitampura,2023-06-19
1089,Darsh Mohan,vasana92@example.com,+914724630198,North Delhi,Civil Lines,2023-12-03
1090,Zayyan Gill,kevin38@example.net,+919728339121,West Delhi,Janakpuri,2024-02-20
1091,Ayushman Ramanathan,shivanshgera@example.net,0983221010,North Delhi,Pitampura,2024-10-31
1092,Victor Gill,babudev@example.net,6766100898,East Delhi,Preet Vihar,2024-10-04
1093,Libni Dara,chackochakrika@example.org,06140384531,North Delhi,Ashok Vihar,2023-01-26
1094,Vasudha Majumdar,mdevi@example.com,06951003076,North Delhi,Rohini,2024-08-17
1095,Aarush Pingle,forum96@example.com,+915006666411,North Delhi,Pitampura,2024-02-13
1096,Maya Prabhakar,gabriel13@example.com,+917851699497,East Delhi,Mayur Vihar,2024-10-28
1097,Alexander Pillai,qushisaini@example.net,+914826899962,West Delhi,Tilak Nagar,2024-11-23
1098,Tripti Aurora,rachitavenkatesh@example.net,1787915059,North Delhi,Pitampura,2024-10-17
1099,Pranit Patil,kbrahmbhatt@example.com,00932012657,West Delhi,Tilak Nagar,2023-05-01
1100,Lajita Aurora,farhan80@example.net,02175585177,East Delhi,Vivek Vihar,2024-10-16
1101,Bina Chana,vinayaminhas@example.com,2118824199,West Delhi,Tilak Nagar,2024-09-17
1102,Lakshit Sarin,peter22@example.net,05891704542,East Delhi,Preet Vihar,2024-09-02
1103,Hiral Memon,vedika05@example.com,2092257090,East Delhi,Laxmi Nagar,2023-01-01
1104,Dev Rastogi,hemarout@example.com,+917232472828,West Delhi,Janakpuri,2024-07-09
1105,Ati Ahluwalia,chakrabortyvedika@example.net,8224731261,North Delhi,Model Town,2024-09-11
1106,Kashvi Ahuja,dbhatti@example.com,0119509271,East Delhi,Laxmi Nagar,2024-12-03
1107,Divya Grewal,vbuch@example.org,5370923007,North Delhi,Rohini,2024-05-22
1108,Qushi Murthy,agrawalveda@example.com,1894854329,South Delhi,Greater Kailash,2024-12-06
1109,Odika Kala,ipadmanabhan@example.net,04716198273,East Delhi,Laxmi Nagar,2024-07-20
1110,Fitan Kala,banikaarna@example.com,+912589632174,South Delhi,Malviya Nagar,2024-09-12
1111,Jagvi Sarma,wyatt52@example.com,0648606739,South Delhi,Malviya Nagar,2024-04-29
1112,Zayan Mistry,chavvigoel@example.com,+916462805507,East Delhi,Vivek Vihar,2024-12-21
1113,Aradhana Bedi,cparsa@example.net,05156239209,West Delhi,Paschim Vihar,2024-09-09
1114,Gauri Nair,basakwakeeta@example.net,4091311178,South Delhi,Vasant Kunj,2023-04-13
1115,Girish Bahl,falgunimerchant@example.net,06022069535,East Delhi,Mayur Vihar,2024-08-24
1116,Fiyaz Goel,butalakrishna@example.org,05950026015,West Delhi,Paschim Vihar,2024-04-23
1117,Geetika Kala,idikalad@example.com,9507407173,South Delhi,Saket,2024-09-01
1118,Ubika Bawa,jasmit03@example.net,+910064934039,East Delhi,Laxmi Nagar,2024-08-05
1119,Aarush Mall,jonathan03@example.com,+918941184913,East Delhi,Mayur Vihar,2024-07-17
1120,Owen Parmer,yagnesh59@example.com,+910561006799,West Delhi,Rajouri Garden,2024-10-12
1121,Anirudh Rao,ebhargava@example.net,07740378423,North Delhi,Civil Lines,2023-11-23
1122,Bhavya Mohanty,umang00@example.com,07625503250,East Delhi,Preet Vihar,2024-09-17
1123,Wakeeta Kala,qmunshi@example.org,02417842902,East Delhi,Mayur Vihar,2024-07-23
1124,Theodore Kant,ganga11@example.org,0906053088,East Delhi,Laxmi Nagar,2024-09-06
1125,Yashvi Kulkarni,akshaydoshi@example.org,+916673290457,East Delhi,Laxmi Nagar,2024-12-20
1126,Shravya Naik,gagangarg@example.net,9642603362,North Delhi,Rohini,2024-07-01
1127,Lohit Shankar,irya82@example.org,07709207115,North Delhi,Civil Lines,2024-10-25
1128,Upkaar Ahuja,ranbirsankar@example.net,+911921581897,East Delhi,Mayur Vihar,2024-12-26
1129,Jasmit Chandra,xcherian@example.org,6385588195,East Delhi,Preet Vihar,2024-11-17
1130,Upma Ganesh,rajzansi@example.org,0537893186,East Delhi,Vivek Vihar,2024-04-17
1131,Yashoda Srinivasan,yashodharamajumdar@example.com,00182272002,South Delhi,Malviya Nagar,2024-12-26
1132,Chaitaly Yadav,veerdeshmukh@example.net,+910414474328,East Delhi,Preet Vihar,2024-08-19
1133,Dominic Sama,rohan02@example.net,0203042322,West Delhi,Tilak Nagar,2024-10-13
1134,Widisha Parmer,harshilkohli@example.com,3028165064,South Delhi,Hauz Khas,2024-11-03
1135,Ronith Agate,padmanabhanvihaan@example.com,07569198321,West Delhi,Rajouri Garden,2024-03-23
1136,Neel Chakraborty,eborah@example.com,09029831043,East Delhi,Mayur Vihar,2024-11-21
1137,Ekalinga Ram,jgaba@example.net,+913167080568,South Delhi,Hauz Khas,2024-12-15
1138,Omisha Ramaswamy,ybaria@example.org,6219865504,South Delhi,Greater Kailash,2024-05-04
1139,Aachal Mital,sastryraagini@example.com,+914933965049,North Delhi,Pitampura,2024-05-03
1140,Oliver Setty,kaiganguly@example.com,+916114243625,North Delhi,Pitampura,2024-04-23
1141,Amaira Dora,varmayochana@example.net,+918799196234,North Delhi,Ashok Vihar,2024-06-21
1142,Lajita Lall,sainigam@example.org,+914725058333,East Delhi,Laxmi Nagar,2024-01-30
1143,Samaksh Banerjee,farasbrar@example.net,08760545769,South Delhi,Hauz Khas,2024-05-14
1144,Xalak Narayanan,lratti@example.net,4535365974,South Delhi,Vasant Kunj,2024-09-28
1145,Libni Thakkar,bbhatt@example.org,02125450809,South Delhi,Greater Kailash,2024-10-15
1146,Damini Trivedi,omqasim@example.com,2559664721,East Delhi,Preet Vihar,2024-03-09
1147,Agastya Setty,laban35@example.net,1426140489,North Delhi,Model Town,2024-12-30
1148,Yug Dugar,tdada@example.com,03079637310,East Delhi,Mayur Vihar,2024-01-01
1149,Jairaj Tandon,oliver21@example.org,08718452354,South Delhi,Hauz Khas,2024-08-29
1150,Rachita Tiwari,rlad@example.net,7017320865,South Delhi,Vasant Kunj,2024-05-24
1151,Tristan Saxena,isethi@example.net,06563370140,West Delhi,Janakpuri,2024-12-18
1152,Ishanvi Dua,eyadav@example.org,05800027221,North Delhi,Ashok Vihar,2024-01-08
1153,Quincy Nagarajan,hhayer@example.com,+919439136817,East Delhi,Vivek Vihar,2024-10-30
1154,Bakhshi Issac,horakritika@example.net,05286209297,West Delhi,Dwarka,2024-12-27
1155,Hemangini Datta,indira33@example.org,+912739389920,East Delhi,Laxmi Nagar,2024-02-03
1156,Januja Som,iryakar@example.org,+916618507610,North Delhi,Rohini,2024-11-17
1157,Chakradev Vaidya,lopatank@example.org,2360107126,North Delhi,Pitampura,2024-11-18
1158,Irya Kapadia,gauravtailor@example.net,6484673574,East Delhi,Laxmi Nagar,2024-04-19
1159,Maanav Kadakia,michaeldhar@example.org,8019442589,East Delhi,Laxmi Nagar,2024-05-17
1160,Qarin Gokhale,nidhi06@example.org,5350637311,West Delhi,Janakpuri,2024-07-26
1161,Anita Ranganathan,gmajumdar@example.org,+917538418520,West Delhi,Paschim Vihar,2024-07-02
1162,Thomas Rajan,nandinibhandari@example.net,06397561547,South Delhi,Saket,2024-05-20
1163,Janaki Nagar,elijah21@example.com,+916411955640,West Delhi,Tilak Nagar,2024-03-13
1164,Keya Kakar,shravya87@example.com,+910702042620,South Delhi,Vasant Kunj,2024-12-04
1165,Watika Char,gauravdoctor@example.com,+913936967897,East Delhi,Vivek Vihar,2024-11-05
1166,Balhaar Virk,ekale@example.org,07731922760,East Delhi,Mayur Vihar,2024-11-01
1167,Harinakshi Wali,wsalvi@example.org,3943191654,South Delhi,Saket,2024-05-15
1168,Azaan Vala,qabil31@example.org,+912191505764,North Delhi,Ashok Vihar,2024-09-30
1169,Tanmayi Mander,tamble@example.org,+912687644867,North Delhi,Rohini,2024-08-25
1170,Chameli Sem,fmore@example.com,+916560450063,South Delhi,Saket,2024-11-03
1171,Divya Kannan,cissac@example.net,6496927711,South Delhi,Hauz Khas,2024-12-20
1172,Laksh Rai,ekanijha@example.org,5970255128,South Delhi,Hauz Khas,2024-10-18
1173,Turvi Sachdev,poojamistry@example.org,+915948989596,West Delhi,Rajouri Garden,2024-12-16
1174,Baghyawati Sachdev,tkota@example.com,04344149169,West Delhi,Dwarka,2024-02-20
1175,Xavier Kuruvilla,shravya43@example.net,06408822309,East Delhi,Mayur Vihar,2024-08-04
1176,Xiti Salvi,vanshakamdar@example.net,8894132109,South Delhi,Vasant Kunj,2024-08-01
1177,Kai Bhat,ishwarsrinivas@example.org,05485346557,South Delhi,Greater Kailash,2024-09-20
1178,Jeremiah Barad,advaithbasak@example.com,09646129390,North Delhi,Ashok Vihar,2024-06-12
1179,Lohit Parekh,deshpandeishwar@example.org,7565896359,North Delhi,Model Town,2024-12-24
1180,Urishilla Agate,kbrar@example.net,+911458434566,North Delhi,Rohini,2023-09-09
1181,Frado Bora,kamalabava@example.org,02362203347,North Delhi,Model Town,2024-12-05
1182,Qadim Lanka,pjohal@example.org,+914379686800,North Delhi,Pitampura,2023-12-22
1183,Lohit Mand,jbedi@example.net,+917741743043,North Delhi,Rohini,2024-11-03
1184,Dalbir Dubey,jeevikabatta@example.org,+918946652752,East Delhi,Laxmi Nagar,2024-06-12
1185,Sai Deol,vivaanandra@example.org,+912569133030,North Delhi,Rohini,2024-12-11
1186,Rudra Kulkarni,csidhu@example.org,1675076279,East Delhi,Mayur Vihar,2024-06-29
1187,Divya Krish,ghosearunima@example.net,03012398472,South Delhi,Hauz Khas,2024-10-12
1188,Ayush Kalita,karan02@example.net,07190172224,West Delhi,Paschim Vihar,2024-01-05
1189,Kashvi Bhardwaj,qsachdev@example.net,7177546199,East Delhi,Mayur Vihar,2024-12-10
1190,Aishani Bedi,oparsa@example.net,+918727258122,West Delhi,Dwarka,2024-10-09
1191,Banjeet Oza,wramesh@example.net,04823733791,West Delhi,Rajouri Garden,2024-11-24
1192,Harish De,chadhachampak@example.org,7803586901,North Delhi,Pitampura,2024-09-26
1193,Chandran Sundaram,balendra39@example.org,01999452951,South Delhi,Hauz Khas,2024-06-22
1194,Harsh Gera,luckytailor@example.com,4338722054,East Delhi,Preet Vihar,2023-12-16
1195,Maanas Chowdhury,ygoda@example.net,04963308334,North Delhi,Ashok Vihar,2024-06-11
1196,Chasmum Savant,modyyadavi@example.net,08995047020,North Delhi,Pitampura,2024-10-30
1197,Krishna Tripathi,ekbal95@example.org,7749266329,West Delhi,Paschim Vihar,2024-05-04
1198,Oeshi Kaul,qasim77@example.com,02259206165,West Delhi,Paschim Vihar,2024-12-22
1199,Lucky Desai,pillaynakul@example.org,4115630295,West Delhi,Rajouri Garden,2023-11-30
1200,Neelima Kaul,dkonda@example.net,2629420661,West Delhi,Dwarka,2024-10-10
1201,Aashi Varkey,norigunbir@example.org,+911380049832,North Delhi,Rohini,2024-12-10
1202,Fiyaz Goel,girindraghose@example.org,04815826868,South Delhi,Malviya Nagar,2024-11-05
1203,Neelima Misra,chawlaimaran@example.net,04880644200,North Delhi,Model Town,2024-12-29
1204,Peter Thakkar,osathe@example.net,03585664641,North Delhi,Model Town,2024-12-28
1205,Kai Kalla,pranit19@example.org,6221320410,West Delhi,Janakpuri,2024-12-26
1206,Nihal Kulkarni,isaiahmanda@example.net,08911797269,East Delhi,Mayur Vihar,2024-10-20
1207,Gopal Dyal,indrajitbahri@example.org,+916660200053,West Delhi,Paschim Vihar,2024-12-30
1208,Gayathri Hari,ggulati@example.org,00524383805,East Delhi,Laxmi Nagar,2023-05-16
1209,Omisha Garg,bhasinshravya@example.com,6276332838,West Delhi,Janakpuri,2024-06-11
1210,Samar Kala,vreddy@example.org,5186267136,West Delhi,Paschim Vihar,2024-11-06
1211,Ikbal Acharya,guptamohammed@example.net,2339218835,North Delhi,Ashok Vihar,2023-03-01
1212,Triya Bhatnagar,tnanda@example.net,0677610659,East Delhi,Preet Vihar,2024-12-28
1213,Abeer Yohannan,latayug@example.org,2797617815,East Delhi,Mayur Vihar,2024-03-10
1214,Yatin Mistry,widisha20@example.net,2665686295,South Delhi,Malviya Nagar,2024-11-06
1215,Lakshit Naik,tjayaraman@example.net,9925539460,West Delhi,Tilak Nagar,2024-10-17
1216,Chanchal Deshpande,saxenaamrita@example.net,02966941799,East Delhi,Preet Vihar,2024-11-16
1217,Vedhika Bains,shankardamyanti@example.net,7485994641,North Delhi,Ashok Vihar,2024-12-31
1218,Yamini Mittal,royturvi@example.org,07853698816,East Delhi,Laxmi Nagar,2024-06-27
1219,Ayaan Lanka,diya09@example.org,8605210262,East Delhi,Vivek Vihar,2024-01-29
1220,Balveer Ranganathan,jmann@example.net,+910824845813,North Delhi,Civil Lines,2024-02-17
1221,Ranveer Barman,vasudha48@example.net,+919974185630,East Delhi,Laxmi Nagar,2024-10-31
1222,Sanya Prabhakar,battaaadi@example.org,+915661995305,North Delhi,Civil Lines,2024-10-28
1223,Brinda Chatterjee,rehaan78@example.net,06790870187,East Delhi,Laxmi Nagar,2024-11-15
1224,Oeshi Banerjee,chowdhurysamar@example.com,01034444299,South Delhi,Saket,2024-09-03
1225,Maya Sule,hemal68@example.com,02406221559,East Delhi,Vivek Vihar,2024-09-07
1226,Vanya Devan,pavani22@example.org,+919053347047,South Delhi,Vasant Kunj,2023-06-11
1227,Varsha Ramachandran,bhavya55@example.net,+919652138350,North Delhi,Pitampura,2024-08-17
1228,Finn Devan,gauri53@example.org,+919003622117,West Delhi,Janakpuri,2024-06-28
1229,Luke Sheth,bdugar@example.com,8395855852,West Delhi,Paschim Vihar,2024-04-05
1230,Dalaja Garde,logan51@example.com,+918575917105,North Delhi,Civil Lines,2024-05-13
1231,Champak Patil,george47@example.com,04735352478,East Delhi,Preet Vihar,2023-11-20
1232,Isaac Shenoy,parekhcharita@example.net,7344930537,North Delhi,Model Town,2024-10-24
1233,Tristan Hayer,wagleteerth@example.com,+911338926087,East Delhi,Mayur Vihar,2023-01-12
1234,Ekansh Pandit,varshasoman@example.org,+914862515217,West Delhi,Paschim Vihar,2024-10-04
1235,Nilima Narain,falakkara@example.com,0189156734,West Delhi,Dwarka,2024-11-07
1236,Lakshmi Taneja,srinivassaanvi@example.net,02969143362,North Delhi,Ashok Vihar,2024-10-18
1237,Krisha Sani,harita09@example.net,9001089857,South Delhi,Vasant Kunj,2024-08-14
1238,Anay Wali,harinigade@example.org,1896844246,East Delhi,Laxmi Nagar,2024-06-04
1239,Yoshita Varughese,tanvi95@example.com,+918575958281,South Delhi,Hauz Khas,2023-09-08
1240,Praneel Dhar,sastryturvi@example.net,9124883971,West Delhi,Paschim Vihar,2024-11-14
1241,Akshay Narasimhan,adweta51@example.com,+916728681123,West Delhi,Rajouri Garden,2023-06-10
1242,Shaurya Wable,radha81@example.org,3978145900,East Delhi,Preet Vihar,2024-11-12
1243,Henry Saxena,xbatta@example.com,+918669335158,North Delhi,Model Town,2024-06-10
1244,Ucchal Arora,robert26@example.org,1193910382,North Delhi,Model Town,2024-08-11
1245,Damyanti Desai,ikshita13@example.net,00908581810,South Delhi,Malviya Nagar,2024-09-12
1246,Falak Bhat,chandanikala@example.net,03615873662,East Delhi,Preet Vihar,2024-01-07
1247,Farhan Kalla,yashodhara96@example.net,+913539005856,West Delhi,Paschim Vihar,2023-11-17
1248,Jeevika Manne,fkoshy@example.net,06639792551,West Delhi,Rajouri Garden,2024-12-05
1249,Ladli Mannan,mayabasak@example.net,+918377270289,East Delhi,Laxmi Nagar,2024-08-19
1250,Kritika Rout,ozazaid@example.com,+918164416101,East Delhi,Vivek Vihar,2024-06-21
1251,Ekiya Jayaraman,chandani64@example.org,01038802730,North Delhi,Ashok Vihar,2023-07-06
1252,Luke Sur,bjoshi@example.org,1444718939,West Delhi,Dwarka,2023-01-17
1253,Siddharth Bains,abasu@example.com,04909228849,North Delhi,Ashok Vihar,2024-11-07
1254,Anamika Nagarajan,isaac35@example.net,7271743068,North Delhi,Model Town,2024-07-22
1255,Hitesh Rajagopal,bakhshi34@example.org,8818738775,East Delhi,Preet Vihar,2024-07-09
1256,Vivaan Kala,wmander@example.com,00413090915,South Delhi,Vasant Kunj,2024-02-17
1257,Yauvani Saini,grewaljoshua@example.com,+915420412319,North Delhi,Civil Lines,2024-10-14
1258,Ishani Seshadri,adesai@example.com,01007941932,North Delhi,Civil Lines,2024-10-02
1259,Kamya Khatri,bhargavavasudha@example.net,4122487098,West Delhi,Janakpuri,2023-04-27
1260,Matthew Ramakrishnan,niharika32@example.org,01742240432,West Delhi,Tilak Nagar,2024-01-20
1261,Harish Chokshi,banikreyansh@example.com,08616307028,South Delhi,Vasant Kunj,2024-11-10
1262,Saumya Gara,doshibakhshi@example.org,5366219536,North Delhi,Civil Lines,2024-06-17
1263,Advaith Nori,msoni@example.com,+910173259007,East Delhi,Vivek Vihar,2024-08-04
1264,Triya Chakraborty,bakhshiseth@example.org,+911138690871,South Delhi,Malviya Nagar,2024-08-29
1265,Warhi Dhar,jagdishbakshi@example.com,04617192817,North Delhi,Pitampura,2024-12-30
1266,Suhani Kunda,yash60@example.org,+914422521602,North Delhi,Ashok Vihar,2023-09-19
1267,Pratyush Kala,fitan20@example.net,04772690326,South Delhi,Greater Kailash,2024-12-23
1268,Diya Chandra,kalpitsinghal@example.com,+917948024559,South Delhi,Vasant Kunj,2024-11-26
1269,Isaac Raja,deephitesh@example.org,1589126864,East Delhi,Vivek Vihar,2024-03-09
1270,Aadhya Srinivas,rvarkey@example.com,+913760088447,South Delhi,Malviya Nagar,2024-11-11
1271,Arjun Vaidya,rakshachakrabarti@example.net,+919074992164,North Delhi,Civil Lines,2023-11-22
1272,Chandresh Raval,mayadatta@example.org,03484864708,North Delhi,Model Town,2023-11-11
1273,Jacob Kapur,rnagar@example.com,+912021237205,South Delhi,Greater Kailash,2023-06-23
1274,Aarav Joshi,aarnavbhat@example.org,+918863467391,North Delhi,Rohini,2024-04-18
1275,Aarush Varty,darazayyan@example.org,00091692327,North Delhi,Civil Lines,2024-10-03
1276,Tanmayi Wali,ybasu@example.org,5481867463,North Delhi,Civil Lines,2024-12-21
1277,Chandresh Bajaj,theodore36@example.org,+913711815198,East Delhi,Mayur Vihar,2024-11-03
1278,Aashi Narayan,dayamaidoctor@example.org,+914015353466,North Delhi,Model Town,2023-01-01
1279,Sanya Nagy,skrishna@example.net,4667201082,North Delhi,Ashok Vihar,2024-07-31
1280,Amol Dewan,tripathimax@example.org,3879402620,South Delhi,Vasant Kunj,2024-01-28
1281,Xiti Boase,slala@example.com,+917353642357,North Delhi,Model Town,2023-12-20
1282,Abhiram Menon,duttagirindra@example.net,+918518161255,West Delhi,Paschim Vihar,2024-12-26
1283,Bhavini Rao,balaydarsh@example.com,2304660012,East Delhi,Mayur Vihar,2024-04-25
1284,Luke Shanker,balangaurav@example.net,2329615120,North Delhi,Model Town,2023-06-17
1285,Kavya Apte,bsanghvi@example.com,+914460422763,South Delhi,Saket,2024-06-10
1286,Leela Bakshi,chakrabartigaurangi@example.org,+915734724358,North Delhi,Pitampura,2024-09-21
1287,Fiyaz Swaminathan,kwarrior@example.org,01272670866,West Delhi,Dwarka,2024-08-04
1288,Indali Ratta,kalpitmajumdar@example.org,7687849477,North Delhi,Civil Lines,2024-10-21
1289,Nathaniel Bhasin,janakiaurora@example.org,01848974223,East Delhi,Mayur Vihar,2024-12-04
1290,Anita Kadakia,chatresh46@example.net,08212156495,East Delhi,Mayur Vihar,2023-11-06
1291,Ishanvi Kunda,anayratta@example.net,4411197388,South Delhi,Malviya Nagar,2024-09-25
1292,Manan Sheth,aarnavsanghvi@example.org,03594882188,West Delhi,Janakpuri,2023-12-02
1293,Oni Yadav,ravelnidhi@example.com,+915110212543,South Delhi,Vasant Kunj,2024-11-20
1294,Fitan Grewal,ayushmandani@example.net,00498603721,West Delhi,Rajouri Garden,2024-10-29
1295,Chatresh Bhardwaj,nihalbhatia@example.net,+911978999011,West Delhi,Paschim Vihar,2024-07-03
1296,Bachittar Arya,chamelisoman@example.org,+911719786016,East Delhi,Vivek Vihar,2024-10-30
1297,Isha Behl,guneet94@example.net,08550113753,East Delhi,Laxmi Nagar,2024-09-12
1298,Noah Dar,sodhiojas@example.net,7807279037,East Delhi,Vivek Vihar,2024-02-20
1299,Ojasvi Cherian,jbala@example.net,1972239964,East Delhi,Laxmi Nagar,2024-05-12
1300,Vritti Dara,vedhikanigam@example.org,+917681024808,North Delhi,Model Town,2024-02-22
1301,Indira Shroff,auroraomkaar@example.net,04323622169,South Delhi,Hauz Khas,2024-09-10
1302,Leena Raja,tamanna46@example.net,00675169139,North Delhi,Ashok Vihar,2024-09-23
1303,Lucky Chakraborty,christopher16@example.com,+916107033508,North Delhi,Pitampura,2024-04-14
1304,Naksh Manda,isaiahyohannan@example.org,2484813004,North Delhi,Pitampura,2024-09-26
1305,Pavani Borde,muttiveer@example.org,+911516758646,South Delhi,Malviya Nagar,2024-05-14
1306,Vihaan Narayan,dayitachana@example.org,+915014764278,West Delhi,Tilak Nagar,2024-10-27
1307,Jason Nagarajan,jkoshy@example.com,01281775123,East Delhi,Vivek Vihar,2024-12-31
1308,Widisha Toor,omjanaki@example.com,+916097236024,East Delhi,Vivek Vihar,2023-04-28
1309,Radhika Pingle,pahal77@example.org,+915171073087,South Delhi,Greater Kailash,2024-06-19
1310,Janaki Rajagopalan,vasana83@example.com,0317543802,East Delhi,Laxmi Nagar,2024-01-27
1311,Chaman Bora,yahvi57@example.net,+916029254686,East Delhi,Preet Vihar,2024-10-28
1312,Shravya Grewal,chakradev76@example.com,02076327135,South Delhi,Malviya Nagar,2024-05-21
1313,Nandini Soni,wdevi@example.net,+913868790604,East Delhi,Mayur Vihar,2024-11-25
1314,Vivaan Goda,nattkamala@example.org,00508927396,South Delhi,Greater Kailash,2023-01-01
1315,Falak Sengupta,xkurian@example.org,03567078977,West Delhi,Tilak Nagar,2024-08-13
1316,Hemangini Kumar,rajatabose@example.net,0384227362,West Delhi,Rajouri Garden,2024-10-06
1317,Samuel Gole,godaparth@example.net,+917111757691,East Delhi,Mayur Vihar,2024-04-23
1318,Hredhaan Sampath,daksheshmenon@example.org,8514486983,West Delhi,Dwarka,2024-11-05
1319,Kavya Gill,sandalabhiram@example.org,2202698014,South Delhi,Hauz Khas,2024-11-05
1320,Mitali Luthra,dbrahmbhatt@example.com,0177031637,West Delhi,Janakpuri,2024-09-04
1321,Hema Apte,mannerushil@example.org,+916724469317,North Delhi,Ashok Vihar,2023-07-14
1322,Arya Sawhney,jkhurana@example.org,3906540259,East Delhi,Laxmi Nagar,2024-12-06
1323,Ikbal Kanda,joshuashere@example.net,+917281291635,North Delhi,Rohini,2024-08-24
1324,Chanchal Sanghvi,dassqushi@example.net,07652728453,North Delhi,Civil Lines,2024-10-10
1325,Alka Prakash,sethiaadi@example.net,6406756020,North Delhi,Model Town,2024-05-30
1326,Harshil Garg,gandhiquincy@example.org,04390448909,West Delhi,Dwarka,2024-03-14
1327,Oscar Dugar,reyansh33@example.org,+912351025550,East Delhi,Mayur Vihar,2024-12-07
1328,Upkaar Nazareth,falguni03@example.com,8884393332,North Delhi,Rohini,2024-11-04
1329,Yatin Ramesh,poojadeo@example.org,0598312441,East Delhi,Laxmi Nagar,2024-11-22
1330,Dakshesh Sawhney,maya59@example.net,2012376317,North Delhi,Ashok Vihar,2023-02-09
1331,Dayamai Prabhu,nathaniel10@example.com,+919419375919,East Delhi,Laxmi Nagar,2024-05-28
1332,Pratyush Randhawa,sborra@example.org,+917536264752,West Delhi,Tilak Nagar,2023-07-21
1333,Zayan Rajagopal,dharatharv@example.net,01730099284,North Delhi,Rohini,2024-10-06
1334,Laksh Madan,halderojas@example.net,+911535505143,East Delhi,Vivek Vihar,2024-03-29
1335,Harish Cheema,wazir08@example.com,09724792542,West Delhi,Paschim Vihar,2024-10-05
1336,Girik Thaker,aachalnagy@example.net,1920487706,East Delhi,Mayur Vihar,2024-02-07
1337,Lavanya Issac,wahabgarde@example.net,8651590257,West Delhi,Janakpuri,2024-07-12
1338,Rachita Maharaj,venkateshgauri@example.net,5883825672,South Delhi,Malviya Nagar,2024-12-13
1339,Orinder Badami,mitali72@example.net,2543551962,West Delhi,Dwarka,2024-08-28
1340,Orinder Goswami,abhiram18@example.org,06247286394,South Delhi,Hauz Khas,2024-08-16
1341,Agastya Chana,nicholaskorpal@example.com,+914992900966,West Delhi,Dwarka,2024-09-21
1342,Sachi Baral,nimratrastogi@example.org,05095632174,North Delhi,Civil Lines,2024-09-04
1343,Anirudh Kata,bedifrado@example.net,+913538922247,West Delhi,Tilak Nagar,2023-05-25
1344,Gabriel Kapadia,sahluwalia@example.org,00827705646,South Delhi,Greater Kailash,2023-07-02
1345,Omya Bhakta,isarin@example.com,03850095372,West Delhi,Dwarka,2023-12-17
1346,Anika Sampath,saxenapavani@example.net,+913133610944,North Delhi,Ashok Vihar,2024-06-11
1347,Radhika Mistry,ryanchaudhary@example.com,04413727768,West Delhi,Janakpuri,2023-12-28
1348,Vansha Salvi,samisathvik@example.com,4290461755,East Delhi,Laxmi Nagar,2024-03-20
1349,Yasti Sastry,chadhawarda@example.net,9324202483,East Delhi,Preet Vihar,2024-07-08
1350,Darika Loke,faras72@example.org,05653869479,East Delhi,Preet Vihar,2024-02-14
1351,Noah Parmer,kala36@example.org,08904723864,East Delhi,Mayur Vihar,2024-12-29
1352,Advik Aggarwal,utkarsh85@example.net,07421643599,West Delhi,Paschim Vihar,2024-11-24
1353,Bachittar Kannan,ewalla@example.com,6047614378,West Delhi,Tilak Nagar,2024-10-27
1354,Anya Kala,zbehl@example.net,01875646726,East Delhi,Vivek Vihar,2024-07-10
1355,Netra Bhavsar,chameli18@example.com,9900277291,North Delhi,Pitampura,2024-05-08
1356,Zansi Morar,banjeet78@example.com,+914356605033,South Delhi,Malviya Nagar,2024-12-19
1357,Amara Sandal,siddharthbala@example.com,07306718222,East Delhi,Laxmi Nagar,2024-11-01
1358,Nirja Soman,finn90@example.net,08865385906,West Delhi,Rajouri Garden,2024-06-06
1359,Samesh Sachdeva,dakshagara@example.net,9876055049,North Delhi,Civil Lines,2024-12-21
1360,Liam Dalal,qbhargava@example.net,6186706632,East Delhi,Mayur Vihar,2023-07-30
1361,Ekaraj Ratti,alexandersom@example.org,9289198271,North Delhi,Ashok Vihar,2024-06-14
1362,Omya Naidu,virajsheth@example.org,00864942694,East Delhi,Mayur Vihar,2024-11-22
1363,Ayushman Jhaveri,gagankhanna@example.com,09014599670,East Delhi,Vivek Vihar,2024-04-25
1364,Praneel Bhatt,reva30@example.com,09824388430,West Delhi,Paschim Vihar,2024-11-03
1365,Faqid Shukla,sachdevaurishilla@example.net,+916643158901,South Delhi,Saket,2023-10-15
1366,Zayyan Dhar,narasimhanaarav@example.org,00170926407,West Delhi,Janakpuri,2024-09-15
1367,Samar Balasubramanian,vasadominic@example.com,+916282968244,South Delhi,Hauz Khas,2024-12-12
1368,Ayushman Bahl,hdin@example.net,9592741168,South Delhi,Malviya Nagar,2023-02-05
1369,Pallavi Chowdhury,kchoudhary@example.com,06208082039,North Delhi,Pitampura,2024-11-24
1370,Tanmayi Bhandari,oviyahayer@example.net,04435962458,West Delhi,Rajouri Garden,2024-11-20
1371,Abeer Bumb,advaymerchant@example.net,2425369091,North Delhi,Ashok Vihar,2024-12-18
1372,Udant Shanker,yuvraj02@example.net,09760396702,East Delhi,Preet Vihar,2024-08-23
1373,Xavier Prashad,kiaan40@example.com,03648187540,East Delhi,Vivek Vihar,2024-07-05
1374,Mugdha Magar,jagatpandey@example.net,7738546623,West Delhi,Janakpuri,2024-06-04
1375,Vihaan Sangha,rajneha@example.com,9864912594,South Delhi,Greater Kailash,2024-07-22
1376,Owen Deshmukh,kundaquincy@example.net,6226992066,East Delhi,Laxmi Nagar,2023-09-21
1377,Elijah Setty,mgoel@example.com,09992998335,West Delhi,Dwarka,2024-09-21
1378,Mugdha Varma,ctandon@example.net,+915604134820,West Delhi,Paschim Vihar,2024-09-12
1379,Yatin Chandran,ryan98@example.net,+919122600014,East Delhi,Mayur Vihar,2024-08-08
1380,Chandran Shukla,ndin@example.net,1430491341,North Delhi,Model Town,2024-05-26
1381,Samarth Varty,jnagy@example.net,7209986564,South Delhi,Greater Kailash,2024-06-12
1382,Krishna Minhas,narayanmatthew@example.org,2353097669,North Delhi,Rohini,2024-08-19
1383,Advika Rattan,bahadurjitpingle@example.com,2017530796,East Delhi,Vivek Vihar,2024-12-31
1384,Harish Vora,enath@example.org,4043474125,West Delhi,Rajouri Garden,2024-12-09
1385,Elijah Hari,zmutti@example.org,+910777321750,North Delhi,Model Town,2024-07-14
1386,Oni Chadha,chakradevdin@example.net,09991938733,East Delhi,Preet Vihar,2023-08-16
1387,Banjeet Gupta,qarin44@example.com,04890476078,North Delhi,Civil Lines,2024-04-09
1388,Kabir Kar,dominic07@example.com,01917085173,West Delhi,Janakpuri,2024-10-08
1389,Idika Brar,indira63@example.com,+919185805581,North Delhi,Ashok Vihar,2024-07-07
1390,Ekani Seth,anika96@example.net,03916077004,North Delhi,Ashok Vihar,2023-08-24
1391,Yatan Arora,eiravati41@example.net,00398221803,North Delhi,Ashok Vihar,2023-08-14
1392,Meera Dyal,khareyoshita@example.com,8640788026,South Delhi,Vasant Kunj,2024-05-13
1393,Nakul Nigam,rajabarkha@example.net,09333562303,South Delhi,Saket,2024-05-03
1394,Charita Lall,thakuryashica@example.org,07089870920,South Delhi,Hauz Khas,2024-08-29
1395,George Zachariah,tristan11@example.org,2661158485,East Delhi,Preet Vihar,2024-10-21
1396,Hemal Gaba,lkhosla@example.net,+911960472205,West Delhi,Dwarka,2024-12-16
1397,Upma Amble,rsood@example.com,4470823171,North Delhi,Ashok Vihar,2024-01-11
1398,Madhavi Borah,yagnesh94@example.com,06626235960,West Delhi,Tilak Nagar,2024-08-24
1399,Vincent Arya,leenaborah@example.net,4025787036,East Delhi,Preet Vihar,2023-01-01
1400,Chanakya Narayanan,ramaswamywarjas@example.org,06360502816,West Delhi,Rajouri Garden,2024-08-11
1401,Abhiram Dara,kalitacaleb@example.net,+912030252094,North Delhi,Model Town,2024-05-28
1402,Nakul Iyengar,kprabhakar@example.com,9531926009,North Delhi,Rohini,2024-02-28
1403,Caleb Deol,fpalla@example.com,5449205489,East Delhi,Vivek Vihar,2023-10-22
1404,Bhavika Narayan,yoshitachana@example.org,0818965583,West Delhi,Rajouri Garden,2024-11-18
1405,Barkha Narayanan,kravi@example.org,5217970566,North Delhi,Civil Lines,2024-11-10
1406,Wahab Rege,salviliam@example.com,6070472660,West Delhi,Dwarka,2024-09-12
1407,Ronith Pandit,pauyamini@example.com,+911530173167,East Delhi,Preet Vihar,2024-07-17
1408,Diya Sampath,palanria@example.net,+915224413395,East Delhi,Vivek Vihar,2024-12-16
1409,Riya Lanka,prashadaishani@example.net,5315790571,West Delhi,Janakpuri,2023-12-08
1410,Mitali Saran,nidhi93@example.com,06183359748,East Delhi,Mayur Vihar,2024-08-31
1411,Meghana Amble,upadhriti02@example.org,7718430192,East Delhi,Laxmi Nagar,2024-03-28
1412,Atharv Parsa,psuresh@example.org,+912973239644,East Delhi,Preet Vihar,2024-08-24
1413,Quincy Deol,wriddhish26@example.com,09924277392,East Delhi,Vivek Vihar,2023-01-01
1414,Hamsini Dhaliwal,deshpandewilliam@example.net,+910914016933,West Delhi,Dwarka,2024-04-10
1415,Zaitra Mallick,lakshit34@example.com,1998290755,North Delhi,Rohini,2024-11-20
1416,Falguni Luthra,jonathan60@example.com,06999138310,East Delhi,Laxmi Nagar,2024-10-19
1417,Maya Mane,tanaydubey@example.org,02277773316,West Delhi,Paschim Vihar,2023-10-14
1418,Mitali Ratti,vanya07@example.org,+918503605952,North Delhi,Rohini,2024-12-25
1419,Krishna Mani,baradurvashi@example.net,00274067582,East Delhi,Laxmi Nagar,2024-09-27
1420,Sudiksha Salvi,kamyaagate@example.com,+910036385646,South Delhi,Greater Kailash,2024-07-02
1421,Barkha Sem,divya97@example.net,3183997984,South Delhi,Saket,2024-08-29
1422,Aarini Toor,lbanerjee@example.net,5504932664,South Delhi,Vasant Kunj,2024-12-03
1423,Joshua Deep,aariniraj@example.org,+911289811594,East Delhi,Vivek Vihar,2024-09-25
1424,Vedant Krishnamurthy,agrawalelijah@example.org,7622398474,East Delhi,Preet Vihar,2024-03-30
1425,Neel Om,vshenoy@example.net,7188822378,South Delhi,Hauz Khas,2024-11-21
1426,Dalbir Narayan,ekansh68@example.org,01349564799,South Delhi,Malviya Nagar,2024-09-08
1427,Mahika Bakshi,yutika67@example.net,09638309723,West Delhi,Paschim Vihar,2024-11-19
1428,Jagdish Bedi,dhaliwalomisha@example.org,06201655578,North Delhi,Civil Lines,2024-09-28
1429,Arunima Narayanan,zvirk@example.com,05751247640,South Delhi,Hauz Khas,2024-11-07
1430,Charles Raju,hnazareth@example.com,2405166545,South Delhi,Malviya Nagar,2024-11-30
1431,Mitesh Gill,chasmum41@example.net,9740233868,North Delhi,Rohini,2024-11-25
1432,Anay Vala,eeshasinghal@example.org,1703630944,North Delhi,Model Town,2023-12-13
1433,Simon Vala,lbhat@example.org,5089830941,North Delhi,Ashok Vihar,2024-09-16
1434,Amruta Arora,mbhatti@example.com,7972452841,West Delhi,Tilak Nagar,2024-12-30
1435,Janani Ramachandran,agastya45@example.org,03567480957,West Delhi,Paschim Vihar,2024-09-17
1436,Zayan Bahl,chakradev26@example.org,+919442031589,South Delhi,Hauz Khas,2024-10-13
1437,Gaurangi Verma,anay73@example.com,+910319777486,East Delhi,Preet Vihar,2024-02-18
1438,Janani Pau,moreekalinga@example.net,04823088295,North Delhi,Pitampura,2024-10-26
1439,Yoshita Malhotra,salvinathan@example.org,3260586942,West Delhi,Tilak Nagar,2024-10-21
1440,Osha Srivastava,zaitra31@example.com,+910662931518,South Delhi,Hauz Khas,2024-08-27
1441,Upadhriti Zachariah,chaitalydin@example.com,05946989062,East Delhi,Vivek Vihar,2023-12-21
1442,Kiaan Sharma,thomassom@example.org,09890223790,North Delhi,Pitampura,2024-10-03
1443,Priya Mutti,sara08@example.com,07954176755,East Delhi,Laxmi Nagar,2024-08-28
1444,Faras Zachariah,sethishivansh@example.com,1591579089,South Delhi,Hauz Khas,2024-01-14
1445,Kala Uppal,zganesh@example.net,+918488763802,South Delhi,Hauz Khas,2024-10-16
1446,Varenya Rastogi,dorawazir@example.net,01219051881,West Delhi,Dwarka,2024-09-26
1447,Lila Chaudhari,avisuresh@example.org,06901079237,East Delhi,Preet Vihar,2024-10-29
1448,Maanas Ram,udarshmaharaj@example.net,6497035067,East Delhi,Laxmi Nagar,2024-09-27
1449,Triveni Vaidya,yvenkataraman@example.net,+913557077312,West Delhi,Paschim Vihar,2024-11-15
1450,Harish Naidu,harini05@example.com,0521879938,East Delhi,Laxmi Nagar,2024-11-29
1451,Ati Lall,mukhopadhyayjhalak@example.net,3114147012,West Delhi,Tilak Nagar,2024-05-17
1452,Ekantika Bawa,nandiniwason@example.com,+915689109779,South Delhi,Vasant Kunj,2024-08-23
1453,Chatresh Dhar,chasmumloke@example.com,08446794036,South Delhi,Hauz Khas,2024-10-16
1454,Chanchal Bains,sankarantejas@example.org,5737831597,South Delhi,Greater Kailash,2024-05-08
1455,Sneha Dyal,revakaur@example.org,6830291585,East Delhi,Preet Vihar,2024-12-08
1456,Nihal Karan,parthmital@example.org,05185483966,East Delhi,Vivek Vihar,2024-07-27
1457,Unnati Johal,bishakha67@example.net,06215958417,South Delhi,Hauz Khas,2024-11-19
1458,Ishwar Samra,satheaarush@example.com,+912218169814,East Delhi,Preet Vihar,2024-11-29
1459,Vedant Mital,varsha60@example.net,4837740292,East Delhi,Preet Vihar,2024-11-05
1460,Bhavya Khurana,ayushdoshi@example.com,5099621836,South Delhi,Vasant Kunj,2024-08-01
1461,Sneha Sharaf,purohitojasvi@example.com,01025634202,East Delhi,Laxmi Nagar,2024-09-26
1462,Kiaan Kannan,balveer13@example.net,06836759017,North Delhi,Rohini,2024-08-13
1463,Ekbal Narang,dakshamajumdar@example.com,+914409233517,South Delhi,Saket,2024-11-28
1464,Megha Patel,imohanty@example.com,+911863726319,South Delhi,Saket,2024-09-27
1465,Lakshmi Natt,nakul27@example.net,06414900385,South Delhi,Hauz Khas,2024-07-05
1466,Praneel Natt,devansh34@example.com,4867228839,West Delhi,Tilak Nagar,2024-05-31
1467,Charita Singh,vivaanbhatti@example.com,04615749325,North Delhi,Pitampura,2024-10-18
1468,Ishwar Lad,hvora@example.com,5312040954,West Delhi,Janakpuri,2024-08-24
1469,Ridhi Tandon,gsandal@example.net,+910858001873,North Delhi,Pitampura,2024-04-15
1470,Devika Jhaveri,nairgeorge@example.org,03678621078,East Delhi,Mayur Vihar,2024-04-09
1471,Tanmayi Chatterjee,raviekaja@example.com,02570680269,East Delhi,Laxmi Nagar,2024-04-06
1472,Yash Bora,adya23@example.org,00023028655,South Delhi,Hauz Khas,2024-01-16
1473,Eta Devi,bhavyachandran@example.org,02066701514,East Delhi,Laxmi Nagar,2024-09-28
1474,Lucky Bahl,rattipanini@example.org,+918222240053,North Delhi,Pitampura,2024-11-16
1475,Qarin Goda,pradhankrishna@example.org,0190113484,South Delhi,Vasant Kunj,2023-12-13
1476,Udant Chaudhuri,vedantghosh@example.com,+918613239456,South Delhi,Vasant Kunj,2024-05-30
1477,Gauri Date,dakshagrewal@example.net,04497602498,West Delhi,Rajouri Garden,2024-09-10
1478,Pushti Hans,owen09@example.com,+916773498529,South Delhi,Hauz Khas,2024-09-03
1479,Vincent Parekh,vchanda@example.net,+916655914762,East Delhi,Preet Vihar,2024-03-24
1480,Yatin Vaidya,sahaomaja@example.com,+914753369524,South Delhi,Malviya Nagar,2024-11-25
1481,Anika Ramesh,qnadkarni@example.org,03896298532,South Delhi,Hauz Khas,2023-12-12
1482,Samaksh Rama,tdora@example.org,07127638354,East Delhi,Mayur Vihar,2024-12-17
1483,Bhavini Roy,xiti63@example.net,0616824979,South Delhi,Hauz Khas,2024-03-14
1484,Faras Sagar,pandyaudarsh@example.net,1168371030,East Delhi,Vivek Vihar,2024-11-21
1485,Sathvik Som,ladlibhargava@example.com,2014896780,West Delhi,Paschim Vihar,2024-11-25
1486,Libni Maharaj,jacobdeep@example.org,06394762542,West Delhi,Paschim Vihar,2024-01-27
1487,Lipika Minhas,nidra33@example.net,+917299403694,West Delhi,Rajouri Garden,2023-01-11
1488,Imaran Golla,trajagopal@example.com,7196706833,South Delhi,Saket,2024-08-24
1489,Thomas Choudhry,cheemalopa@example.org,+915901639949,South Delhi,Vasant Kunj,2023-01-01
1490,Finn Hayer,vincentmagar@example.com,+917673481409,East Delhi,Preet Vihar,2024-10-23
1491,Gaurang Bhatia,sarafwakeeta@example.net,+910148116049,East Delhi,Mayur Vihar,2024-10-15
1492,Aryan Batta,neel02@example.net,6616801990,West Delhi,Dwarka,2024-05-25
1493,Bishakha Dhawan,iyeraarna@example.net,5484203531,West Delhi,Dwarka,2024-10-09
1494,Darsh Sridhar,sunderharish@example.org,6015711713,East Delhi,Preet Vihar,2024-10-15
1495,Guneet More,deshmukhchavvi@example.com,0288141128,West Delhi,Dwarka,2024-10-07
1496,Chandani Nadig,vedhikaborde@example.net,+916785764639,South Delhi,Hauz Khas,2024-10-08
1497,William Buch,tatacharvi@example.net,+916194232154,East Delhi,Vivek Vihar,2024-12-13
1498,Faqid Khanna,nayaktejas@example.com,+916962616845,West Delhi,Rajouri Garden,2024-07-28
1499,Oliver Naidu,watikamuni@example.org,+912547179899,North Delhi,Model Town,2024-08-11
1500,Jagrati Sandhu,gmandal@example.net,3005195675,West Delhi,Tilak Nagar,2024-10-15
1501,Sathvik Pau,yamini42@example.org,01726625650,West Delhi,Janakpuri,2024-04-20
1502,Lavanya Anand,qbajaj@example.org,+914413068624,East Delhi,Laxmi Nagar,2024-11-20
1503,Yauvani Saxena,ahluwaliaaarush@example.net,06890417282,West Delhi,Tilak Nagar,2024-10-05
1504,Urmi Reddy,rehaanthaker@example.net,+911522328222,West Delhi,Rajouri Garden,2024-10-16
1505,Bhanumati Arya,urishilla52@example.net,+915999400410,South Delhi,Malviya Nagar,2024-11-30
1506,Sneha D’Alia,kashishchaudry@example.net,+913505357228,West Delhi,Dwarka,2024-09-20
1507,Abhimanyu Sarkar,jacob57@example.net,+919783028010,South Delhi,Vasant Kunj,2024-01-22
1508,Harsh Mani,xavier41@example.net,02814478674,North Delhi,Model Town,2024-10-27
1509,Balhaar Gill,uppaludant@example.org,03578037891,North Delhi,Pitampura,2024-05-21
1510,Gunbir Kapadia,pkrishna@example.net,09905585575,West Delhi,Dwarka,2024-11-25
1511,Ansh Mall,aadisaini@example.net,09045289860,North Delhi,Civil Lines,2024-01-11
1512,Ekalinga Bava,anarula@example.com,+913745701652,South Delhi,Vasant Kunj,2024-05-14
1513,Oeshi Chander,omyabiswas@example.com,8025308437,East Delhi,Mayur Vihar,2024-08-07
1514,Naveen Rao,amruta47@example.com,+915084232423,South Delhi,Saket,2024-12-06
1515,Yauvani Agrawal,mahalfariq@example.com,2415536915,East Delhi,Preet Vihar,2024-09-15
1516,Divya Shanker,ayush62@example.com,6024257033,South Delhi,Hauz Khas,2024-11-04
1517,Maanas Nigam,jagrati23@example.org,08286304029,South Delhi,Hauz Khas,2024-11-06
1518,Manya Gour,savantnakul@example.org,04292204167,South Delhi,Greater Kailash,2024-07-02
1519,Jagdish Parmer,patrickravi@example.com,3706325031,North Delhi,Pitampura,2024-02-21
1520,Naksh Tella,mittalishita@example.org,+912061901933,North Delhi,Model Town,2024-11-03
1521,Kashvi Kara,fsur@example.net,+910002956162,East Delhi,Vivek Vihar,2024-02-23
1522,Harini Puri,waida18@example.net,05940799230,South Delhi,Malviya Nagar,2024-03-03
1523,Hemangini Kalla,vivaanbutala@example.com,7781456474,West Delhi,Paschim Vihar,2024-04-08
1524,Sachi Arya,merchantira@example.org,9117766650,West Delhi,Paschim Vihar,2024-12-02
1525,Peter Sinha,ibhavsar@example.org,2815780619,West Delhi,Rajouri Garden,2024-09-10
1526,Nachiket Deo,ekapadcomar@example.com,08706763532,South Delhi,Malviya Nagar,2023-12-17
1527,Rushil Sunder,zachariaishani@example.net,+911268485637,East Delhi,Mayur Vihar,2024-08-07
1528,Fiyaz Mangal,devikahans@example.org,+910375398923,West Delhi,Janakpuri,2024-03-31
1529,Sarthak Dhar,rajeshri59@example.net,8669327841,North Delhi,Civil Lines,2024-08-24
1530,Saksham Taneja,koommen@example.org,03820114065,East Delhi,Laxmi Nagar,2024-09-19
1531,Priya Ramaswamy,qarin67@example.org,01272455337,North Delhi,Model Town,2024-01-31
1532,Manya Murthy,asingh@example.com,7849622494,East Delhi,Laxmi Nagar,2024-07-30
1533,Jai Bains,niharika25@example.org,09296568512,West Delhi,Dwarka,2023-01-01
1534,Oviya Date,tsahni@example.com,+919350979344,East Delhi,Laxmi Nagar,2024-04-27
1535,Elijah Deep,mitrarajeshri@example.net,00223477804,West Delhi,Tilak Nagar,2024-01-15
1536,Waida Sheth,kashvidada@example.net,00703398214,North Delhi,Civil Lines,2024-11-12
1537,Maanas Kibe,saidugal@example.net,+919451676706,East Delhi,Vivek Vihar,2024-09-27
1538,Niharika Kanda,zinalsandhu@example.org,+911122008484,North Delhi,Civil Lines,2024-12-27
1539,Lipika Kulkarni,samarthkala@example.com,09608289671,East Delhi,Laxmi Nagar,2024-03-31
1540,Lakshmi Anand,zehaan94@example.com,2085649013,East Delhi,Preet Vihar,2024-10-25
1541,Advika Pingle,kalekavya@example.org,0115461758,West Delhi,Tilak Nagar,2024-11-14
1542,Chanakya Kalita,mangalaadhya@example.net,+910404315668,South Delhi,Saket,2024-05-25
1543,Faqid Kala,rayaan81@example.com,3747558030,West Delhi,Dwarka,2024-12-31
1544,Harshil Rau,lakshmi47@example.org,07840190271,East Delhi,Vivek Vihar,2024-09-26
1545,Samarth Sule,saringirik@example.org,08668611997,North Delhi,Model Town,2024-10-03
1546,Reva Parekh,rushildutta@example.com,+917050583534,West Delhi,Tilak Nagar,2024-07-01
1547,Ekalinga Pall,cnarang@example.net,+918535339982,East Delhi,Mayur Vihar,2024-06-12
1548,Nathaniel Rama,gdhar@example.com,7580158466,North Delhi,Civil Lines,2024-07-29
1549,Sathvik Agrawal,abeerdoshi@example.net,03272766983,West Delhi,Dwarka,2024-01-01
1550,Edhitha Boase,darsh25@example.org,5461308730,East Delhi,Preet Vihar,2024-10-09
1551,Jeremiah Anand,jkapur@example.net,+917777118425,West Delhi,Tilak Nagar,2024-07-04
1552,Vasana Thaman,aissac@example.net,+910712102423,North Delhi,Civil Lines,2024-09-17
1553,Bina Suresh,charlespalla@example.net,7771961997,South Delhi,Vasant Kunj,2024-01-11
1554,Krisha Patla,xpalla@example.com,07640996833,South Delhi,Vasant Kunj,2023-08-13
1555,Amaira Babu,perimax@example.org,02653793221,South Delhi,Greater Kailash,2023-07-14
1556,Aarna Kohli,shankeransh@example.com,4736015791,North Delhi,Model Town,2024-10-11
1557,Falguni Barad,bassiekapad@example.com,2600802658,South Delhi,Saket,2024-12-11
1558,Advika Sidhu,tamanna83@example.org,04883571921,East Delhi,Laxmi Nagar,2024-07-05
1559,Neha Sodhi,krishnanleena@example.org,8664320317,East Delhi,Laxmi Nagar,2024-06-28
1560,Nikita Sampath,madhav82@example.com,08549272400,North Delhi,Rohini,2024-12-18
1561,Lohit Bail,fbawa@example.com,6051908543,South Delhi,Greater Kailash,2024-04-28
1562,Warhi Contractor,ujain@example.org,3356369301,East Delhi,Vivek Vihar,2024-09-26
1563,Dakshesh Barad,vorawahab@example.org,7810480283,West Delhi,Paschim Vihar,2024-12-24
1564,Arya Bhattacharyya,pranit90@example.net,3043766136,South Delhi,Hauz Khas,2024-02-09
1565,Onkar Walla,valafitan@example.org,+916815947470,South Delhi,Saket,2024-12-28
1566,Thomas Borah,bansalikshita@example.net,3309673979,West Delhi,Rajouri Garden,2024-07-15
1567,Liam Chandra,morarlogan@example.net,09376501676,East Delhi,Mayur Vihar,2024-02-08
1568,Guneet Upadhyay,zsrinivas@example.org,8836368850,South Delhi,Vasant Kunj,2023-05-28
1569,Mekhala Edwin,lratti@example.net,+912666788093,East Delhi,Vivek Vihar,2024-09-02
1570,Mekhala Chada,knair@example.org,9890749935,South Delhi,Malviya Nagar,2024-12-01
1571,Krishna Naik,vansha77@example.org,05976408385,North Delhi,Rohini,2024-11-03
1572,Edhitha Balan,mannanjeet@example.com,+916578939129,West Delhi,Janakpuri,2024-05-03
1573,Meghana Panchal,warriorridhi@example.org,1486005009,West Delhi,Dwarka,2024-12-22
1574,Adweta Madan,sanyaswamy@example.com,7030293011,West Delhi,Tilak Nagar,2024-09-23
1575,Harini Arya,tripathimahika@example.net,+917429069522,South Delhi,Hauz Khas,2024-07-16
1576,Utkarsh Gulati,hkade@example.net,0620073024,West Delhi,Dwarka,2024-11-19
1577,Lekha Sampath,aashiseth@example.com,+917405714469,North Delhi,Civil Lines,2023-12-06
1578,Nikita Tandon,chandran68@example.com,+915445345146,West Delhi,Dwarka,2024-05-05
1579,Omya Pandya,amritatoor@example.org,08358626736,West Delhi,Rajouri Garden,2023-01-01
1580,Chandani Vasa,wridesh20@example.net,07587089432,West Delhi,Tilak Nagar,2023-11-18
1581,Tejas Krishnamurthy,yagnesh69@example.net,08050450509,East Delhi,Mayur Vihar,2023-03-20
1582,Amruta Rattan,ugandhi@example.org,+917342939077,West Delhi,Tilak Nagar,2024-12-20
1583,Vrishti Dhar,anamika50@example.org,0162585150,West Delhi,Paschim Vihar,2024-12-19
1584,Aayush Mital,arin28@example.org,03531279433,East Delhi,Vivek Vihar,2024-03-01
1585,Ganga Guha,chaudhryisaac@example.org,+915904265274,West Delhi,Janakpuri,2023-08-19
1586,Radha Rai,hemanginichoudhry@example.net,+918573838554,East Delhi,Preet Vihar,2024-10-05
1587,Faris Lad,zbaria@example.net,1935117455,South Delhi,Vasant Kunj,2024-11-28
1588,Thomas Setty,sahnikrishna@example.com,+918167337461,East Delhi,Vivek Vihar,2024-12-21
1589,Gabriel Nadkarni,bprasad@example.net,2641260848,West Delhi,Janakpuri,2024-12-18
1590,Yasti Sathe,adutta@example.net,0693196303,East Delhi,Laxmi Nagar,2024-08-18
1591,Ethan Sarin,tbhargava@example.com,+915998226731,North Delhi,Rohini,2023-04-23
1592,Tanveer Mand,balvanmorar@example.net,01420259364,West Delhi,Paschim Vihar,2024-11-03
1593,Chakradhar Dhillon,wazirchhabra@example.org,02755767299,West Delhi,Dwarka,2024-10-21
1594,Imaran Narula,arjun44@example.org,+918343695310,West Delhi,Tilak Nagar,2024-11-14
1595,Veda Sule,chhabraekani@example.org,02917926517,West Delhi,Janakpuri,2024-11-08
1596,Neel Upadhyay,sanelohit@example.net,1087392219,North Delhi,Ashok Vihar,2024-06-13
1597,Mekhala Borra,saanvi37@example.com,01052987707,West Delhi,Paschim Vihar,2024-11-19
1598,Hiral Buch,ronith04@example.com,00020268387,South Delhi,Vasant Kunj,2024-12-03
1599,Tanay Mukherjee,christopher29@example.com,6760304093,West Delhi,Janakpuri,2024-02-17
1600,Nikita Sharaf,chameli18@example.net,2368810138,East Delhi,Vivek Vihar,2024-07-12
1601,Sanya Gera,bavadipta@example.org,+913460184220,South Delhi,Malviya Nagar,2024-09-05
1602,Wahab Wason,janakikeer@example.org,+918316816360,South Delhi,Greater Kailash,2024-12-31
1603,Gabriel Srinivas,lajitaarora@example.com,8947672000,West Delhi,Rajouri Garden,2024-09-18
1604,Kai Buch,harish07@example.org,01634850895,East Delhi,Mayur Vihar,2024-10-02
1605,Pranit Kalita,hahuja@example.com,+911919445456,East Delhi,Preet Vihar,2024-11-02
1606,Lucky Rana,hamsini61@example.net,+917671377188,South Delhi,Hauz Khas,2024-11-23
1607,Lohit Sandal,iryarattan@example.org,+916678305573,North Delhi,Model Town,2024-06-16
1608,Guneet Hayre,cmangat@example.org,2346144662,West Delhi,Rajouri Garden,2024-01-10
1609,Panini Jayaraman,aadiminhas@example.net,+911761421524,East Delhi,Mayur Vihar,2024-08-14
1610,Isaiah Ranganathan,ajohal@example.com,00465689698,East Delhi,Laxmi Nagar,2023-01-01
1611,Anthony Kalita,akashyap@example.org,08379363159,North Delhi,Ashok Vihar,2024-12-29
1612,Maanav Comar,vasudhabhardwaj@example.com,09341040629,North Delhi,Model Town,2024-09-08
1613,Finn Seth,kabirvarghese@example.org,07183018179,North Delhi,Ashok Vihar,2024-09-04
1614,Chatresh Srinivasan,sara89@example.net,8497499799,East Delhi,Vivek Vihar,2024-10-12
1615,Diya Edwin,hredhaanswaminathan@example.org,+914865658189,East Delhi,Vivek Vihar,2024-09-28
1616,Aditya Sant,tailorsiddharth@example.net,5631631297,East Delhi,Mayur Vihar,2024-09-14
1617,Indira Sen,oeshichauhan@example.com,4963788119,North Delhi,Pitampura,2023-11-30
1618,Chatresh Ramanathan,champakcomar@example.org,0716753216,North Delhi,Pitampura,2024-08-25
1619,Robert Sama,khuranafaraj@example.com,8549004903,North Delhi,Rohini,2024-08-24
1620,Nihal Parikh,kamya85@example.net,+915639981274,South Delhi,Vasant Kunj,2023-04-09
1621,Mitesh Dhillon,hema17@example.com,+919258147621,West Delhi,Rajouri Garden,2024-05-02
1622,Raghav Ravi,daramegha@example.org,9454138453,East Delhi,Preet Vihar,2024-12-06
1623,Dipta Ramachandran,charleskibe@example.org,09685909645,West Delhi,Paschim Vihar,2024-11-29
1624,Krishna Mall,godahritik@example.com,03516681133,East Delhi,Vivek Vihar,2024-09-01
1625,Rehaan Sanghvi,ebalakrishnan@example.net,+911734024222,South Delhi,Saket,2023-11-07
1626,Girindra Vohra,darshsabharwal@example.net,+912365401814,West Delhi,Tilak Nagar,2024-07-30
1627,Amrita Ganguly,anika20@example.org,4350947651,East Delhi,Vivek Vihar,2024-10-09
1628,Yutika Sandhu,nayaromaja@example.com,+919941475398,South Delhi,Greater Kailash,2023-08-16
1629,Reyansh Sibal,nagarajandeepa@example.net,+914519082611,West Delhi,Dwarka,2024-10-18
1630,Ryan Nadkarni,nnagarajan@example.com,+919920237666,East Delhi,Mayur Vihar,2024-07-31
1631,Oscar Ganesh,vivaan38@example.com,+919411839093,North Delhi,Ashok Vihar,2024-06-13
1632,Jonathan Mand,chaitalyagate@example.com,02834633488,North Delhi,Pitampura,2023-12-25
1633,Wazir Kurian,urmiprabhakar@example.org,8669408654,East Delhi,Mayur Vihar,2024-11-07
1634,Bhavani Krish,leeladeol@example.net,05074350952,North Delhi,Pitampura,2023-12-29
1635,Anita Srinivasan,kothariprisha@example.net,04535917650,South Delhi,Hauz Khas,2024-07-07
1636,Tanvi Dash,aayushbarad@example.net,5428873449,North Delhi,Rohini,2024-12-02
1637,Krishna Varty,csani@example.net,9947061706,North Delhi,Rohini,2024-10-15
1638,Frederick Lal,fbutala@example.org,+918471567566,North Delhi,Model Town,2024-11-13
1639,Aadi Nigam,tiwaripahal@example.org,1674492343,East Delhi,Laxmi Nagar,2023-07-30
1640,Radhika Varughese,anirudh45@example.org,5669375402,West Delhi,Dwarka,2024-11-13
1641,Pranav Saran,sinhaoliver@example.com,01402503857,East Delhi,Laxmi Nagar,2024-09-09
1642,Orinder Puri,yoshita16@example.org,4936806358,North Delhi,Ashok Vihar,2024-04-18
1643,Timothy Bahl,bainsfariq@example.org,08969519304,West Delhi,Janakpuri,2024-04-18
1644,Manan Suri,hpalla@example.com,00365620363,East Delhi,Laxmi Nagar,2024-05-26
1645,Daksha Manda,aarnarau@example.net,6331812335,North Delhi,Model Town,2024-10-01
1646,Oviya Chakrabarti,cbatta@example.org,+917445776262,South Delhi,Saket,2024-11-28
1647,Yash Ramanathan,uyohannan@example.net,+918989774759,North Delhi,Pitampura,2024-12-23
1648,Bhavini Khatri,yadavi52@example.net,03774037676,North Delhi,Civil Lines,2024-07-13
1649,Baghyawati Bakshi,mason07@example.com,05149753411,North Delhi,Ashok Vihar,2024-08-25
1650,Urishilla Johal,danielbhardwaj@example.org,0940656582,East Delhi,Laxmi Nagar,2024-12-22
1651,Bina Lall,yash85@example.net,6535232660,West Delhi,Rajouri Garden,2024-01-21
1652,Balhaar Lad,kbalakrishnan@example.net,+911034956119,North Delhi,Rohini,2024-03-20
1653,Dipta Buch,chaudryeesha@example.net,+917466144776,East Delhi,Preet Vihar,2024-11-18
1654,Yashvi Rege,racharya@example.net,09666829052,West Delhi,Paschim Vihar,2024-05-13
1655,Netra Oza,anay89@example.org,02330292764,South Delhi,Hauz Khas,2024-07-16
1656,Diya Mall,nkhurana@example.net,02214051318,West Delhi,Dwarka,2024-11-27
1657,Krisha Bali,vedhika47@example.org,+918914785247,North Delhi,Civil Lines,2024-03-15
1658,Chasmum Dave,guhafalak@example.net,04102387351,South Delhi,Greater Kailash,2024-04-25
1659,Odika Mukherjee,tsrinivas@example.org,+911351830258,East Delhi,Mayur Vihar,2024-04-09
1660,Rohan Loke,inadkarni@example.org,03988521789,West Delhi,Janakpuri,2024-06-11
1661,Hemal Bhardwaj,faqid28@example.com,05816759238,North Delhi,Model Town,2024-10-24
1662,Gunbir Kannan,gavin80@example.net,+913814634292,North Delhi,Civil Lines,2024-08-20
1663,Naksh Chauhan,ubika30@example.net,1218527341,North Delhi,Rohini,2024-11-13
1664,Chakrika Ratti,hegdezaid@example.org,05530153030,East Delhi,Vivek Vihar,2024-12-26
1665,Chaman Anne,isastry@example.org,1096598455,East Delhi,Preet Vihar,2024-06-16
1666,Niharika Sankaran,dalajananda@example.com,+918299126994,East Delhi,Mayur Vihar,2024-11-06
1667,Michael Bhakta,rmohanty@example.org,1061669100,North Delhi,Civil Lines,2024-11-23
1668,Nathaniel Krishna,jatinravel@example.net,+916822175626,West Delhi,Janakpuri,2024-07-11
1669,Madhav Balasubramanian,anikataneja@example.net,1005932572,North Delhi,Civil Lines,2024-08-26
1670,Tamanna Bawa,nakuldhingra@example.org,+917485972438,South Delhi,Saket,2023-10-19
1671,Jason Dhillon,gaurang45@example.org,0580286060,West Delhi,Janakpuri,2024-09-13
1672,Ayush Ghose,adwetaarya@example.com,04747695090,South Delhi,Hauz Khas,2024-05-25
1673,Fiyaz Thakkar,rajata64@example.org,+911655623887,East Delhi,Vivek Vihar,2023-01-01
1674,Lakshmi Palan,ekhanna@example.org,00622901138,South Delhi,Vasant Kunj,2024-10-18
1675,Aditya Mammen,qmalhotra@example.com,+919903803514,West Delhi,Dwarka,2024-01-26
1676,Yatan Ganguly,darika19@example.net,+914790534728,South Delhi,Saket,2023-01-01
1677,Jagrati Chander,nsom@example.net,+919532670848,North Delhi,Ashok Vihar,2024-11-25
1678,Odika Narula,ldixit@example.org,08228280183,West Delhi,Janakpuri,2023-09-13
1679,Yatan Prakash,benjaminsarkar@example.net,5684676780,West Delhi,Dwarka,2024-12-14
1680,Arya Naik,varshaluthra@example.net,09597521353,West Delhi,Paschim Vihar,2024-11-04
1681,Vanya Naidu,forum92@example.net,9748741148,East Delhi,Preet Vihar,2024-09-15
1682,Naksh Sangha,wnaidu@example.org,1997645349,East Delhi,Preet Vihar,2024-11-24
1683,Ishani Nadkarni,parmarrajata@example.com,+919678963009,West Delhi,Janakpuri,2023-11-04
1684,Indali Thaman,darshchoudhary@example.com,+910159722422,West Delhi,Janakpuri,2024-11-26
1685,Tanveer Mody,varsharaj@example.com,0984601804,West Delhi,Tilak Nagar,2024-12-10
1686,Samar Hegde,abdul15@example.org,03586671554,East Delhi,Vivek Vihar,2024-03-30
1687,Omaja Babu,yash92@example.com,+919674627205,East Delhi,Vivek Vihar,2024-01-06
1688,Megha Mistry,chhabramichael@example.net,5672850215,West Delhi,Janakpuri,2024-05-18
1689,Teerth Korpal,tanksudiksha@example.com,08212626439,East Delhi,Mayur Vihar,2024-10-13
1690,Mitali Sridhar,bhavya60@example.com,9075199198,West Delhi,Paschim Vihar,2024-10-25
1691,Tanmayi Subramanian,kamala12@example.net,4414925316,East Delhi,Vivek Vihar,2024-11-04
1692,Pranav Venkatesh,zansinayar@example.net,7477656590,North Delhi,Model Town,2024-11-25
1693,Anirudh Pathak,chavvi94@example.net,3436877156,South Delhi,Malviya Nagar,2024-09-21
1694,Lohit Agate,chatura76@example.net,+914153597710,North Delhi,Ashok Vihar,2024-12-09
1695,Imaran Dasgupta,zayyan77@example.org,09431487225,South Delhi,Malviya Nagar,2024-08-17
1696,Upadhriti Tella,nandini41@example.org,04741685573,South Delhi,Malviya Nagar,2024-08-31
1697,Max Khanna,jeevikapradhan@example.com,0957947581,South Delhi,Vasant Kunj,2024-05-07
1698,Neha Basu,adwetadalal@example.org,02334704071,North Delhi,Pitampura,2024-07-27
1699,Nandini Saxena,kumarwaida@example.net,7341855950,South Delhi,Malviya Nagar,2024-10-14
1700,Xalak Mander,neha01@example.com,+913961017590,East Delhi,Vivek Vihar,2024-11-17
1701,Henry Sarma,rajagopaltriveni@example.net,4907869285,East Delhi,Vivek Vihar,2024-07-28
1702,Guneet Rao,imaranpatla@example.net,+918967635367,North Delhi,Ashok Vihar,2023-12-26
1703,Jhalak Parekh,fbath@example.org,02288341335,West Delhi,Dwarka,2024-09-27
1704,Rishi Amble,magarranveer@example.org,7427493663,South Delhi,Hauz Khas,2023-08-05
1705,Varsha Sachdev,sbhatnagar@example.com,0300735658,West Delhi,Dwarka,2024-03-16
1706,Madhavi Bakshi,hemagolla@example.net,03794128866,North Delhi,Model Town,2024-07-30
1707,Gaurang Date,rohanganesan@example.org,02526119789,East Delhi,Laxmi Nagar,2024-12-09
1708,Gauri Mohan,cnagar@example.com,4653255441,North Delhi,Pitampura,2024-11-15
1709,Gunbir Walia,frederick36@example.com,+918052038819,East Delhi,Vivek Vihar,2024-03-31
1710,Sai Sanghvi,harish84@example.com,+914622014833,West Delhi,Paschim Vihar,2024-07-12
1711,Ekiya Loke,chatterjeeindrajit@example.org,02836030876,East Delhi,Vivek Vihar,2024-11-16
1712,Upadhriti Subramanian,anneoviya@example.net,7618376295,East Delhi,Preet Vihar,2024-03-26
1713,Vasudha Sama,obhatti@example.com,+911720488868,West Delhi,Tilak Nagar,2024-11-11
1714,Chandani Chauhan,ckapadia@example.org,2645649674,West Delhi,Janakpuri,2024-03-22
1715,Fiyaz Rattan,naiduvihaan@example.net,0649097034,East Delhi,Mayur Vihar,2024-04-01
1716,Gayathri Contractor,hbera@example.net,+915891368296,West Delhi,Janakpuri,2024-12-22
1717,Advay Shere,parth15@example.org,+919362526022,West Delhi,Rajouri Garden,2024-06-03
1718,Pallavi Bakshi,yperi@example.com,0293358384,East Delhi,Preet Vihar,2024-11-15
1719,Fitan Agrawal,cpathak@example.org,01745469351,East Delhi,Laxmi Nagar,2024-11-09
1720,Nicholas Bumb,champak12@example.net,+913195589799,East Delhi,Preet Vihar,2024-10-12
1721,Thomas Nori,fchaudhry@example.com,+917030568709,North Delhi,Rohini,2024-12-17
1722,Ethan Dayal,lavanya05@example.org,04838953376,East Delhi,Laxmi Nagar,2024-03-22
1723,Jack Setty,dshankar@example.net,00064345973,South Delhi,Hauz Khas,2024-10-21
1724,Urmi Khalsa,kariupkaar@example.org,09675745104,South Delhi,Malviya Nagar,2024-12-16
1725,Caleb Mitter,hkalla@example.net,+915605427079,North Delhi,Pitampura,2024-02-05
1726,Chandani Sood,gdalal@example.org,+917976475456,South Delhi,Malviya Nagar,2024-07-30
1727,Triya Doctor,kdoshi@example.com,9348540390,North Delhi,Civil Lines,2024-04-02
1728,Lajita Wadhwa,omaja06@example.com,9926138268,East Delhi,Laxmi Nagar,2024-11-20
1729,Bahadurjit Savant,cshan@example.net,07039962637,West Delhi,Tilak Nagar,2023-08-31
1730,Qarin Sawhney,chadachristopher@example.com,+915128962206,North Delhi,Rohini,2024-07-19
1731,Bhavna Jaggi,vincenthans@example.net,+910239934460,East Delhi,Laxmi Nagar,2024-10-25
1732,Ayaan Purohit,utkarsh06@example.net,02357865294,South Delhi,Greater Kailash,2024-06-22
1733,Laban Tiwari,xavier70@example.org,04488548753,South Delhi,Vasant Kunj,2024-08-05
1734,Jackson Venkatesh,kundaojas@example.com,04280537642,South Delhi,Malviya Nagar,2024-11-16
1735,Gauri Balan,jsamra@example.net,7860203922,West Delhi,Dwarka,2024-04-08
1736,Zaid Borde,fbanerjee@example.net,5866399287,East Delhi,Vivek Vihar,2024-06-02
1737,Nathaniel Venkataraman,zjain@example.net,+914249562917,East Delhi,Mayur Vihar,2024-11-14
1738,Dayita Mital,saneabhiram@example.org,+912888070051,East Delhi,Vivek Vihar,2023-08-13
1739,Praneel Vyas,vmuni@example.net,+912022017545,West Delhi,Tilak Nagar,2024-09-19
1740,Ekalinga Rao,wishi92@example.net,1046627501,East Delhi,Mayur Vihar,2023-05-22
1741,Onveer Ravi,rkrishnan@example.org,+913607854833,East Delhi,Vivek Vihar,2024-04-26
1742,Kashish Tripathi,pdhar@example.net,3680601457,South Delhi,Saket,2024-08-15
1743,Veer Desai,esunder@example.com,8581970150,North Delhi,Ashok Vihar,2024-08-07
1744,Rachana Taneja,bdeo@example.net,+915192018285,West Delhi,Paschim Vihar,2023-10-30
1745,Wazir Karan,shivaniaggarwal@example.com,3795829158,West Delhi,Tilak Nagar,2024-11-17
1746,Ekantika Dash,sanghvisiddharth@example.net,7149207574,West Delhi,Tilak Nagar,2024-05-23
1747,Dayita Goswami,unni39@example.com,+916259188312,East Delhi,Preet Vihar,2024-10-24
1748,Upma Sengupta,radhashenoy@example.com,+914434354978,East Delhi,Mayur Vihar,2024-11-07
1749,Nitesh Puri,vamakshi15@example.com,4380299034,East Delhi,Laxmi Nagar,2024-02-10
1750,Chaman Dass,urishilla96@example.org,0094091657,East Delhi,Vivek Vihar,2024-09-10
1751,Vanya Sagar,bhavnaganesh@example.com,02254920369,East Delhi,Preet Vihar,2024-10-24
1752,Chatresh Chad,daniel15@example.org,03117226414,West Delhi,Dwarka,2024-12-14
1753,Falguni Sama,aptedominic@example.net,02933598474,South Delhi,Saket,2024-12-24
1754,Nakul Yohannan,ekantikasahni@example.net,07715390226,North Delhi,Pitampura,2024-10-01
1755,Charvi Shroff,nehanair@example.org,+913299090064,South Delhi,Greater Kailash,2023-11-24
1756,Niharika Bir,charvi27@example.net,03554042316,East Delhi,Laxmi Nagar,2024-12-30
1757,Maanas Bhat,xsavant@example.com,3934396904,West Delhi,Janakpuri,2024-11-13
1758,Simon Goswami,owen87@example.net,3573381330,West Delhi,Paschim Vihar,2024-04-12
1759,Viraj Malhotra,yuvraj30@example.org,+916412247409,South Delhi,Saket,2024-02-01
1760,Rayaan Shanker,christopherkhurana@example.org,00516023251,West Delhi,Janakpuri,2024-08-24
1761,Vinaya Chakraborty,ishanvi58@example.com,+919404224564,North Delhi,Model Town,2024-07-31
1762,Farhan Dugar,kashish12@example.com,+918078191350,West Delhi,Dwarka,2024-08-06
1763,Udant Mukherjee,ekapad97@example.org,07557166328,South Delhi,Greater Kailash,2024-05-21
1764,Arunima Rout,anaysani@example.org,6218563520,West Delhi,Paschim Vihar,2024-10-22
1765,Tara Sarin,munshibenjamin@example.com,+910598685697,North Delhi,Rohini,2024-11-19
1766,Faras Mohan,tanveersami@example.org,0901014610,West Delhi,Dwarka,2023-07-23
1767,Manthan Sunder,yogisarthak@example.org,06163881687,West Delhi,Dwarka,2024-09-13
1768,Gaurang Wable,osha90@example.com,0965688267,South Delhi,Greater Kailash,2023-01-01
1769,Bakhshi Arora,tdugal@example.com,+910814723735,West Delhi,Rajouri Garden,2024-09-21
1770,Barkha Badami,ovarty@example.net,0830697899,East Delhi,Laxmi Nagar,2024-11-22
1771,Harshil Kumer,bhanumati98@example.org,07146749066,South Delhi,Greater Kailash,2023-12-05
1772,Shivani Pradhan,nazarethvyanjana@example.org,+916456059563,North Delhi,Ashok Vihar,2024-08-11
1773,Yuvraj Chakraborty,sarnashaurya@example.net,+910025856533,South Delhi,Hauz Khas,2024-11-30
1774,Vansha Subramaniam,andrewiyengar@example.org,07871926154,North Delhi,Rohini,2024-03-19
1775,Mitesh Arora,dhawanadweta@example.net,+912545500549,South Delhi,Hauz Khas,2024-06-03
1776,Yashica Bansal,warhiratti@example.net,03887246163,South Delhi,Hauz Khas,2024-12-22
1777,Samaksh Manda,thomasbhargava@example.org,+919143529493,East Delhi,Vivek Vihar,2024-10-19
1778,Vyanjana Mall,sarmanitara@example.com,06628973518,South Delhi,Greater Kailash,2024-11-13
1779,Naksh Dhillon,mohammed75@example.net,00022302340,North Delhi,Pitampura,2023-07-17
1780,Lavanya Sidhu,lchaudry@example.com,+915890418280,East Delhi,Mayur Vihar,2024-11-06
1781,Ekaraj Sachar,csankar@example.net,1239278844,South Delhi,Saket,2023-09-19
1782,Bahadurjit Raj,omajabutala@example.com,+917695844420,South Delhi,Saket,2024-12-22
1783,Nathaniel Lad,zayanyadav@example.net,03137371450,East Delhi,Vivek Vihar,2024-07-31
1784,Ethan Choudhary,dualajita@example.net,09141939606,South Delhi,Greater Kailash,2024-12-26
1785,Aryan Lalla,gchanda@example.net,1199256924,South Delhi,Hauz Khas,2024-03-28
1786,Nimrat Kakar,dev03@example.com,+914131811814,East Delhi,Mayur Vihar,2024-12-24
1787,Hema Chada,nakshmurty@example.net,+917904470856,West Delhi,Paschim Vihar,2024-10-01
1788,Anvi Batta,gsetty@example.com,8783103145,East Delhi,Preet Vihar,2024-08-12
1789,Anita Murty,wdass@example.org,05794074033,East Delhi,Mayur Vihar,2024-05-23
1790,Alka Kuruvilla,maggarwal@example.org,+919136941264,East Delhi,Vivek Vihar,2023-11-05
1791,Aayush Rajan,kapuroliver@example.com,05318057631,East Delhi,Mayur Vihar,2024-08-10
1792,Finn Bala,snatarajan@example.com,+912536064004,West Delhi,Paschim Vihar,2024-09-23
1793,Bina Verma,mshetty@example.com,6989484817,South Delhi,Greater Kailash,2024-03-12
1794,Yatin Ravi,bakshichatresh@example.com,00177375949,North Delhi,Rohini,2024-11-15
1795,Saksham Bansal,gwable@example.org,+917196004902,North Delhi,Pitampura,2024-12-15
1796,Amrita Mangat,gabriel55@example.net,07433384965,West Delhi,Paschim Vihar,2024-12-22
1797,Neel Karnik,srinivasanavi@example.org,3530049992,East Delhi,Vivek Vihar,2024-11-01
1798,Netra Pall,libnichoudhury@example.net,7731739462,East Delhi,Vivek Vihar,2024-10-20
1799,Yashawini Tandon,rohanpalla@example.net,05392768714,East Delhi,Laxmi Nagar,2023-12-29
1800,Wyatt Mahal,jeetsubramaniam@example.net,07060558173,North Delhi,Pitampura,2024-05-11
1801,Turvi Dass,daralipika@example.org,00698935464,East Delhi,Vivek Vihar,2024-06-01
1802,Sathvik Warrior,gaurora@example.com,5570393427,West Delhi,Dwarka,2024-11-18
1803,Megha Rao,janakinagy@example.org,0509260001,North Delhi,Pitampura,2024-04-18
1804,Christopher Chacko,panini16@example.org,7384498121,West Delhi,Tilak Nagar,2024-12-02
1805,Aarav Batta,reyanshwali@example.com,6990867233,South Delhi,Vasant Kunj,2024-09-28
1806,Darsh Lalla,jeet77@example.net,+916556192218,West Delhi,Janakpuri,2024-12-21
1807,Logan Bail,wkala@example.org,6417613023,West Delhi,Tilak Nagar,2024-10-18
1808,Adweta Dada,bkhare@example.net,+915991676403,South Delhi,Malviya Nagar,2024-11-11
1809,Umang Bir,praneeloza@example.org,2671269379,South Delhi,Malviya Nagar,2024-10-16
1810,Ekani Gandhi,dhritigoyal@example.net,04448436868,West Delhi,Paschim Vihar,2024-10-25
1811,Jack Borde,tristan30@example.com,00980587715,North Delhi,Civil Lines,2024-09-27
1812,Ijaya Bhalla,xganesan@example.com,7902591204,South Delhi,Vasant Kunj,2024-06-14
1813,Warinder Sidhu,jacksonsachar@example.org,6603235841,North Delhi,Ashok Vihar,2024-06-13
1814,Parth Nagarajan,vrishti73@example.net,09395795519,West Delhi,Janakpuri,2024-10-01
1815,Aachal Seth,frederick11@example.com,3670386256,West Delhi,Dwarka,2024-10-12
1816,Raagini Chawla,dyaljanya@example.net,02330080563,South Delhi,Vasant Kunj,2024-11-05
1817,Yashoda Dhingra,zayyandewan@example.net,03210788312,South Delhi,Malviya Nagar,2023-01-01
1818,Victor Sane,bina85@example.org,+910720197084,South Delhi,Vasant Kunj,2023-02-19
1819,Upma Kulkarni,sarkarnaveen@example.com,6365129555,South Delhi,Greater Kailash,2024-07-29
1820,Anirudh Badami,faris08@example.org,4842262300,North Delhi,Civil Lines,2023-01-01
1821,Omya Anne,idesai@example.org,00283034243,West Delhi,Janakpuri,2024-09-20
1822,Ganga Jayaraman,saranlohit@example.net,+919166316696,South Delhi,Saket,2024-07-11
1823,Dalaja Andra,samuelagarwal@example.com,04410616649,West Delhi,Rajouri Garden,2024-08-28
1824,Aayush Balasubramanian,bina58@example.org,+915176429628,West Delhi,Tilak Nagar,2024-09-21
1825,Kai Merchant,danijagrati@example.org,00969961315,West Delhi,Rajouri Garden,2024-12-07
1826,Garima Pradhan,yashgaba@example.org,8058837743,North Delhi,Ashok Vihar,2024-07-18
1827,Anika Bhandari,watika62@example.com,3950111525,East Delhi,Preet Vihar,2024-11-09
1828,Yashawini Saran,ubikasehgal@example.net,8826031748,North Delhi,Rohini,2024-09-01
1829,Wazir Bahri,jagrati88@example.org,9718614229,West Delhi,Rajouri Garden,2024-06-24
1830,Jhalak Narasimhan,janya92@example.org,05967577991,North Delhi,Model Town,2024-03-24
1831,Raghav Sen,andrewmody@example.com,06274511608,South Delhi,Vasant Kunj,2024-12-12
1832,Ucchal Barad,palloliver@example.org,+913368960083,South Delhi,Greater Kailash,2023-02-04
1833,Tara Sant,deyashica@example.net,8993074611,East Delhi,Mayur Vihar,2024-01-29
1834,Varenya Date,ocheema@example.com,6033878852,West Delhi,Dwarka,2024-06-11
1835,Yauvani Ranganathan,kuruvillawahab@example.net,06309007379,North Delhi,Model Town,2024-04-14
1836,Chameli Malhotra,turvi44@example.com,+910769262654,South Delhi,Vasant Kunj,2024-12-31
1837,Chameli Seth,ikbal60@example.net,03598398590,West Delhi,Paschim Vihar,2024-04-12
1838,Pushti Patla,shravya83@example.net,05681678434,North Delhi,Model Town,2024-06-02
1839,Vrinda Kade,savantguneet@example.net,07613500788,West Delhi,Rajouri Garden,2024-07-08
1840,Lipika Dugar,rayaanhora@example.net,8540336999,North Delhi,Model Town,2024-11-09
1841,Kalpit Nath,groverudarsh@example.org,+916532735514,South Delhi,Malviya Nagar,2024-07-17
1842,Nachiket Lala,guhalogan@example.org,+914771469509,West Delhi,Janakpuri,2024-12-23
1843,Ishanvi Murthy,hemangini70@example.org,+910617413644,North Delhi,Model Town,2024-11-25
1844,Anusha Singhal,xchoudhry@example.org,+918939127065,North Delhi,Model Town,2024-09-27
1845,Raksha Ravel,dubeom@example.org,3056446853,North Delhi,Ashok Vihar,2024-12-26
1846,Aahana Prabhakar,ekiya59@example.com,+912635607778,South Delhi,Hauz Khas,2024-11-08
1847,Tarak Kata,vinayarout@example.org,9046008236,West Delhi,Paschim Vihar,2024-04-05
1848,Lucky Samra,gourqarin@example.org,+919755061790,East Delhi,Vivek Vihar,2024-05-14
1849,Turvi Bajwa,oakhritik@example.org,+910393449076,South Delhi,Greater Kailash,2024-07-04
1850,Nihal Contractor,ugopal@example.org,3339192969,North Delhi,Model Town,2024-12-22
1851,Isaiah Agate,udarsh07@example.org,+912600822837,West Delhi,Tilak Nagar,2024-07-30
1852,Ati Gopal,ubhagat@example.com,8578872820,North Delhi,Pitampura,2024-12-19
1853,Rishi Dora,zarnabal@example.org,+916980446658,South Delhi,Malviya Nagar,2024-07-19
1854,Laksh Madan,arege@example.net,00647245257,South Delhi,Saket,2023-10-10
1855,Sneha Shroff,upasna78@example.net,00709465777,West Delhi,Paschim Vihar,2023-01-01
1856,Radha Chadha,yoshitatella@example.net,02842680928,South Delhi,Malviya Nagar,2023-11-13
1857,Nandini Bobal,hkurian@example.com,+910537186056,North Delhi,Rohini,2024-02-08
1858,Yutika Anne,falanratti@example.com,07951279831,West Delhi,Janakpuri,2024-07-28
1859,Adweta Deol,wazir54@example.org,00199198480,East Delhi,Vivek Vihar,2024-04-21
1860,Aarnav Dani,sagarwal@example.net,6715207710,West Delhi,Dwarka,2023-09-24
1861,Bhavika Bhardwaj,upkaar36@example.net,5796724610,North Delhi,Civil Lines,2024-07-22
1862,Ekalinga Chand,acharyacharan@example.net,00178502050,East Delhi,Preet Vihar,2024-05-11
1863,Ijaya Mani,rgade@example.net,+919201029759,West Delhi,Rajouri Garden,2024-06-18
1864,Amruta Sharma,victor96@example.com,7442526942,South Delhi,Malviya Nagar,2024-10-17
1865,Baghyawati Chacko,hmane@example.com,3740513379,West Delhi,Paschim Vihar,2023-09-24
1866,Sachi Sampath,ysem@example.net,+916085571749,South Delhi,Vasant Kunj,2024-06-26
1867,Janani Verma,mahika88@example.org,04990803586,North Delhi,Civil Lines,2024-09-30
1868,Bhanumati Bath,sachi44@example.com,+919998632453,West Delhi,Dwarka,2024-10-29
1869,Maanav Sastry,chatterjeejackson@example.org,0851846689,East Delhi,Laxmi Nagar,2024-12-29
1870,Tristan Gandhi,kibeishanvi@example.net,01830734800,East Delhi,Laxmi Nagar,2024-08-08
1871,Manbir Sahota,mohammed59@example.com,2055482987,South Delhi,Malviya Nagar,2023-06-11
1872,Lohit Bhatt,upma49@example.net,4746042937,East Delhi,Laxmi Nagar,2024-08-23
1873,Vasatika Krishnan,fgole@example.com,01727580452,South Delhi,Hauz Khas,2024-10-05
1874,Pallavi Sehgal,hthakur@example.net,7988775445,South Delhi,Malviya Nagar,2023-01-01
1875,Siya Menon,keerarunima@example.org,+919293605962,East Delhi,Laxmi Nagar,2024-10-04
1876,Gaurangi Bhatt,zayanpuri@example.org,9012484479,North Delhi,Ashok Vihar,2024-12-05
1877,Pahal Palla,edani@example.com,08622307065,West Delhi,Dwarka,2024-02-17
1878,Zarna Balan,vincent16@example.org,+912743303727,South Delhi,Greater Kailash,2024-08-17
1879,Odika Edwin,chanchal75@example.com,+911121380782,South Delhi,Greater Kailash,2023-11-28
1880,Champak Rana,ubrahmbhatt@example.net,05985866356,East Delhi,Laxmi Nagar,2024-10-23
1881,Chaman Buch,gandhipatrick@example.com,+911288669059,North Delhi,Rohini,2024-09-30
1882,Madhavi Vora,parth88@example.org,8470520313,North Delhi,Ashok Vihar,2024-06-08
1883,Triveni Chand,shauryadutta@example.org,+916686427786,North Delhi,Civil Lines,2024-10-11
1884,Prisha Nigam,urishilladhawan@example.net,06032087783,West Delhi,Dwarka,2024-06-17
1885,Raksha Buch,rayqabil@example.net,3345573562,West Delhi,Paschim Vihar,2024-07-31
1886,Kai Sethi,dbansal@example.com,03585973027,West Delhi,Rajouri Garden,2024-03-13
1887,Jonathan Garde,sara04@example.net,+914025554689,East Delhi,Preet Vihar,2023-01-01
1888,Shivani Shanker,memonhemang@example.org,07881596467,East Delhi,Laxmi Nagar,2024-04-03
1889,Mahika Oza,tanne@example.com,4673322912,North Delhi,Ashok Vihar,2024-04-13
1890,Ganga Pandey,bsarma@example.org,6239459942,West Delhi,Paschim Vihar,2024-09-01
1891,Anvi Balay,bsachar@example.net,9530120339,North Delhi,Civil Lines,2024-11-22
1892,Jacob Khurana,wchand@example.com,+918335689058,West Delhi,Janakpuri,2024-08-20
1893,Balvan Zachariah,dadajasmit@example.org,+917435670277,East Delhi,Preet Vihar,2024-10-29
1894,Yasti Sharma,nagarlakshmi@example.com,6957945759,North Delhi,Ashok Vihar,2024-04-10
1895,Kamala Pillai,oommenekiya@example.net,+916291714854,West Delhi,Dwarka,2024-02-14
1896,Udarsh Pai,dhritideep@example.net,5207882165,East Delhi,Vivek Vihar,2024-09-07
1897,Ekalinga Goyal,mistrykavya@example.com,04520302769,East Delhi,Preet Vihar,2024-12-23
1898,Ubika Jain,vargheselohit@example.com,+913532124402,South Delhi,Greater Kailash,2023-09-03
1899,Rajata Kaur,anthony94@example.org,+911805257959,South Delhi,Greater Kailash,2024-11-04
1900,Avi Mandal,fkrishnan@example.org,3254601891,South Delhi,Vasant Kunj,2024-10-26
1901,Samar Mittal,adwetathakkar@example.net,07133996276,South Delhi,Vasant Kunj,2023-11-17
1902,Gagan Grewal,skhare@example.org,+911202913813,West Delhi,Dwarka,2024-12-05
1903,George Mann,bakhshi29@example.net,0888196645,East Delhi,Vivek Vihar,2024-12-18
1904,Raghav Dada,banikyochana@example.org,+913356831723,East Delhi,Laxmi Nagar,2023-01-01
1905,Mohini Suresh,mitalekapad@example.com,+910389191874,West Delhi,Janakpuri,2024-04-11
1906,Ekani Balan,kharesamesh@example.org,+913449560714,West Delhi,Dwarka,2023-08-08
1907,Mahika Pai,tandonsudiksha@example.com,2572316316,North Delhi,Pitampura,2024-10-24
1908,Rohan Tank,chanderchristopher@example.com,7039963066,North Delhi,Pitampura,2024-04-14
1909,Arin Arya,avni69@example.com,09323370071,South Delhi,Hauz Khas,2023-04-30
1910,Aditya Bala,rbhatti@example.net,+918633234306,West Delhi,Dwarka,2023-09-08
1911,Vritti Memon,reyansh92@example.org,05909722858,East Delhi,Preet Vihar,2024-10-26
1912,Kashvi Nazareth,ishani51@example.org,1960348236,West Delhi,Rajouri Garden,2024-11-10
1913,Samuel Suresh,meghanahans@example.org,+918004364758,East Delhi,Preet Vihar,2024-07-26
1914,Odika Sama,zansi67@example.net,01637120631,East Delhi,Laxmi Nagar,2024-10-07
1915,Gaurangi Pai,riyasrivastava@example.com,+911458408114,South Delhi,Malviya Nagar,2024-10-18
1916,Fariq Pingle,igokhale@example.org,4361168611,West Delhi,Dwarka,2024-06-21
1917,Libni Balasubramanian,keyaborra@example.org,9260555465,North Delhi,Civil Lines,2024-09-14
1918,Parth Rao,ladlitoor@example.com,+917714034454,South Delhi,Vasant Kunj,2024-09-30
1919,Irya Roy,abalakrishnan@example.org,+911196227238,East Delhi,Preet Vihar,2023-12-11
1920,Urishilla Loke,hardiksaxena@example.net,+916838509570,East Delhi,Preet Vihar,2024-10-04
1921,Aarna Balan,rayjalsa@example.org,1136403484,East Delhi,Laxmi Nagar,2024-09-17
1922,Ranbir Som,abandi@example.net,02795951429,West Delhi,Janakpuri,2024-12-20
1923,Aadhya Mane,ksangha@example.com,02175627528,East Delhi,Laxmi Nagar,2023-08-12
1924,Advik Choudhury,pbhavsar@example.com,+914479459235,South Delhi,Hauz Khas,2023-06-24
1925,Nimrat Kala,nicholassami@example.com,8971001707,North Delhi,Model Town,2024-09-06
1926,Jeremiah Mander,saumya61@example.net,3049484142,East Delhi,Vivek Vihar,2024-07-28
1927,Dhriti Panchal,sakshamkala@example.com,+918756798130,South Delhi,Greater Kailash,2024-10-18
1928,Oeshi Nanda,omahal@example.com,7115882187,North Delhi,Ashok Vihar,2024-10-03
1929,Arunima Bora,surajai@example.org,01146446119,South Delhi,Vasant Kunj,2024-05-07
1930,Darpan Shankar,chavvi24@example.com,+918852377487,East Delhi,Preet Vihar,2024-12-21
1931,Aayush Bhalla,odara@example.org,03251218082,North Delhi,Model Town,2023-12-28
1932,Nidra Subramanian,regenidra@example.com,0286538395,East Delhi,Vivek Vihar,2024-10-16
1933,Dev Rout,neha82@example.org,0037090703,East Delhi,Vivek Vihar,2024-08-14
1934,Zinal Bhat,wsaran@example.net,+912070983484,East Delhi,Mayur Vihar,2024-08-03
1935,Radhika Swamy,ria62@example.net,05074456572,South Delhi,Hauz Khas,2024-10-02
1936,Urishilla Rana,anya19@example.net,+918179477950,West Delhi,Tilak Nagar,2024-12-04
1937,Rishi Mohanty,kevin20@example.org,02693032645,East Delhi,Mayur Vihar,2024-09-20
1938,Kamya Savant,wyattanne@example.net,0740635168,West Delhi,Tilak Nagar,2024-12-16
1939,Manan Dixit,udyati67@example.com,+912583799005,West Delhi,Janakpuri,2024-09-08
1940,Mugdha Reddy,rishideshpande@example.com,03342285628,North Delhi,Ashok Vihar,2024-11-21
1941,Udyati Dey,widishagoda@example.org,09310337008,South Delhi,Greater Kailash,2024-03-24
1942,Lucky Johal,bahadurjit37@example.org,03333188384,West Delhi,Paschim Vihar,2024-03-31
1943,Mohini Butala,jagvisur@example.net,0473719851,North Delhi,Pitampura,2024-12-08
1944,Oviya Rajan,rajuchakrika@example.com,5442157837,South Delhi,Saket,2023-04-05
1945,Radhika Mann,naidusamuel@example.net,+917396885934,North Delhi,Ashok Vihar,2024-12-24
1946,Tanay Barad,tanmayisidhu@example.net,8331503219,South Delhi,Greater Kailash,2024-08-23
1947,Osha Pai,faris02@example.com,+916668606734,East Delhi,Preet Vihar,2023-08-25
1948,Omisha Sinha,mishrapriya@example.org,+918959103852,North Delhi,Model Town,2024-09-04
1949,Manan Singh,jganguly@example.org,05963743963,North Delhi,Ashok Vihar,2023-07-09
1950,Gayathri Mani,iyerijaya@example.com,4656531708,East Delhi,Mayur Vihar,2023-01-03
1951,Teerth Balay,doctorgavin@example.org,2736632567,North Delhi,Ashok Vihar,2024-03-03
1952,Quincy Garde,bhavanitiwari@example.com,09391660191,North Delhi,Civil Lines,2024-12-06
1953,Advaith Mittal,urandhawa@example.net,+917326447893,East Delhi,Preet Vihar,2024-06-29
1954,Yoshita Parikh,ati17@example.com,+919093716458,North Delhi,Ashok Vihar,2024-12-21
1955,Akshay Mangal,vritti34@example.com,09447338780,East Delhi,Mayur Vihar,2023-11-09
1956,Kalpit Thaker,narulalopa@example.com,01837847719,West Delhi,Tilak Nagar,2023-11-03
1957,Sai Mahal,aishanipant@example.org,6859380625,West Delhi,Dwarka,2024-11-22
1958,Mason Khatri,vaidyamadhavi@example.com,09243435486,East Delhi,Vivek Vihar,2024-11-21
1959,Peter Choudhury,harshparekh@example.com,+913871088035,West Delhi,Rajouri Garden,2024-08-27
1960,Oni Mannan,asane@example.com,0376474769,West Delhi,Janakpuri,2024-02-21
1961,Finn Sandhu,grewalpeter@example.org,00396558681,South Delhi,Saket,2024-03-30
1962,Brijesh Mittal,murthytimothy@example.org,+915286601385,North Delhi,Pitampura,2024-09-26
1963,Aadi Bal,hamsinisubramaniam@example.org,0101245718,West Delhi,Paschim Vihar,2024-09-26
1964,Kavya Bhakta,mchana@example.com,9913650551,East Delhi,Mayur Vihar,2024-09-05
1965,Tristan Sabharwal,gbumb@example.com,7170804929,South Delhi,Malviya Nagar,2024-02-27
1966,Nicholas Pau,swaminathanharrison@example.net,01293321349,North Delhi,Pitampura,2024-04-16
1967,Nihal Deshmukh,lankabenjamin@example.net,+913717758856,West Delhi,Dwarka,2024-11-15
1968,Saumya Kumer,ramamugdha@example.org,+912620306951,East Delhi,Preet Vihar,2024-12-16
1969,Eesha Swaminathan,gangulyimaran@example.org,6018112399,North Delhi,Civil Lines,2024-11-29
1970,Rohan Bhargava,ektaparikh@example.net,8792062314,East Delhi,Preet Vihar,2024-11-21
1971,Qushi Tiwari,bahrilila@example.net,+919680450521,East Delhi,Mayur Vihar,2024-12-22
1972,Lohit Bawa,pahalahuja@example.net,+916418044608,East Delhi,Preet Vihar,2024-08-24
1973,Xalak Chaudry,balvan83@example.com,09544950609,East Delhi,Mayur Vihar,2024-10-06
1974,Yachana Banerjee,sdeep@example.com,05669839859,East Delhi,Preet Vihar,2024-12-03
1975,Vidhi Kuruvilla,anushabrar@example.com,+919049577625,West Delhi,Dwarka,2024-12-20
1976,Bhavna Sha,mramakrishnan@example.org,5301647286,North Delhi,Pitampura,2023-01-01
1977,Upasna Memon,uvenkataraman@example.net,+912629761166,North Delhi,Ashok Vihar,2024-11-08
1978,Mohini Saran,guptadarika@example.net,2468967016,North Delhi,Rohini,2023-10-09
1979,Kritika Dugar,rswaminathan@example.com,+912157231252,East Delhi,Preet Vihar,2024-02-24
1980,Praneel Jain,max56@example.org,+918589496172,South Delhi,Hauz Khas,2024-06-28
1981,Janaki Bhalla,mason05@example.net,+915313184560,North Delhi,Model Town,2023-07-25
1982,Victor Mani,xavierdoctor@example.org,1091294431,South Delhi,Hauz Khas,2024-12-17
1983,Falan Mand,yohannanvedika@example.net,+914377982402,West Delhi,Rajouri Garden,2024-12-07
1984,Ishwar Sane,vedantchanda@example.org,09981810096,South Delhi,Hauz Khas,2024-11-29
1985,Deepa Gaba,dpadmanabhan@example.net,6355877452,East Delhi,Mayur Vihar,2024-06-03
1986,Tanay Mital,rohantak@example.net,+915442253511,North Delhi,Civil Lines,2024-12-23
1987,Rachit Bakshi,chakradhar34@example.com,03882872047,South Delhi,Malviya Nagar,2024-12-14
1988,Urvashi Saran,tradhakrishnan@example.org,2887458712,West Delhi,Janakpuri,2024-06-14
1989,Urmi Munshi,ekbalkale@example.net,08593152621,East Delhi,Laxmi Nagar,2024-12-21
1990,Vasana Merchant,kurianadya@example.org,+911061445299,West Delhi,Dwarka,2024-04-14
1991,Damini Pandey,rmuni@example.org,+911997115333,North Delhi,Ashok Vihar,2024-07-29
1992,Shravya Gala,bsibal@example.org,+910343449975,West Delhi,Rajouri Garden,2024-12-13
1993,Odika Biswas,soniyauvani@example.com,+912159927943,East Delhi,Preet Vihar,2024-07-20
1994,Rajeshri Kanda,vrittimani@example.net,+913312223954,West Delhi,Tilak Nagar,2024-11-13
1995,Reva Atwal,shravya31@example.com,8368747774,North Delhi,Ashok Vihar,2024-11-26
1996,Tripti Badami,neharajan@example.com,06007622821,East Delhi,Preet Vihar,2024-06-11
1997,Joshua Dara,yahvisagar@example.net,+917847264393,East Delhi,Laxmi Nagar,2024-09-06
1998,Advay Mistry,raagini92@example.net,+916660485312,East Delhi,Vivek Vihar,2024-12-18
1999,Zayyan Lalla,hariniverma@example.net,09811846512,South Delhi,Hauz Khas,2024-06-27
2000,Pratyush Dani,ramachandranwahab@example.com,1704836481,East Delhi,Mayur Vihar,2024-10-22
2001,Nirja Nigam,janaki85@example.net,02193793136,South Delhi,Malviya Nagar,2024-11-16
2002,Meera Nayar,fgoel@example.com,06877759358,North Delhi,Rohini,2024-09-28
2003,Ekbal Joshi,gaurav74@example.net,+919538088426,East Delhi,Preet Vihar,2024-11-26
2004,Kalpit Handa,agastyasuri@example.com,+915001113915,South Delhi,Greater Kailash,2024-10-19
2005,Aadi Morar,qadim36@example.com,09214990108,East Delhi,Vivek Vihar,2024-09-24
2006,Gunbir Rajagopalan,triveni90@example.com,9915738067,East Delhi,Laxmi Nagar,2024-02-14
2007,Triya Kashyap,lseth@example.org,6102372643,East Delhi,Vivek Vihar,2024-01-04
2008,Dakshesh Patla,ksarna@example.com,09715579327,North Delhi,Pitampura,2024-06-02
2009,Abhimanyu Dani,nayakdarika@example.net,1773260968,South Delhi,Greater Kailash,2024-09-12
2010,Niharika Trivedi,cbhatnagar@example.net,09735867943,South Delhi,Malviya Nagar,2024-07-11
2011,Nirja Mahal,watika02@example.com,+912767659645,West Delhi,Paschim Vihar,2024-06-12
2012,Lila Rajan,alka71@example.com,03474502405,West Delhi,Tilak Nagar,2024-12-06
2013,Saanvi Tandon,abdulmahajan@example.net,8965394503,West Delhi,Tilak Nagar,2024-09-20
2014,Ikshita Mammen,subramaniamabhimanyu@example.com,+918338569329,North Delhi,Rohini,2024-09-28
2015,Yug Ray,vmitter@example.net,+914073730415,South Delhi,Greater Kailash,2024-06-15
2016,Libni Kamdar,aarinibalan@example.com,+910265838796,East Delhi,Mayur Vihar,2024-09-25
2017,Saksham Manne,rsibal@example.net,04660332739,South Delhi,Malviya Nagar,2024-07-22
2018,Aishani Choudhury,manan09@example.com,+910102760781,East Delhi,Mayur Vihar,2024-11-30
2019,Ishwar Ramanathan,zarna49@example.com,09738330614,North Delhi,Civil Lines,2024-08-01
2020,Tanveer Nagy,rprabhu@example.net,08935052602,South Delhi,Greater Kailash,2024-02-19
2021,Ayush Raval,bnatt@example.com,+917181292361,East Delhi,Preet Vihar,2024-09-07
2022,Imaran Datta,vyanjanashenoy@example.com,09984133768,West Delhi,Paschim Vihar,2024-05-29
2023,Aditya Natt,suridominic@example.org,6510640707,East Delhi,Laxmi Nagar,2024-04-30
2024,Charvi Sastry,yauvani30@example.org,08573654044,North Delhi,Pitampura,2024-05-06
2025,Varenya Goyal,anneranbir@example.org,08836431678,West Delhi,Tilak Nagar,2024-09-02
2026,Yadavi Loke,amara08@example.net,9593032075,East Delhi,Vivek Vihar,2024-11-07
2027,Abdul Oommen,pallavibhagat@example.org,5230299966,North Delhi,Ashok Vihar,2024-07-20
2028,Theodore Bail,yatanparmar@example.com,04030799154,North Delhi,Model Town,2024-10-31
2029,Pranit Sheth,nihalbal@example.org,+919531850042,South Delhi,Hauz Khas,2024-08-30
2030,Farhan Wali,balvanrajagopalan@example.net,+910481093054,North Delhi,Pitampura,2024-05-07
2031,Saumya Kalla,sachi79@example.com,+919824553815,North Delhi,Civil Lines,2024-07-26
2032,Naksh Sunder,raghavvarma@example.org,04295185255,West Delhi,Dwarka,2024-11-27
2033,Omya Wable,nayarhamsini@example.net,+913081969544,East Delhi,Laxmi Nagar,2024-12-14
2034,Lila Chauhan,alexander48@example.net,09150892446,South Delhi,Hauz Khas,2024-10-12
2035,Benjamin Khanna,avi76@example.net,05593558810,West Delhi,Tilak Nagar,2024-11-09
2036,Michael Sekhon,tnarayan@example.com,07745925412,North Delhi,Ashok Vihar,2024-11-03
2037,Yoshita Sem,bhavyakothari@example.com,7900704559,North Delhi,Ashok Vihar,2024-12-08
2038,Dayita Saha,ulanka@example.org,06239567125,South Delhi,Hauz Khas,2024-10-24
2039,Timothy Oza,gangulyshravya@example.com,04906412272,North Delhi,Civil Lines,2024-03-09
2040,Mekhala Patel,devmandal@example.com,+913417005455,North Delhi,Civil Lines,2024-11-08
2041,Bimala Pandit,gayathri56@example.org,+916833576680,South Delhi,Greater Kailash,2024-11-29
2042,Abhimanyu Mitra,balanyadavi@example.com,0431715578,West Delhi,Paschim Vihar,2024-03-25
2043,Nathan Chander,okata@example.com,6093160898,South Delhi,Saket,2024-09-19
2044,Aryan Chakrabarti,pillaykamya@example.net,+919111532026,North Delhi,Pitampura,2024-09-22
2045,Chanakya Bali,wazirkalla@example.net,03790203887,West Delhi,Rajouri Garden,2024-12-16
2046,Dev Walia,chamelimander@example.com,1676634208,East Delhi,Mayur Vihar,2024-11-28
2047,Chandani Vala,grewalchaitaly@example.org,6647426440,South Delhi,Hauz Khas,2024-11-18
2048,Ubika Hari,wardasaraf@example.com,+917958187744,West Delhi,Paschim Vihar,2024-10-12
2049,Deepa Rama,tchakrabarti@example.com,09399531556,East Delhi,Mayur Vihar,2024-10-04
2050,Deepa Dhawan,aryaanne@example.org,6908964966,West Delhi,Rajouri Garden,2024-10-26
2051,Zilmil Bhatt,yogiqabil@example.org,2324687220,South Delhi,Vasant Kunj,2024-11-06
2052,Unni Johal,vedikamadan@example.org,01386748578,East Delhi,Mayur Vihar,2024-08-07
2053,Charan Lanka,falak96@example.net,07657868005,North Delhi,Pitampura,2024-08-04
2054,Ekalinga Deep,psrinivas@example.com,04943632705,South Delhi,Saket,2024-03-02
2055,Hredhaan Kumer,mpant@example.com,02004218674,West Delhi,Janakpuri,2024-05-06
2056,Harish Pillay,chandreshkrish@example.com,+919198505651,North Delhi,Rohini,2023-12-16
2057,Udarsh Nadig,chandran81@example.net,03229876632,West Delhi,Rajouri Garden,2024-12-05
2058,Champak Mallick,sarthakjayaraman@example.net,+910608917005,East Delhi,Mayur Vihar,2023-11-07
2059,Jonathan Bumb,ikshita74@example.net,05990527025,South Delhi,Malviya Nagar,2024-11-19
2060,Girish Chowdhury,tanveer58@example.org,+914077513061,North Delhi,Ashok Vihar,2024-10-13
2061,Michael Dey,rattitamanna@example.com,03714732043,West Delhi,Rajouri Garden,2024-04-19
2062,Jonathan Sawhney,yuvraj12@example.com,06560233616,South Delhi,Vasant Kunj,2024-11-19
2063,Harinakshi Uppal,sahotamadhav@example.com,05552672036,West Delhi,Tilak Nagar,2023-08-29
2064,Dakshesh Dhawan,hmurthy@example.org,+915687069057,South Delhi,Saket,2024-04-01
2065,Ekavir Gokhale,virkgavin@example.com,09323539330,East Delhi,Mayur Vihar,2024-06-03
2066,Anjali Wagle,ekaja16@example.com,00794321830,South Delhi,Vasant Kunj,2024-10-02
2067,Anika Goda,alanka@example.net,5519020411,North Delhi,Pitampura,2024-06-14
2068,Dalaja Thaman,muttiguneet@example.org,3346533633,North Delhi,Model Town,2024-07-30
2069,Diya Subramaniam,chasmum37@example.net,+910984164377,South Delhi,Greater Kailash,2024-10-25
2070,Manan Char,vanne@example.com,00125928339,South Delhi,Greater Kailash,2024-06-28
2071,George Sen,lajita81@example.com,09750591739,West Delhi,Tilak Nagar,2024-11-14
2072,Azaan Biswas,palanjanani@example.net,+916983317936,East Delhi,Vivek Vihar,2024-11-05
2073,Xalak Bala,charita06@example.com,4525935707,East Delhi,Preet Vihar,2024-03-31
2074,Jyoti Ahuja,manya20@example.com,5622719260,West Delhi,Rajouri Garden,2024-10-09
2075,Leela Bhattacharyya,sarinyauvani@example.org,1093609194,North Delhi,Ashok Vihar,2023-11-18
2076,Ekalinga Sibal,bawaronith@example.org,06280587777,East Delhi,Preet Vihar,2024-11-25
2077,Frado Mall,sdesai@example.com,2119569646,South Delhi,Vasant Kunj,2024-10-07
2078,Vritti Sengupta,eeshapathak@example.com,9192205135,East Delhi,Laxmi Nagar,2024-12-20
2079,Wriddhish Sharaf,owen50@example.org,05167486735,East Delhi,Preet Vihar,2024-12-11
2080,Kalpit Chowdhury,qtaneja@example.net,04779359958,West Delhi,Janakpuri,2024-10-24
2081,Tarak Yadav,kashishraju@example.net,9712520193,West Delhi,Dwarka,2023-12-22
2082,Lajita Kumar,jdasgupta@example.com,01919699335,East Delhi,Laxmi Nagar,2024-01-14
2083,Baljiwan Kala,korpalvanya@example.net,+910568287533,East Delhi,Preet Vihar,2024-04-15
2084,Garima Gokhale,dgarg@example.org,4874781128,North Delhi,Model Town,2023-07-28
2085,Neha Hegde,jyoti17@example.org,2229317786,North Delhi,Rohini,2024-12-22
2086,Abhiram Konda,reva50@example.com,07779174312,South Delhi,Greater Kailash,2024-08-25
2087,Siddharth Mittal,samuel53@example.net,1157509272,East Delhi,Preet Vihar,2024-10-25
2088,Anita Varma,guhalajita@example.net,5756294339,East Delhi,Mayur Vihar,2024-01-11
2089,Niharika Wason,asharma@example.net,5506943944,South Delhi,Greater Kailash,2023-07-02
2090,Darpan Bir,mitalmadhav@example.com,9749354921,North Delhi,Civil Lines,2024-03-06
2091,Hredhaan Vohra,tiwariojasvi@example.net,1329357538,West Delhi,Dwarka,2024-03-14
2092,Yadavi Brahmbhatt,chakrabortyekta@example.net,00347560164,North Delhi,Rohini,2024-07-21
2093,Leena Grover,gaurika54@example.com,+910213546922,West Delhi,Paschim Vihar,2024-07-08
2094,Bhavani Agrawal,wchacko@example.com,+914346609547,East Delhi,Preet Vihar,2024-10-26
2095,Chandresh Sahni,krishfaraj@example.org,09516352141,East Delhi,Mayur Vihar,2023-06-03
2096,Aadi Garde,bishakhachhabra@example.com,06168095641,West Delhi,Paschim Vihar,2024-11-23
2097,Anamika Dara,tejashegde@example.com,05028591565,East Delhi,Mayur Vihar,2024-06-11
2098,Reva Chaudhary,urvashi82@example.net,+915249221911,North Delhi,Model Town,2024-09-30
2099,Nathaniel Madan,mannanimaran@example.com,+911385699391,North Delhi,Rohini,2024-10-26
2100,Om Sachar,mitesh01@example.org,0174020984,North Delhi,Civil Lines,2024-03-23
2101,Rajata Thakur,xrau@example.net,08182729136,West Delhi,Dwarka,2024-05-23
2102,Eta Chaudry,rmuni@example.net,9153218011,South Delhi,Greater Kailash,2024-02-07
2103,David Varughese,laksh31@example.com,08234284022,East Delhi,Vivek Vihar,2024-05-31
2104,Megha Ghosh,fsood@example.net,+912025342386,East Delhi,Mayur Vihar,2023-12-17
2105,Balveer Sem,brajan@example.com,+919398766740,West Delhi,Paschim Vihar,2024-12-10
2106,Vidhi Desai,baralsaumya@example.net,02400330510,South Delhi,Saket,2024-12-23
2107,Maanav Mander,wdevan@example.com,+916541689392,South Delhi,Greater Kailash,2024-06-10
2108,Radha Kaur,qasim38@example.net,+918289363278,West Delhi,Dwarka,2024-07-06
2109,Zaitra Bail,rbaral@example.org,3573189959,North Delhi,Rohini,2024-12-06
2110,Ekavir Buch,rgrover@example.org,3534705070,West Delhi,Tilak Nagar,2024-12-05
2111,Varenya Prasad,mishrabarkha@example.net,9963576866,South Delhi,Vasant Kunj,2024-08-12
2112,Ekavir Khanna,nandajagrati@example.org,4845422595,North Delhi,Model Town,2024-10-10
2113,Harrison Hayre,bakhshinarang@example.net,+915419635110,West Delhi,Rajouri Garden,2024-11-28
2114,Widisha More,hredhaan36@example.org,05905041737,South Delhi,Malviya Nagar,2024-12-25
2115,Lohit Khalsa,krish67@example.net,00323812817,West Delhi,Tilak Nagar,2024-09-26
2116,Victor Pandit,saanvi52@example.org,+912759637311,South Delhi,Greater Kailash,2024-11-10
2117,Samesh Khare,babuyahvi@example.com,+913065940038,North Delhi,Pitampura,2024-06-19
2118,Yashodhara Bahl,omishamishra@example.net,01002182414,West Delhi,Tilak Nagar,2024-09-09
2119,Gagan Sem,desaizarna@example.com,01687873214,North Delhi,Pitampura,2024-02-29
2120,Advay Kadakia,anshmammen@example.org,4743344210,North Delhi,Model Town,2024-06-26
2121,Jalsa Bhatti,bailchaitaly@example.com,+911041313555,North Delhi,Civil Lines,2024-09-12
2122,Chavvi Deol,sodhimanan@example.net,2395672176,South Delhi,Saket,2023-09-08
2123,Watika Setty,esampath@example.net,05138771239,East Delhi,Preet Vihar,2024-04-29
2124,Udant Shan,benjaminmall@example.net,03045194558,North Delhi,Rohini,2024-09-20
2125,Yashvi Chad,rkapoor@example.org,8079640315,West Delhi,Dwarka,2024-12-21
2126,Eiravati Uppal,reyansh91@example.net,5362054493,West Delhi,Rajouri Garden,2024-09-25
2127,Qadim Sem,muttizayan@example.org,03856702071,North Delhi,Model Town,2024-12-31
2128,Ronith Shanker,quincy05@example.com,5535440789,West Delhi,Janakpuri,2024-11-28
2129,Tamanna Sidhu,krishnacherian@example.org,0720409471,South Delhi,Greater Kailash,2024-12-19
2130,Oscar Merchant,scherian@example.com,07804104866,South Delhi,Hauz Khas,2024-11-14
2131,Finn Vig,rkurian@example.org,02447049867,North Delhi,Ashok Vihar,2024-08-24
2132,Ishwar Babu,thakkarubika@example.com,+913325704430,South Delhi,Greater Kailash,2024-10-08
2133,Yash Desai,krisha68@example.net,7490304381,West Delhi,Rajouri Garden,2024-05-17
2134,Riya Tella,advikaraval@example.net,+914704811301,North Delhi,Ashok Vihar,2023-10-09
2135,Bhavya Konda,yugchacko@example.com,06518127591,South Delhi,Saket,2024-12-22
2136,Dakshesh Bains,anikakhurana@example.com,03256740536,South Delhi,Hauz Khas,2024-10-03
2137,Divya Chand,sameshdasgupta@example.org,04111902060,South Delhi,Malviya Nagar,2024-05-04
2138,Harsh Kota,djani@example.org,02214426735,East Delhi,Mayur Vihar,2024-03-03
2139,Alka Deshpande,panini11@example.com,+915999442618,North Delhi,Model Town,2024-01-05
2140,Forum Murty,revanadig@example.net,+916829508149,East Delhi,Preet Vihar,2024-04-05
2141,Azad Goswami,kiaanhayer@example.com,5935803528,South Delhi,Vasant Kunj,2023-01-01
2142,Gayathri Bala,cmutti@example.com,8197354425,West Delhi,Janakpuri,2023-01-01
2143,Avni Solanki,esuresh@example.com,04964930464,West Delhi,Janakpuri,2024-08-14
2144,Chanakya Saran,rajuyasti@example.org,04862755377,South Delhi,Hauz Khas,2024-01-16
2145,Indira Mannan,lbail@example.org,+911040725453,East Delhi,Laxmi Nagar,2024-05-25
2146,Caleb Chanda,kbhasin@example.net,+912470792625,South Delhi,Hauz Khas,2024-12-30
2147,Vansha Minhas,jeetramesh@example.org,+912503943988,West Delhi,Janakpuri,2024-11-13
2148,Amara Dubey,jparmar@example.net,+916179496454,East Delhi,Preet Vihar,2024-10-18
2149,Irya Shan,ghosesaumya@example.net,+911742718322,West Delhi,Dwarka,2024-12-31
2150,Arjun Edwin,sathvikramesh@example.net,+917617640404,North Delhi,Rohini,2024-12-05
2151,Gayathri Peri,buchnihal@example.net,03811050228,West Delhi,Dwarka,2024-09-22
2152,Baljiwan Sood,hamsini95@example.org,2767742393,North Delhi,Ashok Vihar,2024-09-25
2153,Alka Kalla,tanmayihari@example.net,+917839692151,South Delhi,Malviya Nagar,2023-12-22
2154,Advik Devi,fagarwal@example.com,+911434869653,West Delhi,Tilak Nagar,2024-05-05
2155,Ekansh Patel,vamakshi31@example.org,02089831873,South Delhi,Saket,2024-02-06
2156,Janaki Behl,okadakia@example.com,03129734148,South Delhi,Saket,2024-10-29
2157,Charan Dutta,mprakash@example.net,0826800907,North Delhi,Rohini,2024-02-01
2158,Orinder Bala,kchada@example.org,9452395960,West Delhi,Dwarka,2024-07-03
2159,Wahab Kadakia,narangzaitra@example.net,05175790323,East Delhi,Laxmi Nagar,2024-12-18
2160,Dakshesh Saraf,mandalekalinga@example.com,00241300788,East Delhi,Preet Vihar,2024-11-24
2161,Wakeeta Palla,vnair@example.net,5095914504,West Delhi,Tilak Nagar,2024-08-12
2162,Patrick Kothari,nsachar@example.com,6272865181,North Delhi,Rohini,2023-06-21
2163,Krish Baral,upkaar84@example.net,00462176434,East Delhi,Laxmi Nagar,2024-01-13
2164,Bhavini Chhabra,cpurohit@example.com,+917886985857,West Delhi,Dwarka,2024-01-20
2165,Faqid Chadha,ranarajeshri@example.com,2641879397,West Delhi,Janakpuri,2024-08-24
2166,Tarak Sha,eben@example.org,09316459824,North Delhi,Ashok Vihar,2023-08-28
2167,Reva Atwal,ria04@example.org,09365187569,East Delhi,Laxmi Nagar,2024-02-27
2168,Rachana Dewan,kannannathan@example.com,+915712567212,East Delhi,Mayur Vihar,2024-11-22
2169,Aayush Bala,tanvi89@example.com,1532425660,East Delhi,Vivek Vihar,2024-10-31
2170,Aadi Nath,nyogi@example.com,9030341365,South Delhi,Malviya Nagar,2024-10-03
2171,Jeremiah Varma,radha84@example.net,9770706007,South Delhi,Greater Kailash,2024-05-28
2172,Krishna Chaudhary,wriddhish37@example.org,+914917443687,South Delhi,Malviya Nagar,2024-09-16
2173,Lakshmi Khare,lsarkar@example.org,07740545866,West Delhi,Rajouri Garden,2024-06-28
2174,Manthan Mannan,emohanty@example.com,+917853141988,South Delhi,Malviya Nagar,2024-09-30
2175,Oscar Sahota,aarnagera@example.org,2233998215,East Delhi,Preet Vihar,2024-11-17
2176,Akshay Shenoy,kakarlakshit@example.net,0448456771,North Delhi,Model Town,2024-11-19
2177,Amaira Choudhry,yraghavan@example.org,05689391164,East Delhi,Vivek Vihar,2023-04-13
2178,Ria Rattan,wsengupta@example.com,07666476085,North Delhi,Ashok Vihar,2024-11-26
2179,Abhiram Tella,logan96@example.com,05217504998,West Delhi,Dwarka,2023-07-19
2180,Krish Thaker,ddhawan@example.com,04220618506,North Delhi,Model Town,2024-04-16
2181,Unni Kata,cmajumdar@example.org,07246639032,North Delhi,Pitampura,2024-10-17
2182,Aarini Kota,harigaurav@example.net,3933011184,East Delhi,Mayur Vihar,2024-11-23
2183,Nandini Pandya,yachana85@example.com,7552452961,South Delhi,Hauz Khas,2023-08-19
2184,Falan Malhotra,nishashankar@example.com,07835179838,East Delhi,Mayur Vihar,2023-12-04
2185,Gaurav Khurana,ikshita66@example.net,03389586417,West Delhi,Janakpuri,2023-09-24
2186,Eta Ram,dasindrajit@example.net,02469476293,North Delhi,Rohini,2024-08-05
2187,Bhanumati Devan,xvohra@example.org,09736799010,West Delhi,Janakpuri,2024-12-03
2188,Warda Bose,munshijoshua@example.org,+918721215190,South Delhi,Vasant Kunj,2024-08-09
2189,Indira Raja,dalajamadan@example.com,2201656633,West Delhi,Rajouri Garden,2024-09-23
2190,Ira Bansal,bhavnagulati@example.net,+916253814030,East Delhi,Mayur Vihar,2024-06-21
2191,Dipta Munshi,dominic42@example.org,+914843507450,East Delhi,Vivek Vihar,2023-09-02
2192,Yatin Gour,shroffaryan@example.org,04043109077,West Delhi,Rajouri Garden,2024-08-19
2193,Owen Keer,wyatt27@example.com,3765547617,South Delhi,Greater Kailash,2024-05-21
2194,Sachi Parikh,vkar@example.com,08147126661,West Delhi,Dwarka,2024-03-16
2195,Yatin Kalla,amairagola@example.com,0215013433,South Delhi,Vasant Kunj,2024-08-22
2196,Rajeshri Dugar,nzacharia@example.net,08247733912,North Delhi,Rohini,2024-06-07
2197,Timothy Sengupta,choudharymanbir@example.com,09395571421,South Delhi,Saket,2024-10-24
2198,Oviya Grover,bahadurjitraman@example.net,5910044364,South Delhi,Hauz Khas,2024-07-15
2199,Manya Loke,zayan32@example.net,6914220072,East Delhi,Laxmi Nagar,2024-10-04
2200,Riya Rao,eiravatidugar@example.com,0878571093,North Delhi,Rohini,2024-12-15
2201,Kashish Kamdar,atwalcaleb@example.net,+910632586775,North Delhi,Rohini,2024-12-30
2202,Neha Pingle,edara@example.org,4703446332,North Delhi,Ashok Vihar,2024-12-08
2203,Kritika Pandya,swadhwa@example.org,04635175735,North Delhi,Ashok Vihar,2023-09-20
2204,Yutika Peri,tatameghana@example.net,6595965600,North Delhi,Model Town,2023-05-04
2205,Theodore Sem,mitesh29@example.com,4842109222,West Delhi,Janakpuri,2024-05-02
2206,George Lanka,ira79@example.net,03723766041,North Delhi,Model Town,2023-12-09
2207,Maanas Sanghvi,tanish02@example.net,00813722982,West Delhi,Janakpuri,2024-08-16
2208,Amol Iyer,manthan43@example.net,+912950149628,South Delhi,Saket,2024-11-29
2209,Atharv Sharma,mnarasimhan@example.net,+918783476790,North Delhi,Pitampura,2024-10-21
2210,Raksha Tiwari,deepamitter@example.com,06694836094,North Delhi,Rohini,2024-12-10
2211,Zarna Rege,ishanibabu@example.net,05925629726,West Delhi,Janakpuri,2024-08-28
2212,Madhav Kade,falaksem@example.net,+917346892704,West Delhi,Dwarka,2024-12-21
2213,Peter Hans,zehaankrishnamurthy@example.com,06105149618,North Delhi,Civil Lines,2024-09-10
2214,Kritika Varghese,gganguly@example.net,08879244940,North Delhi,Civil Lines,2024-12-15
2215,Jagvi Chacko,anaik@example.org,+914408833183,South Delhi,Hauz Khas,2024-06-03
2216,Jairaj Rana,amritasingh@example.com,1237793980,South Delhi,Vasant Kunj,2024-07-08
2217,Nakul Dutta,boselekha@example.org,+918520023915,West Delhi,Tilak Nagar,2024-11-23
2218,Tarak Bora,xavierrana@example.net,3140982127,North Delhi,Model Town,2024-08-08
2219,Qadim Konda,sandhuveda@example.org,+911295903177,West Delhi,Rajouri Garden,2024-09-21
2220,Mohini Atwal,ahluwaliahenry@example.net,1765324483,West Delhi,Dwarka,2024-09-20
2221,Tejas Uppal,xcomar@example.org,04746911708,East Delhi,Preet Vihar,2024-10-11
2222,Advay Deol,idhaliwal@example.org,+914009380834,West Delhi,Paschim Vihar,2023-08-10
2223,Praneel Jayaraman,isaiahrai@example.net,0059324183,East Delhi,Preet Vihar,2024-05-02
2224,Inaya Grover,krajagopalan@example.com,+910213116795,West Delhi,Tilak Nagar,2024-04-30
2225,Noah Wadhwa,oliverraju@example.com,0116781167,North Delhi,Rohini,2024-12-28
2226,Krishna Amble,ekajachar@example.com,+918642673022,South Delhi,Saket,2024-07-27
2227,Chandani Chacko,nnigam@example.net,+914053198410,East Delhi,Vivek Vihar,2024-07-11
2228,Ayaan Sem,ekaja08@example.com,5284677037,West Delhi,Rajouri Garden,2024-11-17
2229,Rajata Seth,ubawa@example.org,3076440583,South Delhi,Saket,2024-07-21
2230,Falak Amble,tanknihal@example.com,+917973282901,North Delhi,Model Town,2024-12-27
2231,Kalpit Apte,hritik12@example.org,+914063680199,West Delhi,Dwarka,2023-04-26
2232,Januja Balan,chavvibarman@example.com,01174711706,North Delhi,Model Town,2023-06-14
2233,Indira Sarraf,juppal@example.com,+911240790448,South Delhi,Vasant Kunj,2024-09-06
2234,Yatin Verma,bhatiajeet@example.org,05676776195,West Delhi,Janakpuri,2024-08-19
2235,Amrita Rastogi,charveda@example.org,2176451770,North Delhi,Model Town,2024-06-17
2236,Michael Jha,krishnamurthyinaya@example.org,07827725320,North Delhi,Ashok Vihar,2024-09-22
2237,Qabil Wali,urvi35@example.net,7272993357,West Delhi,Janakpuri,2024-12-27
2238,Nihal Kumer,kibeyahvi@example.com,6398464844,East Delhi,Mayur Vihar,2024-10-19
2239,Suhani Kothari,eiravatiramaswamy@example.net,02391886762,North Delhi,Ashok Vihar,2024-05-04
2240,Urvashi Kothari,upkaar34@example.org,02016633401,West Delhi,Dwarka,2023-08-17
2241,Kiaan Chanda,mitali34@example.net,02636288623,East Delhi,Vivek Vihar,2024-05-28
2242,Janya Sharaf,manderanya@example.com,05143442111,West Delhi,Paschim Vihar,2024-09-25
2243,Harinakshi Lanka,chaaya95@example.com,4218842463,East Delhi,Preet Vihar,2023-08-23
2244,Jeevika Borde,indrajitdas@example.com,07924642998,South Delhi,Malviya Nagar,2023-11-18
2245,Oscar Kulkarni,ujayaraman@example.org,9987591530,South Delhi,Saket,2024-10-21
2246,Ucchal Mutti,laljyoti@example.net,+918347923057,East Delhi,Preet Vihar,2024-07-21
2247,Abha Nair,farajbal@example.net,1246437862,East Delhi,Vivek Vihar,2024-09-07
2248,Samesh Batta,luthraojasvi@example.org,06961069637,West Delhi,Dwarka,2024-10-18
2249,Harsh Din,venkataramanvritti@example.net,0650614715,East Delhi,Laxmi Nagar,2024-12-15
2250,Harsh Chokshi,eiravatiagate@example.org,3160040272,West Delhi,Dwarka,2024-06-09
2251,Yasti Karan,isaiahgera@example.org,6149842507,East Delhi,Vivek Vihar,2024-02-19
2252,Lajita Sethi,nihal00@example.net,+914144246073,North Delhi,Pitampura,2024-08-16
2253,Omkaar Koshy,tbir@example.com,5285994757,East Delhi,Mayur Vihar,2024-11-22
2254,Tanay Suri,victorbalakrishnan@example.com,07797983676,North Delhi,Model Town,2024-12-24
2255,Upasna Muni,bariajyoti@example.net,+919481504390,North Delhi,Rohini,2024-08-06
2256,Harita Saraf,deolishani@example.net,6966096354,West Delhi,Janakpuri,2024-06-17
2257,Maya Badal,fnarain@example.org,+910184262264,East Delhi,Mayur Vihar,2023-06-30
2258,Hemang Vyas,dearunima@example.com,4085935653,South Delhi,Saket,2023-09-09
2259,Nakul Malhotra,upmasetty@example.net,5076557374,West Delhi,Janakpuri,2024-12-22
2260,Mohammed Narayanan,gardeonkar@example.com,8467901752,South Delhi,Hauz Khas,2024-12-08
2261,Varsha Gill,priya52@example.org,6749990203,South Delhi,Greater Kailash,2024-09-04
2262,Amruta Barad,dacharya@example.net,01591242695,East Delhi,Vivek Vihar,2024-11-27
2263,Ekaja Kant,ekapad39@example.com,03529461426,South Delhi,Saket,2024-05-22
2264,Anthony Madan,vaidyairya@example.org,+916334611897,North Delhi,Ashok Vihar,2024-07-27
2265,Ranbir Sen,praneelraja@example.com,3380419171,East Delhi,Preet Vihar,2024-12-08
2266,Chanakya Korpal,vihaanbhat@example.net,04418436602,South Delhi,Saket,2024-11-25
2267,Rushil Chahal,urishillazachariah@example.org,2109367677,North Delhi,Civil Lines,2024-09-02
2268,Suhani Khatri,woommen@example.com,04554590348,North Delhi,Ashok Vihar,2024-09-01
2269,Ganga Krishna,ishitachoudhry@example.org,+912693955330,West Delhi,Janakpuri,2024-10-19
2270,Rehaan Krish,fitanjha@example.com,1485507026,North Delhi,Ashok Vihar,2024-11-22
2271,Anay Sankaran,pahalatwal@example.com,04151448762,West Delhi,Paschim Vihar,2024-12-16
2272,Osha Mangal,aadhyadeshpande@example.com,9730294069,West Delhi,Tilak Nagar,2024-06-21
2273,Vanya Ganguly,oliver02@example.org,5893771258,South Delhi,Saket,2024-11-03
2274,Aishani Wali,mitalishita@example.org,05991945644,North Delhi,Ashok Vihar,2024-10-16
2275,Zayan Nagy,wazirahuja@example.org,01524286785,East Delhi,Vivek Vihar,2023-09-28
2276,Aadhya Tak,biswasyadavi@example.net,07950146709,East Delhi,Laxmi Nagar,2024-10-21
2277,Pallavi Suri,hemalbasu@example.net,+918004177073,South Delhi,Malviya Nagar,2024-09-07
2278,Pallavi Basak,hiteshsachdev@example.org,+914079921645,West Delhi,Janakpuri,2023-10-03
2279,Ekiya Goel,spai@example.net,+918328678515,South Delhi,Hauz Khas,2024-07-09
2280,Pallavi Raman,palanjagrati@example.net,01556616689,South Delhi,Greater Kailash,2024-12-15
2281,Caleb Khatri,ykhare@example.com,00595516113,West Delhi,Tilak Nagar,2024-08-22
2282,Gaurika Sagar,rachitdeep@example.com,01825696192,North Delhi,Rohini,2024-11-13
2283,Maanav Sanghvi,jmuni@example.net,09784879896,West Delhi,Rajouri Garden,2024-09-22
2284,Frederick Sandal,dalbirpalan@example.org,00436922591,West Delhi,Paschim Vihar,2024-12-11
2285,Zashil Deol,aayushdara@example.org,04690176319,West Delhi,Paschim Vihar,2024-11-12
2286,Yadavi Sandal,unnatibadal@example.net,05360622306,East Delhi,Preet Vihar,2024-08-27
2287,Ijaya Sahni,pjhaveri@example.net,07756942984,West Delhi,Janakpuri,2024-12-20
2288,Aarav Misra,banikteerth@example.net,+917303248274,South Delhi,Hauz Khas,2024-12-09
2289,Samuel Nair,veerom@example.com,+911882038069,South Delhi,Hauz Khas,2024-12-22
2290,Yashasvi Sachar,ekalinganatt@example.org,1112817790,South Delhi,Malviya Nagar,2024-05-17
2291,Mahika Samra,oramaswamy@example.com,9472813265,East Delhi,Vivek Vihar,2023-08-01
2292,Gayathri Anne,saiswamy@example.net,+912940375353,South Delhi,Saket,2024-12-12
2293,Sai Dugal,hemal27@example.net,06719503056,North Delhi,Model Town,2024-07-12
2294,David Shan,dassmitali@example.com,+914948918529,East Delhi,Preet Vihar,2024-10-16
2295,Yashica Thakkar,aayushborah@example.com,+914977764913,South Delhi,Malviya Nagar,2023-12-08
2296,Frado Rege,ridhi65@example.org,2261954902,North Delhi,Model Town,2024-09-29
2297,Adya Minhas,aahananagarajan@example.com,06613886550,North Delhi,Civil Lines,2024-01-01
2298,Gautam Pillai,mugdha78@example.org,+913959360194,South Delhi,Vasant Kunj,2024-08-23
2299,Mitesh Sharaf,sagarleela@example.org,5360878072,North Delhi,Rohini,2024-11-01
2300,Logan Balakrishnan,tanishchaudhry@example.org,+910996676372,East Delhi,Preet Vihar,2024-09-13
2301,Ryan Sawhney,chakrikakrishna@example.net,+916567071905,East Delhi,Preet Vihar,2024-04-20
2302,Eshana Swaminathan,rishi96@example.com,00546739316,South Delhi,Hauz Khas,2024-12-13
2303,Abdul Om,pavani88@example.com,3058868102,South Delhi,Malviya Nagar,2024-12-10
2304,Simon Chandra,patricksami@example.com,+915478009580,South Delhi,Hauz Khas,2024-08-11
2305,Akshay Chana,libni15@example.net,00001900738,South Delhi,Malviya Nagar,2024-10-24
2306,Aarini Ramanathan,okata@example.com,7436939089,East Delhi,Preet Vihar,2024-08-23
2307,Henry Kade,walieesha@example.net,07183213054,South Delhi,Saket,2024-04-25
2308,Zehaan Gill,ekansh11@example.net,0359409429,South Delhi,Greater Kailash,2024-05-01
2309,Dev Golla,saumya99@example.net,0323887676,South Delhi,Malviya Nagar,2024-01-12
2310,Balhaar Ram,ekajabobal@example.org,00399783874,West Delhi,Janakpuri,2024-12-30
2311,Robert Bail,uppalronith@example.com,+912939702663,East Delhi,Preet Vihar,2024-01-24
2312,Aayush Sodhi,palldayamai@example.net,+918513311786,West Delhi,Paschim Vihar,2024-03-15
2313,Harita Sarma,cravi@example.com,+919288920302,East Delhi,Laxmi Nagar,2024-08-15
2314,Ekaja Sarma,bahadurjit58@example.net,+913036067787,East Delhi,Preet Vihar,2024-05-17
2315,Omkaar Lata,ygill@example.com,07136496745,North Delhi,Pitampura,2024-10-24
2316,Dayamai Mutti,snehaparekh@example.org,07448825269,East Delhi,Preet Vihar,2024-09-06
2317,Isaiah Verma,hemang11@example.com,6733851576,East Delhi,Vivek Vihar,2024-09-30
2318,Osha Talwar,pillaydarpan@example.net,08098383193,East Delhi,Mayur Vihar,2024-07-08
2319,Radha Naik,goelvedhika@example.com,6034563338,West Delhi,Tilak Nagar,2024-10-08
2320,Yash Mital,lakshit45@example.com,+915155782638,West Delhi,Dwarka,2024-05-31
2321,Samaksh Ganesan,maanav71@example.com,+918628697476,North Delhi,Pitampura,2023-01-01
2322,Tanveer Singh,kadakiahemangini@example.net,07872681931,North Delhi,Pitampura,2024-12-03
2323,Praneel Mand,gilludant@example.org,0625394185,East Delhi,Mayur Vihar,2024-11-19
2324,Harita Pillai,devansh89@example.org,08831400356,East Delhi,Mayur Vihar,2024-11-21
2325,Ayaan Jain,yashasvidora@example.com,03549047986,North Delhi,Ashok Vihar,2024-02-07
2326,Saanvi Chaudhry,lthakur@example.net,02132508628,East Delhi,Laxmi Nagar,2024-10-24
2327,Dipta Raju,shivansh47@example.com,+918823092587,West Delhi,Paschim Vihar,2024-10-06
2328,Bimala Rana,zkala@example.org,+916330846017,West Delhi,Rajouri Garden,2024-12-15
2329,Meera Doshi,keersarthak@example.net,04908474911,West Delhi,Tilak Nagar,2023-10-18
2330,Wriddhish Kumar,bakhshikarnik@example.org,+911663662284,South Delhi,Vasant Kunj,2024-02-17
2331,Eesha Mohan,mannanaarnav@example.net,5796229511,North Delhi,Model Town,2023-08-26
2332,Yasti Muni,cbuch@example.com,6002604690,North Delhi,Model Town,2024-09-02
2333,Riya Lala,ryan89@example.org,6244106678,South Delhi,Greater Kailash,2023-08-18
2334,Ekaja Singhal,manbirborra@example.com,00242389354,West Delhi,Tilak Nagar,2024-10-20
2335,Akshay Sharma,biralexander@example.net,02985023050,West Delhi,Rajouri Garden,2024-04-15
2336,Radha Saxena,krishnanharinakshi@example.org,+913171479554,West Delhi,Dwarka,2024-11-20
2337,Onkar Gandhi,pranav20@example.org,8152089521,North Delhi,Pitampura,2024-10-01
2338,Manya Aggarwal,dugaromisha@example.net,02505073249,South Delhi,Greater Kailash,2024-11-21
2339,Vincent Merchant,chaturakoshy@example.net,+915027496238,South Delhi,Vasant Kunj,2023-10-07
2340,Yashasvi Manda,champak37@example.net,05439994285,West Delhi,Paschim Vihar,2023-02-24
2341,Rayaan Kar,virknirja@example.net,01486329085,West Delhi,Janakpuri,2024-03-15
2342,Gaurangi Bhandari,yasti71@example.com,0518237721,East Delhi,Laxmi Nagar,2023-12-31
2343,Charles Subramanian,bhavya47@example.net,3911717400,South Delhi,Greater Kailash,2023-07-19
2344,Aahana Parikh,rwable@example.net,4865737449,East Delhi,Laxmi Nagar,2024-10-21
2345,Nidhi Purohit,savantkrishna@example.org,06047412081,North Delhi,Ashok Vihar,2024-09-02
2346,Reyansh Sarin,yachanadube@example.com,+918940439351,East Delhi,Laxmi Nagar,2024-11-11
2347,Andrew Devan,enarasimhan@example.com,02668480316,West Delhi,Janakpuri,2023-09-24
2348,Mugdha Singhal,sharafdivya@example.org,08135376429,West Delhi,Tilak Nagar,2024-10-31
2349,Thomas Apte,ishitakhosla@example.net,02608853298,North Delhi,Model Town,2024-12-09
2350,Warjas Mannan,chanderfrado@example.com,9747547377,East Delhi,Mayur Vihar,2024-01-05
2351,Anya Baral,ishanker@example.org,4565977396,South Delhi,Saket,2024-06-13
2352,Azad Iyer,ansh57@example.org,08910804175,South Delhi,Hauz Khas,2024-10-18
2353,Arunima Kala,somneel@example.org,8877169916,East Delhi,Preet Vihar,2024-12-17
2354,Yashawini Shere,vincentroy@example.org,01104857867,East Delhi,Laxmi Nagar,2024-07-26
2355,Maanav Rajan,vansha28@example.org,2912789885,East Delhi,Preet Vihar,2023-08-30
2356,Aarna Bhatt,obal@example.net,01585537304,West Delhi,Dwarka,2024-08-23
2357,Tamanna Saha,jatinwagle@example.com,09670716944,East Delhi,Vivek Vihar,2024-09-09
2358,Anika Mody,agrawaldaniel@example.net,4075602310,South Delhi,Hauz Khas,2024-03-19
2359,Devika Baria,ksunder@example.net,08228854273,East Delhi,Mayur Vihar,2024-09-13
2360,Aarna Sunder,kavyacontractor@example.net,7366547587,West Delhi,Paschim Vihar,2024-09-06
2361,Veda Bhavsar,naiduraghav@example.net,2590677185,East Delhi,Preet Vihar,2024-06-04
2362,Nandini Agate,somanbimala@example.org,0402560041,South Delhi,Hauz Khas,2023-01-01
2363,Hardik Rege,dtalwar@example.com,+917071279717,West Delhi,Rajouri Garden,2024-12-10
2364,Tanay Nanda,roychakrika@example.org,7299043881,North Delhi,Ashok Vihar,2023-12-19
2365,Niharika Shenoy,kdeshmukh@example.com,+912543163915,East Delhi,Preet Vihar,2024-02-20
2366,Oviya Mahajan,vdate@example.com,+914678203690,North Delhi,Ashok Vihar,2024-12-21
2367,Hritik Nagarajan,bachittar26@example.org,+914097312206,West Delhi,Tilak Nagar,2024-09-30
2368,Reva Saran,snaidu@example.net,+915324216943,North Delhi,Model Town,2024-02-06
2369,Udarsh Ganesan,dborah@example.net,0581380573,East Delhi,Preet Vihar,2024-07-13
2370,Jack Kapoor,jsawhney@example.net,6455526151,South Delhi,Vasant Kunj,2024-10-29
2371,Ridhi Apte,jasmit70@example.com,+919508687441,West Delhi,Dwarka,2024-09-08
2372,Rayaan Oza,ughose@example.net,09263560062,East Delhi,Laxmi Nagar,2024-11-29
2373,Hiral Bhatnagar,gagan79@example.com,5193784953,West Delhi,Dwarka,2023-08-13
2374,Orinder Sha,amarakrishnamurthy@example.com,0197621346,North Delhi,Model Town,2024-09-13
2375,Mekhala Malhotra,ubose@example.org,6532224708,North Delhi,Pitampura,2024-12-22
2376,Aarnav Chhabra,hritik29@example.net,01988408943,South Delhi,Saket,2024-11-09
2377,Chasmum Dar,neelimavarma@example.org,09300805889,East Delhi,Vivek Vihar,2024-05-25
2378,Forum Trivedi,daraamrita@example.org,+913405081056,North Delhi,Rohini,2024-05-16
2379,Harita Vasa,obarad@example.org,+913116694602,East Delhi,Preet Vihar,2024-11-25
2380,Naveen Mannan,bsem@example.com,+918125983620,North Delhi,Rohini,2024-12-28
2381,Amara Upadhyay,ekani91@example.org,00920331465,North Delhi,Model Town,2024-12-06
2382,Irya Tandon,sainimahika@example.com,08130499504,East Delhi,Vivek Vihar,2024-07-17
2383,Yachana Randhawa,harish64@example.com,+918629532230,South Delhi,Greater Kailash,2024-12-27
2384,Manbir Madan,qrajan@example.org,+916139557458,West Delhi,Janakpuri,2024-12-30
2385,Jagat Thaman,naiduyamini@example.org,3408354427,South Delhi,Hauz Khas,2024-08-02
2386,Yashvi Dash,alexandersant@example.net,05693259627,East Delhi,Laxmi Nagar,2023-01-01
2387,Nihal Dewan,oeshiyohannan@example.org,+912753418399,West Delhi,Janakpuri,2024-08-25
2388,Harinakshi Singhal,dyalkrish@example.net,+911771062945,North Delhi,Rohini,2024-03-30
2389,Kiaan Raju,amara73@example.com,3414391032,East Delhi,Laxmi Nagar,2023-07-27
2390,Jatin Wadhwa,dsane@example.net,0667477201,West Delhi,Paschim Vihar,2024-09-14
2391,Darsh Merchant,karpeyashodhara@example.com,+917826018777,South Delhi,Hauz Khas,2023-06-06
2392,Tristan Guha,lucky25@example.org,3922425777,West Delhi,Tilak Nagar,2024-07-28
2393,Tamanna Shan,janaki75@example.org,+911885211484,South Delhi,Hauz Khas,2024-11-03
2394,Bakhshi Karan,hgupta@example.org,6878842047,West Delhi,Rajouri Garden,2023-01-01
2395,Yatin Pillay,sanya70@example.com,3928532025,East Delhi,Preet Vihar,2024-07-29
2396,Nikita Bumb,lsom@example.com,07781898636,North Delhi,Civil Lines,2024-05-10
2397,Umang Nanda,falak92@example.net,+911857235019,North Delhi,Pitampura,2024-11-08
2398,Triveni Kala,ksura@example.com,+916389654997,West Delhi,Paschim Vihar,2024-12-15
2399,Frederick Srinivas,krishnabahri@example.org,1001428669,North Delhi,Civil Lines,2024-11-08
2400,Megha Gopal,frederick57@example.com,5149096710,North Delhi,Rohini,2024-12-30
2401,Aarav Lanka,yutika72@example.com,+912749665294,South Delhi,Greater Kailash,2023-07-17
2402,Chaitanya Pai,shanjeet@example.net,02512343353,East Delhi,Preet Vihar,2024-11-30
2403,Ubika Prakash,fsule@example.com,+914265875031,South Delhi,Greater Kailash,2024-08-15
2404,Chandani Sarma,kundaaarav@example.com,01280619907,North Delhi,Civil Lines,2024-11-08
2405,Meera Ramaswamy,qtank@example.com,02171243566,East Delhi,Preet Vihar,2024-06-02
2406,Chandresh Kamdar,ijayahegde@example.com,5255876735,North Delhi,Pitampura,2023-01-01
2407,Urvi Chander,tatapatrick@example.net,3947646126,North Delhi,Civil Lines,2024-11-13
2408,Abha Jayaraman,gkhalsa@example.net,02756443909,East Delhi,Vivek Vihar,2024-12-13
2409,Devansh Nayar,nrattan@example.org,+916362105164,West Delhi,Rajouri Garden,2024-01-21
2410,Sanaya Uppal,tbhakta@example.net,+911353739652,West Delhi,Paschim Vihar,2024-07-18
2411,Nihal Nadig,dsastry@example.com,0554899071,North Delhi,Ashok Vihar,2024-08-12
2412,Leena Char,brinda82@example.com,+910293313268,South Delhi,Malviya Nagar,2024-08-23
2413,Urishilla Lala,kbahri@example.org,+916884157712,North Delhi,Civil Lines,2024-07-14
2414,Amaira Gera,dev95@example.com,+917655892235,North Delhi,Civil Lines,2024-11-28
2415,Kai Naidu,bbal@example.org,+912282933528,North Delhi,Rohini,2024-10-16
2416,Widisha Chawla,rishi59@example.net,04726847464,West Delhi,Rajouri Garden,2024-04-01
2417,Ekani Bandi,hdora@example.org,+910185088087,West Delhi,Paschim Vihar,2024-03-22
2418,Neha Mukherjee,atharv58@example.org,0580108867,South Delhi,Greater Kailash,2024-10-17
2419,Abha Kulkarni,fsaran@example.net,+917886636465,West Delhi,Paschim Vihar,2024-11-13
2420,Theodore Kaur,sachi74@example.net,6337922628,North Delhi,Pitampura,2024-08-27
2421,Falan Pai,gollatejas@example.com,03873450521,East Delhi,Mayur Vihar,2024-12-30
2422,Abhiram Nagarajan,krishnanurvashi@example.org,00979629145,South Delhi,Vasant Kunj,2024-08-24
2423,Shravya Keer,bpurohit@example.net,5919817473,West Delhi,Dwarka,2024-05-25
2424,Rajata Patla,ridhiwadhwa@example.net,08748955713,East Delhi,Mayur Vihar,2023-12-27
2425,Zehaan Lala,madhavi16@example.org,5257477743,South Delhi,Vasant Kunj,2024-09-15
2426,Nakul Buch,tristantripathi@example.com,7756191898,East Delhi,Preet Vihar,2024-06-20
2427,Gaurangi Prakash,oyogi@example.org,2900059054,West Delhi,Janakpuri,2024-12-06
2428,Ishaan Sarma,ladlinagy@example.net,04059193442,East Delhi,Mayur Vihar,2024-07-28
2429,Nilima Dass,ichauhan@example.org,3306533535,North Delhi,Civil Lines,2023-06-09
2430,Dipta Bahri,gdugar@example.org,1960878757,North Delhi,Ashok Vihar,2024-06-04
2431,Vamakshi Gupta,psandal@example.org,7739836660,East Delhi,Vivek Vihar,2024-10-22
2432,Wishi Thakur,gautami00@example.net,4450729629,West Delhi,Paschim Vihar,2024-11-30
2433,Finn Badal,tkashyap@example.org,2652782546,South Delhi,Vasant Kunj,2024-11-14
2434,Amol Natarajan,farhan56@example.com,+911775398724,East Delhi,Vivek Vihar,2024-02-25
2435,Gautam Sharma,toorxiti@example.com,+917553805365,North Delhi,Rohini,2024-04-28
2436,Lucky Sarkar,kamalabandi@example.com,0513069672,East Delhi,Vivek Vihar,2023-07-17
2437,Kabir Warrior,nadkarnilipika@example.net,+918702785379,West Delhi,Janakpuri,2024-12-30
2438,Isaac Mani,dayitachad@example.org,01730639085,West Delhi,Paschim Vihar,2024-08-24
2439,Bahadurjit Reddy,yachana36@example.net,+916723866560,South Delhi,Saket,2024-08-20
2440,Vaishnavi Srivastava,inaya95@example.com,+915410577250,West Delhi,Janakpuri,2024-03-29
2441,Balveer Gola,yadavi81@example.org,8558723578,East Delhi,Preet Vihar,2024-12-31
2442,Jagvi Sodhi,chakradharvyas@example.org,+914104150749,East Delhi,Vivek Vihar,2024-10-06
2443,Jackson Ravi,hatwal@example.net,+916115566134,East Delhi,Mayur Vihar,2024-12-30
2444,Anya Sastry,chakradev00@example.com,08408922706,South Delhi,Malviya Nagar,2024-05-03
2445,Leena Mukherjee,wyatt56@example.net,08036383647,South Delhi,Saket,2024-02-04
2446,Nitesh Modi,eshana81@example.com,+918335142449,South Delhi,Saket,2024-09-25
2447,Neelima Kota,bariabakhshi@example.com,03980488672,West Delhi,Dwarka,2023-08-19
2448,Hemang Mitra,puriimaran@example.net,00998731709,South Delhi,Saket,2024-12-09
2449,Mitali Ray,kapoorandrew@example.org,8469128150,North Delhi,Ashok Vihar,2024-09-04
2450,Lakshmi Krishnan,advika66@example.org,07312536127,North Delhi,Pitampura,2024-08-12
2451,Xiti Sethi,xgera@example.org,5794745080,West Delhi,Janakpuri,2024-10-31
2452,Jagdish Shukla,thomaschakraborty@example.com,01604261447,North Delhi,Ashok Vihar,2024-11-18
2453,Omisha Natarajan,lankaadweta@example.org,02644582969,North Delhi,Model Town,2024-12-30
2454,Jyoti Kurian,contractortheodore@example.net,08049876209,North Delhi,Civil Lines,2024-12-04
2455,Rehaan Sawhney,manyananda@example.net,+914276074146,South Delhi,Vasant Kunj,2023-12-28
2456,Anamika Aggarwal,radhikadasgupta@example.org,03425556183,East Delhi,Mayur Vihar,2024-09-17
2457,Qushi Dua,johalaadhya@example.org,5510954252,North Delhi,Civil Lines,2024-11-06
2458,Harinakshi Ahuja,neelima88@example.net,+918482072712,West Delhi,Rajouri Garden,2024-04-05
2459,Raghav Jha,bachittar29@example.org,08132672733,West Delhi,Tilak Nagar,2024-10-12
2460,Nimrat Dass,usekhon@example.com,04695881946,North Delhi,Ashok Vihar,2024-10-25
2461,Tanvi Menon,bimalaloyal@example.net,3136757266,East Delhi,Laxmi Nagar,2024-05-28
2462,Aayush Narayanan,nidhisami@example.com,8320316131,North Delhi,Pitampura,2024-09-28
2463,Shivani Aurora,yagnesh40@example.org,8333151801,West Delhi,Paschim Vihar,2024-06-02
2464,Neha Mammen,dugarzaid@example.com,+918019388953,South Delhi,Greater Kailash,2024-03-06
2465,Imaran Pandya,wridesh97@example.net,+915734159106,East Delhi,Vivek Vihar,2024-09-16
2466,Advik Tella,pgoswami@example.net,05046026224,West Delhi,Tilak Nagar,2024-06-02
2467,Karan Dhillon,henry82@example.com,1350621084,East Delhi,Laxmi Nagar,2024-11-16
2468,Faras Naidu,ptaneja@example.org,02981099752,North Delhi,Pitampura,2024-07-15
2469,Meghana Sahota,chandran83@example.com,1682140737,West Delhi,Janakpuri,2024-12-01
2470,Chatura Vora,rbutala@example.org,0390920056,West Delhi,Tilak Nagar,2024-12-31
2471,Mitali Baral,oamble@example.org,4748579888,West Delhi,Tilak Nagar,2024-08-22
2472,Dev Kashyap,triyakari@example.net,+915229322972,South Delhi,Malviya Nagar,2024-08-02
2473,Aahana Barad,minhasyuvraj@example.net,4754318864,South Delhi,Vasant Kunj,2024-08-22
2474,Amrita Sha,bhandarivaishnavi@example.net,2463669837,West Delhi,Dwarka,2024-09-15
2475,Jagvi Pau,mammengayathri@example.net,+918750077099,North Delhi,Model Town,2023-09-11
2476,Raghav D’Alia,gdhillon@example.net,+913598043331,East Delhi,Vivek Vihar,2024-06-24
2477,Osha Salvi,andrew10@example.org,06019335206,South Delhi,Saket,2024-09-16
2478,Owen Rajagopal,johalfaras@example.com,4266331614,West Delhi,Rajouri Garden,2024-09-13
2479,Nachiket Gupta,ambledevansh@example.com,+917199457405,South Delhi,Malviya Nagar,2024-10-27
2480,Janaki Balakrishnan,apteabdul@example.com,07352635951,South Delhi,Saket,2023-11-13
2481,Rachana Khare,qabil41@example.org,0228671066,West Delhi,Rajouri Garden,2024-09-19
2482,Pallavi Bains,chaitalyganesh@example.org,07774149057,North Delhi,Pitampura,2024-08-29
2483,Wishi Nazareth,matthewdave@example.net,09975261587,North Delhi,Ashok Vihar,2024-11-06
2484,Nandini Krish,soodhitesh@example.com,+911142412484,South Delhi,Malviya Nagar,2024-12-25
2485,Dalaja Saha,ekalla@example.net,+917174190669,South Delhi,Malviya Nagar,2024-01-04
2486,Dayita Nadkarni,pandeyvamakshi@example.net,+913401176170,East Delhi,Mayur Vihar,2024-10-29
2487,Hemang Jhaveri,comarhemang@example.net,+917383181720,East Delhi,Preet Vihar,2024-09-21
2488,Eesha Singhal,bparmar@example.com,+910191542607,West Delhi,Janakpuri,2024-11-17
2489,Bina Borde,samaati@example.org,02411475466,West Delhi,Dwarka,2024-09-02
2490,Anvi Wable,jonathankarnik@example.org,6421168460,South Delhi,Malviya Nagar,2024-09-09
2491,Zarna Pall,nigammanthan@example.org,06652174645,East Delhi,Laxmi Nagar,2024-06-26
2492,Vivaan Chaudhari,lmadan@example.com,+916054113713,North Delhi,Pitampura,2024-05-01
2493,Pavani Khurana,arorawatika@example.net,0786957601,North Delhi,Civil Lines,2024-10-24
2494,Akshay Mahal,naiduarunima@example.net,07473343597,North Delhi,Civil Lines,2024-11-17
2495,Rachana Sridhar,chandrapooja@example.net,02531750409,East Delhi,Preet Vihar,2023-11-14
2496,Urvi Badami,daliazarna@example.com,6897409529,East Delhi,Preet Vihar,2024-10-04
2497,Falak Pandya,pallavasudha@example.net,+918184726680,West Delhi,Janakpuri,2023-04-13
2498,Samesh Gera,faraj61@example.org,5406278908,West Delhi,Janakpuri,2024-08-26
2499,Meera Thakkar,gauravdas@example.org,1795928223,East Delhi,Laxmi Nagar,2023-09-04
2500,Finn Goyal,madhavi77@example.org,00385616271,South Delhi,Malviya Nagar,2024-11-28
2501,George Gupta,owen77@example.org,+913573742142,East Delhi,Vivek Vihar,2024-09-10
2502,Zayyan Goyal,sarnawilliam@example.com,01587199425,West Delhi,Tilak Nagar,2023-09-08
2503,Forum Deshpande,upkaar09@example.com,08779936427,North Delhi,Model Town,2024-12-17
2504,Triveni Pall,odixit@example.net,1612921351,North Delhi,Pitampura,2024-09-28
2505,Ethan Khatri,chandreshchhabra@example.org,05350246948,South Delhi,Saket,2024-12-19
2506,Hemang Garde,liamdate@example.org,+912087385709,East Delhi,Mayur Vihar,2024-06-27
2507,Sarthak Cheema,varshaarora@example.net,08783792131,North Delhi,Civil Lines,2024-08-14
2508,Quincy Dey,hbhagat@example.org,9371519317,West Delhi,Rajouri Garden,2023-10-21
2509,Anamika Koshy,horasachi@example.net,07381133704,South Delhi,Vasant Kunj,2024-12-24
2510,Meghana Gara,jeevika54@example.org,07005355882,East Delhi,Preet Vihar,2024-02-20
2511,Aishani Chaudhuri,vaidyaayaan@example.net,2938502847,West Delhi,Tilak Nagar,2024-09-12
2512,Noah Oak,opandya@example.com,+915641533070,North Delhi,Rohini,2024-09-22
2513,Nirja Saha,pbhat@example.net,6331191611,West Delhi,Tilak Nagar,2023-07-22
2514,Geetika Kannan,kondavrishti@example.org,1340377917,South Delhi,Vasant Kunj,2024-10-01
2515,Tanveer Sunder,ayaansachdeva@example.org,9200458207,North Delhi,Rohini,2024-10-18
2516,Gopal Raman,anamikasen@example.net,02468473255,West Delhi,Rajouri Garden,2023-01-18
2517,Panini Narasimhan,arjunnayak@example.net,+916791207209,North Delhi,Model Town,2024-06-08
2518,Vansha Bajaj,diptanagi@example.org,1996844565,North Delhi,Model Town,2024-05-19
2519,Fariq Sekhon,chaitaly20@example.com,00515567409,West Delhi,Janakpuri,2024-10-24
2520,Chanakya Dada,ztara@example.com,9300134140,South Delhi,Greater Kailash,2024-12-12
2521,Charles Ram,kbahl@example.org,04654840000,West Delhi,Tilak Nagar,2024-12-04
2522,Baljiwan Bajaj,nitara45@example.com,7683487525,East Delhi,Mayur Vihar,2023-03-24
2523,Anirudh Manda,baghyawatirandhawa@example.com,+915760138079,West Delhi,Dwarka,2024-12-17
2524,Fariq Chakraborty,gardehredhaan@example.com,02508159590,South Delhi,Greater Kailash,2024-02-26
2525,Wridesh Chopra,anthony71@example.com,01647763103,South Delhi,Greater Kailash,2024-12-05
2526,Yug Dara,eratti@example.org,+915461684446,North Delhi,Civil Lines,2024-10-14
2527,Barkha Pau,zayanmorar@example.org,8328113724,North Delhi,Pitampura,2024-06-14
2528,Waida Dugar,knair@example.org,4489400946,South Delhi,Malviya Nagar,2024-11-09
2529,Aadhya Ravel,mohammedmann@example.net,8780737676,South Delhi,Malviya Nagar,2024-04-19
2530,Upma Jha,cwali@example.com,+914251918716,West Delhi,Janakpuri,2024-07-17
2531,Sanya Mohan,zsaran@example.com,06609191935,South Delhi,Hauz Khas,2024-08-19
2532,Lajita Kulkarni,hemakade@example.org,06970856759,North Delhi,Model Town,2024-04-24
2533,Atharv Prasad,ykala@example.net,6704477714,South Delhi,Vasant Kunj,2024-11-24
2534,Isha Seshadri,ibhakta@example.com,0155449409,South Delhi,Malviya Nagar,2024-12-21
2535,Tara Naik,kamalaramachandran@example.net,+917448455576,East Delhi,Laxmi Nagar,2024-02-05
2536,Shivansh Khurana,anita20@example.net,00953072772,West Delhi,Paschim Vihar,2024-12-11
2537,Vaishnavi Ramachandran,yashica87@example.org,8942660366,East Delhi,Preet Vihar,2023-01-01
2538,Rachit Shetty,qmohan@example.net,+919435007961,North Delhi,Rohini,2024-11-01
2539,Isha Kapur,xtandon@example.com,8424716491,East Delhi,Vivek Vihar,2023-04-30
2540,Lopa Hans,bnath@example.net,02592501691,North Delhi,Civil Lines,2024-11-07
2541,Prisha Soni,srinivasanyashodhara@example.org,+910700813349,West Delhi,Paschim Vihar,2024-05-19
2542,Lohit Joshi,omistry@example.org,09249418016,North Delhi,Pitampura,2023-11-25
2543,Jacob Dalal,charitasalvi@example.com,+913118287914,South Delhi,Vasant Kunj,2024-11-01
2544,Ishanvi Palla,butalamaanav@example.org,+913905966694,South Delhi,Saket,2024-06-12
2545,Teerth Mannan,sarthaksubramaniam@example.com,4288463773,North Delhi,Civil Lines,2023-05-19
2546,Ekta Bera,adityagola@example.com,02179316250,South Delhi,Saket,2024-11-25
2547,Indira Hora,paninisawhney@example.net,2448372687,South Delhi,Malviya Nagar,2024-03-05
2548,Wridesh Uppal,fariq28@example.com,02877478691,North Delhi,Model Town,2024-07-11
2549,Chaitaly Badami,traghavan@example.org,6965241573,South Delhi,Saket,2024-05-27
2550,Yoshita Bedi,andrewmangal@example.org,01071912943,East Delhi,Preet Vihar,2024-12-21
2551,Tanmayi Bhalla,pahalpatla@example.com,1496355019,North Delhi,Ashok Vihar,2024-01-24
2552,Kala Kadakia,buchazaan@example.org,5845673137,West Delhi,Paschim Vihar,2024-06-30
2553,Chakradhar Bhatti,kmaharaj@example.org,+917560730217,North Delhi,Civil Lines,2023-06-10
2554,Sudiksha Kala,vasanabasu@example.org,+911492621892,West Delhi,Tilak Nagar,2024-07-28
2555,Advika Aurora,sagarfaras@example.org,6549660251,East Delhi,Mayur Vihar,2024-05-21
2556,Zaid Om,malhotraurishilla@example.org,+918004501531,East Delhi,Vivek Vihar,2024-11-13
2557,Falak Ray,doravasatika@example.com,3477966054,West Delhi,Tilak Nagar,2023-10-15
2558,Krisha Doctor,urmi50@example.com,+912464069486,North Delhi,Model Town,2024-04-19
2559,Vyanjana Nazareth,hitesh82@example.com,01148816058,West Delhi,Paschim Vihar,2023-10-21
2560,Faqid Tata,irya70@example.net,+916786504441,West Delhi,Dwarka,2024-06-28
2561,Arya Devan,maanav67@example.net,+918805015137,South Delhi,Hauz Khas,2024-10-15
2562,Peter Roy,sachi04@example.org,01698142076,North Delhi,Model Town,2024-10-26
2563,Reva Anne,sanghvifaras@example.com,+916597239766,East Delhi,Laxmi Nagar,2024-09-29
2564,Champak Munshi,jairaj71@example.com,+910760175180,South Delhi,Greater Kailash,2024-10-30
2565,Saumya Solanki,praneel84@example.com,07618677066,East Delhi,Laxmi Nagar,2024-10-14
2566,Karan Chanda,peterkaul@example.com,1430921527,East Delhi,Mayur Vihar,2024-11-09
2567,Januja Sundaram,rohansami@example.com,00891205994,East Delhi,Vivek Vihar,2024-11-06
2568,Udyati Raman,chanapatrick@example.net,+915620836108,South Delhi,Hauz Khas,2024-12-12
2569,Manthan Parmar,ybarad@example.org,02063703559,East Delhi,Preet Vihar,2023-10-31
2570,Hitesh Nadkarni,ramanraksha@example.com,+916629658636,East Delhi,Vivek Vihar,2023-04-20
2571,Kevin Parsa,keyavarghese@example.com,+912092254508,South Delhi,Malviya Nagar,2023-07-26
2572,Lila Loyal,sarnaubika@example.org,8718341000,West Delhi,Tilak Nagar,2024-10-28
2573,Lopa Naidu,yutika43@example.net,3004603560,West Delhi,Dwarka,2024-10-27
2574,Balvan Rajagopalan,yash75@example.net,+914479058304,South Delhi,Vasant Kunj,2024-12-04
2575,Alexander Date,kwagle@example.org,+917645130050,North Delhi,Model Town,2024-08-24
2576,Falak Swaminathan,chanchal73@example.net,0842740628,North Delhi,Civil Lines,2024-12-06
2577,Yachana Nanda,saxenanihal@example.com,03205285155,East Delhi,Laxmi Nagar,2024-11-22
2578,Jackson Gulati,naksh47@example.org,+917887505139,North Delhi,Ashok Vihar,2024-11-29
2579,Amara Chahal,parmergeorge@example.com,+912007404515,West Delhi,Paschim Vihar,2024-02-25
2580,Simon Kalita,urvashiray@example.net,2689947387,South Delhi,Hauz Khas,2024-10-11
2581,Brijesh Dora,pranav39@example.org,00563607124,South Delhi,Malviya Nagar,2024-11-17
2582,Samar Sood,chamelichadha@example.org,5819366943,West Delhi,Tilak Nagar,2024-12-24
2583,Chameli Johal,rpalla@example.net,+911459456815,North Delhi,Rohini,2023-11-29
2584,Ekaja Chopra,lakshmi31@example.net,09897633023,East Delhi,Mayur Vihar,2024-02-14
2585,Avni Dugal,wrideshkapadia@example.net,8319602509,South Delhi,Hauz Khas,2024-11-29
2586,Warhi Babu,abdul04@example.org,6668470726,West Delhi,Dwarka,2024-06-06
2587,Naveen Shetty,vansha89@example.com,03680537380,South Delhi,Saket,2024-11-11
2588,Saksham Gupta,sharmaayushman@example.org,9824770751,West Delhi,Janakpuri,2024-12-11
2589,Lakshit Chawla,tripathiodika@example.org,07828168960,East Delhi,Mayur Vihar,2023-10-25
2590,Kritika Rastogi,duttavidhi@example.net,+914252846580,West Delhi,Paschim Vihar,2024-07-05
2591,Falan Sengupta,nakshmangal@example.org,9979703108,East Delhi,Preet Vihar,2024-09-19
2592,Simon Lalla,palaarna@example.com,7890483346,East Delhi,Laxmi Nagar,2024-04-17
2593,Krishna Shankar,lilabhasin@example.org,+913180666405,South Delhi,Saket,2023-08-12
2594,Chavvi Kapadia,waliwishi@example.net,0378253712,North Delhi,Pitampura,2024-11-12
2595,Watika Bajaj,faris55@example.com,1373142175,North Delhi,Rohini,2024-09-07
2596,Laksh Madan,umajumdar@example.com,+913178273059,South Delhi,Hauz Khas,2024-11-04
2597,Nilima Saran,azadwable@example.com,+917846401577,North Delhi,Pitampura,2024-11-30
2598,Niharika Raju,jacksonsunder@example.net,5652554245,North Delhi,Model Town,2024-12-26
2599,Neelima Sha,pranavbhakta@example.com,+912679406015,North Delhi,Ashok Vihar,2024-07-07
2600,Hemang Kari,rakshakaul@example.net,08833923898,North Delhi,Rohini,2024-02-24
2601,Lakshit Dubey,zayyan68@example.net,02966103565,West Delhi,Dwarka,2024-06-24
2602,Amruta Ben,sai71@example.net,09262735060,East Delhi,Preet Vihar,2024-07-21
2603,Faras Dixit,ssachar@example.com,0961490910,West Delhi,Tilak Nagar,2024-07-29
2604,Hitesh Sani,qparekh@example.net,04543001784,South Delhi,Vasant Kunj,2024-02-27
2605,Kalpit Swaminathan,naksh05@example.org,2589873073,North Delhi,Rohini,2024-11-19
2606,Ikbal Sabharwal,xprakash@example.com,1070861171,West Delhi,Rajouri Garden,2023-05-06
2607,Zayyan Acharya,ishitabandi@example.org,04227643494,North Delhi,Ashok Vihar,2024-04-11
2608,Hamsini Dey,dparekh@example.com,+914774116028,North Delhi,Pitampura,2023-02-18
2609,Indira Handa,woza@example.net,8759204155,North Delhi,Model Town,2024-11-29
2610,Nitesh Kari,chaudharymohini@example.com,3032977444,South Delhi,Greater Kailash,2024-12-13
2611,Vedant Dhillon,hemani78@example.com,04047724649,West Delhi,Tilak Nagar,2024-03-02
2612,Mason Uppal,chakrikachauhan@example.net,+916710099784,North Delhi,Pitampura,2024-12-15
2613,Oscar Trivedi,yugbhatti@example.com,4212826585,South Delhi,Saket,2023-01-14
2614,Chandresh Gole,zaitra91@example.org,05799915843,South Delhi,Vasant Kunj,2024-09-26
2615,Indali Radhakrishnan,jackson23@example.com,+914407080631,North Delhi,Ashok Vihar,2024-12-05
2616,Falguni Master,ekantikasengupta@example.net,4590731282,East Delhi,Laxmi Nagar,2024-12-28
2617,Harrison Bora,mayamorar@example.net,+911815447889,South Delhi,Hauz Khas,2024-06-21
2618,Ucchal Shah,suradalbir@example.com,+917095062632,East Delhi,Vivek Vihar,2024-03-29
2619,Nidhi Gola,samaksh26@example.com,02079804707,West Delhi,Janakpuri,2024-10-27
2620,Ridhi Varughese,qtalwar@example.com,+913999636918,North Delhi,Model Town,2024-12-20
2621,Janaki Malhotra,hritik98@example.net,+918579282629,South Delhi,Greater Kailash,2024-10-12
2622,Harrison Saini,henry59@example.net,5274787155,South Delhi,Malviya Nagar,2024-08-29
2623,Reyansh Jayaraman,sehgalvedant@example.org,3475619617,East Delhi,Preet Vihar,2024-07-27
2624,Jalsa Bedi,isaiahbahri@example.org,+912786499587,East Delhi,Laxmi Nagar,2024-12-25
2625,Abdul Panchal,dasseshana@example.org,0631905376,North Delhi,Pitampura,2024-10-16
2626,Onkar Sibal,widishamangat@example.net,02268975311,West Delhi,Janakpuri,2023-11-29
2627,Nihal Lad,vyanjanadesai@example.net,+917579314449,West Delhi,Rajouri Garden,2024-05-20
2628,Ishwar Prashad,diya96@example.org,4384092771,East Delhi,Mayur Vihar,2023-10-25
2629,Shravya Karnik,vwable@example.org,7051825110,South Delhi,Malviya Nagar,2024-07-07
2630,Gaurav Wali,isethi@example.org,05914456619,West Delhi,Paschim Vihar,2023-12-25
2631,Neha Sharaf,fandra@example.net,00434010265,East Delhi,Preet Vihar,2024-11-19
2632,Sudiksha Radhakrishnan,triya56@example.net,05732977410,East Delhi,Laxmi Nagar,2024-10-23
2633,Aarnav Sant,ansh23@example.org,+919462147061,West Delhi,Janakpuri,2024-11-30
2634,Gaurika Kannan,ykannan@example.org,03428907816,North Delhi,Civil Lines,2024-01-23
2635,Samaksh Bhatia,wchoudhury@example.org,01066169036,North Delhi,Civil Lines,2024-09-29
2636,Dalbir Narula,luthrajagat@example.org,09779631994,East Delhi,Vivek Vihar,2024-12-04
2637,Saanvi Bali,jbava@example.com,09612298308,East Delhi,Mayur Vihar,2024-12-28
2638,Zansi Mukhopadhyay,ksethi@example.net,8243759686,South Delhi,Greater Kailash,2024-09-13
2639,Peter Sekhon,yadavi23@example.org,+919715475950,West Delhi,Janakpuri,2024-12-30
2640,Robert Kalita,jsethi@example.net,1156781408,East Delhi,Vivek Vihar,2024-05-18
2641,Qabil Memon,mmorar@example.net,+913716509423,East Delhi,Laxmi Nagar,2024-05-08
2642,Kashvi Rege,upasnayohannan@example.org,+911915181369,East Delhi,Vivek Vihar,2024-03-05
2643,Atharv Majumdar,tbava@example.com,4494058151,South Delhi,Vasant Kunj,2024-10-14
2644,Aadhya Dugal,tchander@example.net,+919268900986,South Delhi,Vasant Kunj,2024-12-19
2645,Pahal Virk,mannedarika@example.org,06611772942,North Delhi,Model Town,2024-07-21
2646,Nimrat Singh,balanhema@example.net,5824049779,East Delhi,Laxmi Nagar,2024-12-26
2647,Veda Goda,abeer03@example.org,+911518617598,East Delhi,Mayur Vihar,2024-12-22
2648,Pranav Doshi,daksha76@example.com,1949583251,South Delhi,Saket,2024-12-21
2649,Fitan Anne,netrakata@example.org,09227770859,South Delhi,Malviya Nagar,2023-01-01
2650,Noah Sami,wahabpatel@example.net,04344821380,South Delhi,Hauz Khas,2024-12-06
2651,Jai Munshi,vansha69@example.com,+915139855323,South Delhi,Hauz Khas,2024-01-01
2652,Janaki Atwal,wardakibe@example.org,05252324342,South Delhi,Saket,2024-05-17
2653,Samarth Palla,usankaran@example.com,+918073350064,East Delhi,Laxmi Nagar,2024-08-31
2654,Eshana Virk,modyzarna@example.org,4078286255,South Delhi,Hauz Khas,2024-09-10
2655,Pranit Gulati,xbajaj@example.com,+915873608055,North Delhi,Model Town,2023-10-15
2656,Laban Sahota,samakshbutala@example.com,05011532703,South Delhi,Saket,2024-08-16
2657,Girish Mangal,vsood@example.com,8863713799,East Delhi,Preet Vihar,2024-08-13
2658,Abhiram Vohra,natarajanyuvraj@example.net,+918981223965,East Delhi,Vivek Vihar,2024-10-08
2659,Januja Hayer,rramachandran@example.com,01256222083,South Delhi,Hauz Khas,2024-07-09
2660,Nikita Kunda,karan99@example.net,6138071860,North Delhi,Model Town,2024-04-05
2661,Samaksh Lall,falan06@example.net,3829216298,East Delhi,Laxmi Nagar,2024-11-29
2662,Alexander Mohan,vedhikatripathi@example.com,7103630569,South Delhi,Hauz Khas,2023-09-18
2663,Ojasvi Goda,bakhshi96@example.net,01235288899,East Delhi,Preet Vihar,2024-09-25
2664,Yoshita Venkataraman,hbalasubramanian@example.org,+910714923603,South Delhi,Greater Kailash,2024-12-16
2665,Yasti Balan,yashasvi44@example.com,+917213267763,West Delhi,Dwarka,2024-06-17
2666,Elijah Borra,modiviraj@example.net,03097975684,West Delhi,Rajouri Garden,2024-05-20
2667,Jacob Dara,bhattiurmi@example.com,02913112659,South Delhi,Hauz Khas,2024-11-27
2668,Dayamai Ram,kalladakshesh@example.org,3121781704,North Delhi,Civil Lines,2024-11-11
2669,Yash Dey,hmurty@example.net,1185920630,South Delhi,Vasant Kunj,2024-04-06
2670,Jackson Raj,kalpit72@example.com,+918910953100,East Delhi,Vivek Vihar,2024-07-13
2671,Tripti Golla,devansh36@example.net,+912380137020,South Delhi,Vasant Kunj,2024-12-17
2672,Devika Ahluwalia,malhotralipika@example.net,01360772720,South Delhi,Malviya Nagar,2024-11-10
2673,Janya Bava,sarafsamarth@example.net,5333501626,West Delhi,Dwarka,2024-08-16
2674,Eshana Bir,munianita@example.com,+917305151332,East Delhi,Mayur Vihar,2024-03-16
2675,Meghana Savant,christopherdoctor@example.com,+917413596653,North Delhi,Civil Lines,2024-07-03
2676,Chandresh Kapadia,qkar@example.net,07433919580,East Delhi,Vivek Vihar,2024-11-20
2677,Ayaan Misra,ramanathanlucky@example.net,07501468314,North Delhi,Civil Lines,2024-10-10
2678,Janani Ahluwalia,karaadhya@example.net,05846420181,North Delhi,Civil Lines,2024-10-18
2679,Logan Kala,aarnavchandran@example.com,01988906091,East Delhi,Preet Vihar,2024-06-09
2680,Ikshita Bali,hoza@example.net,2677504616,East Delhi,Vivek Vihar,2024-12-03
2681,Maanav Varma,rohan96@example.com,08872020487,East Delhi,Preet Vihar,2024-03-26
2682,Ayushman Karan,onori@example.com,06414427197,North Delhi,Rohini,2024-12-08
2683,Geetika Kamdar,minhasjanuja@example.net,05080029069,South Delhi,Saket,2023-11-15
2684,Dalaja Singhal,divyasamra@example.com,+917294361090,South Delhi,Malviya Nagar,2024-03-07
2685,Advika Naik,vigjackson@example.com,6470236074,North Delhi,Civil Lines,2023-07-21
2686,Vyanjana Bhargava,karya@example.org,02553134176,South Delhi,Vasant Kunj,2024-09-03
2687,Rachit Bala,chandani17@example.com,00163790584,North Delhi,Rohini,2023-10-29
2688,Ishaan Sehgal,samarthkakar@example.net,6910829656,West Delhi,Janakpuri,2023-08-23
2689,Laban Bhat,ymane@example.com,6764785625,West Delhi,Paschim Vihar,2024-11-17
2690,Advika Pandit,brahmbhattdamini@example.org,9925709928,South Delhi,Malviya Nagar,2024-10-31
2691,Jagdish Anand,hemangininatt@example.org,03825520328,East Delhi,Laxmi Nagar,2024-12-22
2692,Geetika Dalal,wadhwabalendra@example.com,+918390530673,North Delhi,Model Town,2024-08-15
2693,Umang Bera,bimalabahl@example.org,6776921910,North Delhi,Pitampura,2023-01-01
2694,Agastya Suri,shankerbakhshi@example.net,07445406914,West Delhi,Dwarka,2024-12-04
2695,Yashvi Sha,nsinha@example.net,4315567695,South Delhi,Hauz Khas,2024-12-29
2696,Nihal Purohit,nilimakaran@example.org,7324370391,South Delhi,Malviya Nagar,2024-02-24
2697,Eta Rege,rnagi@example.org,01343076832,North Delhi,Ashok Vihar,2024-08-13
2698,Leena Chada,wbandi@example.net,1917024236,North Delhi,Ashok Vihar,2024-08-29
2699,Riya Krishna,turvikrish@example.net,+911318434135,South Delhi,Vasant Kunj,2024-06-07
2700,Jagdish Sarkar,odikadash@example.org,+914762073478,South Delhi,Hauz Khas,2024-04-15
2701,Veer Padmanabhan,jai45@example.com,04731168859,South Delhi,Hauz Khas,2024-12-02
2702,Nidhi Rau,urvashibahl@example.org,8943830148,North Delhi,Rohini,2024-11-27
2703,Urvi Tripathi,ravelkashvi@example.com,+918804189024,North Delhi,Civil Lines,2024-07-14
2704,Neelima Goyal,rachanabhatti@example.com,+914608736314,North Delhi,Rohini,2023-05-21
2705,Girik Varty,guptasiya@example.org,+919380450308,West Delhi,Tilak Nagar,2024-07-26
2706,Aradhana Choudhury,rattibhavini@example.com,04927386813,East Delhi,Laxmi Nagar,2024-12-26
2707,Vaishnavi Deep,vinayachauhan@example.net,+915539258830,South Delhi,Greater Kailash,2024-07-09
2708,Gaurang Iyengar,esur@example.com,+913384178760,West Delhi,Tilak Nagar,2024-09-13
2709,Yasti Tailor,akshay72@example.com,4881050391,South Delhi,Hauz Khas,2024-12-06
2710,Vasana Yadav,ghoseyashvi@example.net,+917939859308,South Delhi,Vasant Kunj,2024-08-11
2711,Qarin Sem,mahalpavani@example.net,03953698232,South Delhi,Vasant Kunj,2024-09-25
2712,Reva Ganesh,yasti61@example.net,+915623067801,North Delhi,Model Town,2024-01-17
2713,Lekha Swamy,chadaradhana@example.net,+912804471208,South Delhi,Vasant Kunj,2024-12-07
2714,Oni Dave,sanya48@example.com,02378861732,South Delhi,Saket,2024-07-09
2715,Tripti Reddy,sagarraghav@example.net,5136899065,East Delhi,Vivek Vihar,2024-03-27
2716,Bishakha Borde,pkrishnamurthy@example.org,06337561845,West Delhi,Rajouri Garden,2024-07-01
2717,Hema Subramaniam,tsubramaniam@example.com,5929458361,South Delhi,Hauz Khas,2024-04-16
2718,Ria Manne,ojas39@example.com,+914244502567,South Delhi,Hauz Khas,2024-10-05
2719,Nachiket Dara,lvarughese@example.net,09881610376,West Delhi,Janakpuri,2024-12-23
2720,Neel Manne,kapooryashoda@example.net,+914374126980,East Delhi,Vivek Vihar,2024-09-14
2721,Eiravati Nagar,auroraodika@example.org,9707839313,South Delhi,Saket,2024-09-14
2722,Daksha Bali,urishillaperi@example.net,02501657555,North Delhi,Rohini,2024-12-17
2723,Charvi Verma,okala@example.org,1070560557,North Delhi,Rohini,2024-09-07
2724,Bhanumati D’Alia,ravelabeer@example.org,6616153176,East Delhi,Laxmi Nagar,2024-10-13
2725,Ansh Gala,bishakha56@example.net,09181433697,North Delhi,Ashok Vihar,2024-07-26
2726,Tara Natarajan,adya60@example.com,3426053388,North Delhi,Pitampura,2024-03-12
2727,Dayita Saran,upurohit@example.org,1875880414,South Delhi,Hauz Khas,2024-02-14
2728,Reyansh Saini,daminivyas@example.com,05126193790,South Delhi,Hauz Khas,2024-10-20
2729,Nakul Joshi,mannechaitaly@example.org,+912134557999,North Delhi,Rohini,2023-10-09
2730,Banjeet Soman,hemarattan@example.com,7230636578,South Delhi,Greater Kailash,2024-07-17
2731,Riya Borah,ikbal04@example.org,+916777679593,South Delhi,Vasant Kunj,2024-08-07
2732,Kevin Madan,nsrinivas@example.com,+919675579120,South Delhi,Saket,2024-04-08
2733,Gaurika Lalla,gadearunima@example.com,+918826976941,East Delhi,Mayur Vihar,2024-04-04
2734,Lipika Ram,xmadan@example.net,6899690878,North Delhi,Pitampura,2024-09-16
2735,Vincent Brar,jason83@example.com,0949044474,North Delhi,Civil Lines,2024-08-12
2736,Tara Bera,xdevi@example.com,05278610954,West Delhi,Paschim Vihar,2024-10-29
2737,Nihal Soman,christopher75@example.org,3914603782,North Delhi,Model Town,2024-10-21
2738,Vedant Murthy,mvirk@example.net,1085877707,West Delhi,Rajouri Garden,2024-11-25
2739,Ayushman Cherian,tanveerghose@example.com,07974631771,South Delhi,Greater Kailash,2024-04-19
2740,Pratyush Ray,vsarraf@example.net,01633863813,South Delhi,Hauz Khas,2024-05-23
2741,Rudra Dhar,tdayal@example.net,8640946654,North Delhi,Civil Lines,2024-09-02
2742,Sneha Balasubramanian,umang64@example.com,+914954121762,East Delhi,Laxmi Nagar,2024-05-15
2743,Azad Bose,zaidkumar@example.net,+918009205365,North Delhi,Pitampura,2024-05-02
2744,Bhavya Pant,bvohra@example.net,09001923315,East Delhi,Laxmi Nagar,2024-01-22
2745,Charita Atwal,jason57@example.com,4276861277,South Delhi,Saket,2023-12-24
2746,Wyatt Kara,falgunisarin@example.net,02018445766,South Delhi,Saket,2024-09-22
2747,Oeshi Gill,chatresh64@example.org,+913184173265,East Delhi,Mayur Vihar,2024-11-02
2748,Simon Kumer,spingle@example.com,06120384672,West Delhi,Rajouri Garden,2024-08-22
2749,Abha Mittal,borrayochana@example.net,+918914353542,West Delhi,Janakpuri,2024-11-22
2750,Qushi Dass,fagate@example.net,1384751340,North Delhi,Civil Lines,2024-10-08
2751,Anjali Chakrabarti,andrew58@example.org,4055465120,West Delhi,Paschim Vihar,2024-08-12
2752,Arin Sankar,charikshita@example.net,03725303158,South Delhi,Malviya Nagar,2024-05-27
2753,Kritika More,zashilmadan@example.org,0540092319,West Delhi,Dwarka,2023-01-01
2754,Champak Sodhi,akibe@example.com,3900343292,West Delhi,Janakpuri,2024-08-18
2755,Lucky Bakshi,janya55@example.net,02849756578,South Delhi,Malviya Nagar,2024-12-11
2756,Veer Kibe,sarthak10@example.net,5188857878,East Delhi,Mayur Vihar,2024-02-09
2757,Alexander Oak,ugole@example.net,+919783018986,North Delhi,Ashok Vihar,2024-05-11
2758,Brinda Raval,seshadribrinda@example.com,02567032718,East Delhi,Vivek Vihar,2024-07-25
2759,Ishanvi Venkatesh,dnarasimhan@example.net,0207520469,East Delhi,Laxmi Nagar,2024-11-21
2760,Turvi Mani,anshrastogi@example.com,4773920244,North Delhi,Model Town,2024-11-22
2761,Agastya Sridhar,harrisonsule@example.org,9011203672,West Delhi,Janakpuri,2024-07-10
2762,Megha Krishnan,rachitabutala@example.net,06647107935,West Delhi,Paschim Vihar,2024-05-29
2763,Saanvi Om,iperi@example.net,0831300161,South Delhi,Greater Kailash,2024-03-15
2764,Pranav Chana,nathan90@example.org,04166430860,East Delhi,Vivek Vihar,2024-10-12
2765,Manbir Keer,raovritti@example.org,+912464471060,East Delhi,Vivek Vihar,2023-12-22
2766,Darsh Sani,fkhalsa@example.com,8921418100,North Delhi,Model Town,2024-11-28
2767,Naveen Bal,urishilla98@example.net,+911170564765,South Delhi,Saket,2024-07-08
2768,Suhani Patla,obail@example.net,+916759479109,East Delhi,Mayur Vihar,2024-07-28
2769,Vasudha Wadhwa,neelima52@example.org,+918045334304,West Delhi,Dwarka,2024-12-22
2770,Atharv Sheth,agatearjun@example.org,07554753964,South Delhi,Vasant Kunj,2024-06-09
2771,Panini Kade,haritabuch@example.org,02303582172,North Delhi,Pitampura,2024-04-29
2772,Umang Kothari,beraaarna@example.net,0886112580,East Delhi,Mayur Vihar,2024-06-17
2773,Daksha Kata,raoeiravati@example.net,07211271681,North Delhi,Ashok Vihar,2023-09-27
2774,Girish Setty,osanghvi@example.com,+911526737110,West Delhi,Janakpuri,2024-05-10
2775,Abeer Rana,pvora@example.com,06414735946,North Delhi,Ashok Vihar,2024-12-20
2776,Rehaan Shukla,quincy52@example.com,07689977395,West Delhi,Rajouri Garden,2024-11-20
2777,Lipika Raju,kapurnaveen@example.net,3701409507,East Delhi,Laxmi Nagar,2024-06-26
2778,Indali Chatterjee,jkapadia@example.org,+914772596115,South Delhi,Hauz Khas,2024-09-12
2779,Victor Karpe,gavin62@example.net,0628815660,North Delhi,Rohini,2024-02-10
2780,Avi Warrior,panchalfiyaz@example.net,3434936356,South Delhi,Greater Kailash,2023-12-12
2781,Wishi Savant,bhavanisur@example.org,04167621874,West Delhi,Tilak Nagar,2024-10-20
2782,Ansh Ray,xalak42@example.net,3268348709,East Delhi,Mayur Vihar,2024-08-26
2783,Gautami Chawla,jganguly@example.net,0845482627,West Delhi,Paschim Vihar,2024-10-04
2784,Samesh Kapoor,grovergeetika@example.net,+912876634041,South Delhi,Hauz Khas,2024-12-29
2785,Zayyan Lal,vsandal@example.net,+912469685169,South Delhi,Greater Kailash,2024-12-15
2786,Ekalinga Sood,ekbal71@example.org,02845470500,East Delhi,Preet Vihar,2024-12-14
2787,Ria Lad,caleb76@example.com,08784138312,West Delhi,Janakpuri,2023-01-01
2788,Rajata Batra,xwason@example.org,+915948224524,East Delhi,Mayur Vihar,2024-07-01
2789,Lila Aurora,janyakothari@example.com,+917654614119,West Delhi,Rajouri Garden,2023-10-02
2790,Bachittar Chaudhry,turvi39@example.net,1298358448,West Delhi,Rajouri Garden,2023-06-22
2791,Hardik Desai,esoman@example.org,07156853909,West Delhi,Paschim Vihar,2024-12-31
2792,Shravya Manda,vinaya94@example.org,0308922906,North Delhi,Model Town,2024-08-21
2793,Gunbir Ramachandran,chakrika02@example.net,3764526587,South Delhi,Greater Kailash,2024-04-13
2794,Akshay Ganguly,lekhanagarajan@example.com,+916008059801,South Delhi,Vasant Kunj,2024-09-04
2795,Abhimanyu Kota,acharyagaurangi@example.org,08286872203,South Delhi,Saket,2024-03-26
2796,Suhani Bobal,bhatnagarpanini@example.net,2239766215,West Delhi,Janakpuri,2023-12-02
2797,Ekapad Pall,bhargavasanaya@example.org,2729294286,North Delhi,Ashok Vihar,2024-10-15
2798,Gaurangi Yogi,daminiganesh@example.net,03898749559,North Delhi,Rohini,2024-03-14
2799,Chatresh Dhaliwal,wriddhishparsa@example.com,8572834638,South Delhi,Saket,2024-12-02
2800,Radhika Bumb,pallaekani@example.net,05302961499,South Delhi,Vasant Kunj,2024-03-08
2801,Chameli Bhattacharyya,ksidhu@example.com,2027989145,East Delhi,Vivek Vihar,2024-12-23
2802,Faris Bobal,solankineel@example.net,05848749400,North Delhi,Model Town,2023-06-19
2803,Osha Gour,vpal@example.net,+917200805701,South Delhi,Saket,2024-10-14
2804,Bhavika Kade,sanya52@example.net,2555680846,North Delhi,Ashok Vihar,2024-12-31
2805,Aarav Chawla,indrajit23@example.com,+914249470025,West Delhi,Janakpuri,2023-03-28
2806,Balveer Ramaswamy,tdewan@example.net,06095772487,East Delhi,Vivek Vihar,2024-10-14
2807,Bhavya Shanker,dkibe@example.net,3572890910,West Delhi,Dwarka,2024-10-03
2808,Omisha Krish,triveni41@example.net,+914202230597,East Delhi,Laxmi Nagar,2024-11-18
2809,Tanmayi Krish,rachitagrover@example.net,06575552586,South Delhi,Saket,2024-05-10
2810,Leena Zachariah,aryan66@example.com,7826487130,North Delhi,Civil Lines,2024-07-17
2811,Chatura Gill,indira46@example.net,05334798529,West Delhi,Tilak Nagar,2024-03-19
2812,Yashoda Mangat,tamanna04@example.org,4505633706,West Delhi,Paschim Vihar,2024-08-07
2813,Hitesh Bhatti,rameshjai@example.org,7595594229,East Delhi,Mayur Vihar,2024-11-01
2814,Rayaan Koshy,bhavyabose@example.net,9771180167,East Delhi,Vivek Vihar,2024-12-09
2815,Chaitaly Hari,qbehl@example.net,0985927143,West Delhi,Dwarka,2024-12-25
2816,Anika Singhal,samesh47@example.com,8893861618,West Delhi,Tilak Nagar,2024-06-13
2817,Tripti Rajagopal,diya80@example.net,03196521790,South Delhi,Hauz Khas,2023-12-12
2818,Ekani Hari,desaioni@example.org,05740284595,East Delhi,Preet Vihar,2024-08-22
2819,Pallavi Nagi,girindra26@example.net,+913078373183,North Delhi,Rohini,2024-09-11
2820,Damyanti Chopra,warinderlal@example.com,2325802455,West Delhi,Janakpuri,2024-12-22
2821,Faras Chaudry,zgola@example.net,04351492863,South Delhi,Greater Kailash,2024-10-17
2822,Warhi Bhakta,sameshchaudhry@example.com,00281060763,West Delhi,Tilak Nagar,2023-08-10
2823,Anusha Johal,atisagar@example.org,+916335641629,South Delhi,Hauz Khas,2024-06-18
2824,Baljiwan Garg,matthew15@example.net,1435172368,North Delhi,Rohini,2024-02-11
2825,Caleb Lall,januja26@example.org,2354722405,West Delhi,Tilak Nagar,2024-07-09
2826,Warjas Bath,hbose@example.org,0045892752,North Delhi,Ashok Vihar,2024-08-13
2827,Amrita Behl,wbanik@example.com,08335556385,North Delhi,Civil Lines,2024-08-26
2828,Mitesh Lad,revamishra@example.net,09800557338,North Delhi,Civil Lines,2024-10-05
2829,Triveni Dass,arama@example.net,4044750175,South Delhi,Malviya Nagar,2024-12-12
2830,Gauri Sachar,ypalan@example.com,9906586972,West Delhi,Rajouri Garden,2024-12-15
2831,Saksham Gara,qabil04@example.org,+910631910697,North Delhi,Civil Lines,2023-05-11
2832,Yatin Raj,harinibrar@example.net,+914202861223,East Delhi,Laxmi Nagar,2023-01-01
2833,Nisha Dara,aarnav24@example.com,02249224302,South Delhi,Hauz Khas,2024-10-30
2834,Karan Bhalla,balagopal@example.org,+917892824350,South Delhi,Saket,2024-10-25
2835,Gopal Kaul,victor29@example.com,01762948467,East Delhi,Vivek Vihar,2024-09-17
2836,Bhavika Bhalla,lshanker@example.com,+916140830709,East Delhi,Mayur Vihar,2024-04-05
2837,Manya Korpal,krishabhakta@example.org,03156726173,South Delhi,Malviya Nagar,2024-10-08
2838,Rachit Dhingra,ekani98@example.net,07738243821,West Delhi,Janakpuri,2024-08-19
2839,Rachana Ganesan,noahgrewal@example.org,3381385223,West Delhi,Rajouri Garden,2023-12-02
2840,Ayaan Rajan,vedhikabala@example.net,4014412452,South Delhi,Vasant Kunj,2024-05-11
2841,Mohammed Krishnamurthy,lipika70@example.net,9393504629,North Delhi,Rohini,2024-10-17
2842,Ronith Sharaf,isaiah53@example.com,3387895919,North Delhi,Pitampura,2024-08-05
2843,Harini Kibe,loyalharini@example.net,05950825723,South Delhi,Malviya Nagar,2024-12-16
2844,Rayaan Atwal,subramaniamaayush@example.net,01869484674,South Delhi,Greater Kailash,2024-08-25
2845,Inaya Ganguly,luthrazaid@example.net,06508692270,North Delhi,Ashok Vihar,2024-10-12
2846,Gaurangi De,aishani11@example.net,0556241266,South Delhi,Saket,2024-06-16
2847,Osha Tripathi,lankachandran@example.net,09647033642,North Delhi,Civil Lines,2024-06-08
2848,Ekta Issac,arjunsani@example.com,03261434037,South Delhi,Hauz Khas,2024-11-13
2849,Hemani Dixit,ranveer10@example.net,+915683095312,North Delhi,Civil Lines,2024-10-05
2850,Januja Gade,lmajumdar@example.com,07870676442,West Delhi,Tilak Nagar,2024-11-11
2851,Viraj Bansal,dbalan@example.net,+910101244805,East Delhi,Vivek Vihar,2024-11-28
2852,Chameli Dave,chowdhuryyashodhara@example.com,09004491007,West Delhi,Paschim Vihar,2023-11-12
2853,Rehaan Bora,oscar04@example.net,3064041210,West Delhi,Dwarka,2024-06-28
2854,Banjeet Maharaj,falanbalakrishnan@example.com,00315887850,East Delhi,Preet Vihar,2024-02-22
2855,Ojasvi Aurora,zsaxena@example.com,1414835156,West Delhi,Paschim Vihar,2024-12-18
2856,Indali Dara,karan77@example.org,2153861151,South Delhi,Malviya Nagar,2023-01-27
2857,Fariq Saraf,urishillachar@example.com,+915934106165,North Delhi,Model Town,2024-05-23
2858,Aachal Tara,eeshapall@example.org,+910737122072,East Delhi,Mayur Vihar,2024-08-22
2859,Azad Mohan,peter40@example.net,6096925336,West Delhi,Dwarka,2024-08-02
2860,Hardik Aurora,falanchaudhari@example.net,00099812971,South Delhi,Saket,2024-08-14
2861,Qasim Varty,umohan@example.org,09492543450,North Delhi,Model Town,2023-07-28
2862,Nidhi Sandhu,oscar73@example.net,6966481105,East Delhi,Mayur Vihar,2024-12-19
2863,Onveer Deshmukh,rdivan@example.org,+916777983677,West Delhi,Paschim Vihar,2024-11-12
2864,Advay Tak,uppalkrish@example.com,+918935133157,North Delhi,Pitampura,2024-11-08
2865,Christopher Gole,rachanarajan@example.org,6201729512,West Delhi,Dwarka,2024-07-04
2866,Nandini Bhardwaj,xsampath@example.org,+910840390927,West Delhi,Rajouri Garden,2024-02-16
2867,Veda Kalita,xbail@example.net,03339950666,West Delhi,Tilak Nagar,2024-10-18
2868,Priya Anand,irya08@example.net,+910509083069,West Delhi,Dwarka,2024-08-19
2869,Jalsa Bava,panchalkamala@example.com,04199412436,East Delhi,Laxmi Nagar,2024-07-28
2870,Manya Bava,agastya29@example.net,9076191814,North Delhi,Model Town,2023-11-30
2871,Nitara Tak,akshay32@example.org,07491176755,North Delhi,Pitampura,2024-08-18
2872,Banjeet Mallick,wakeetanori@example.net,+911575229508,North Delhi,Civil Lines,2024-11-11
2873,Meera Banik,danielkala@example.com,04867567535,East Delhi,Mayur Vihar,2024-07-06
2874,Diya Kothari,wakeeta43@example.net,+917081207800,East Delhi,Preet Vihar,2024-05-01
2875,Waida Zacharia,agatejack@example.org,+912082341609,North Delhi,Model Town,2024-09-22
2876,Ucchal Palan,ivenkatesh@example.com,+916619076444,West Delhi,Rajouri Garden,2024-05-12
2877,Avni Kapoor,mohini16@example.net,+912277261054,North Delhi,Rohini,2023-01-01
2878,Omkaar Raj,golechasmum@example.com,05921895688,West Delhi,Dwarka,2024-10-21
2879,Zashil Kalla,shivanimaharaj@example.com,+919180238487,East Delhi,Vivek Vihar,2024-01-16
2880,Frado Modi,aadhya33@example.net,7360908575,North Delhi,Civil Lines,2024-03-20
2881,Upadhriti Mohan,wramanathan@example.org,+918342900249,South Delhi,Vasant Kunj,2023-05-31
2882,Vidhi Yogi,naksh34@example.com,1512167608,West Delhi,Dwarka,2024-08-20
2883,Chaitanya Chakrabarti,radhakrishnanprisha@example.com,9782425658,West Delhi,Tilak Nagar,2024-10-28
2884,Tejas Narayan,benjamin44@example.net,00398638346,West Delhi,Janakpuri,2024-11-19
2885,Arin Virk,kurianchaitaly@example.net,6029653283,West Delhi,Paschim Vihar,2024-11-24
2886,Hemangini Jaggi,srinivasanay@example.com,1904878601,East Delhi,Laxmi Nagar,2024-10-25
2887,David Varma,williammalhotra@example.com,+912982945418,West Delhi,Paschim Vihar,2024-04-07
2888,Ryan Taneja,modivyanjana@example.net,02507438203,East Delhi,Preet Vihar,2024-03-19
2889,Daniel Bhakta,btrivedi@example.com,05500535760,South Delhi,Saket,2023-12-04
2890,Manya Sethi,teerthramachandran@example.org,02474151632,West Delhi,Dwarka,2024-10-19
2891,Rajeshri Sagar,maharajyashoda@example.net,+914364851782,West Delhi,Rajouri Garden,2024-12-01
2892,Janaki Tandon,djain@example.com,+914601741964,South Delhi,Hauz Khas,2024-11-05
2893,Darpan Bhat,falaksachar@example.net,3596278387,South Delhi,Vasant Kunj,2024-05-15
2894,Varenya Raja,abha02@example.org,07145137402,East Delhi,Preet Vihar,2023-12-13
2895,Omya Parekh,loommen@example.net,+916756275454,West Delhi,Tilak Nagar,2024-04-07
2896,Vivaan Mody,saumyapatel@example.net,05364220947,East Delhi,Vivek Vihar,2024-08-09
2897,Garima Kurian,warda65@example.net,3901876927,North Delhi,Model Town,2024-12-07
2898,Anjali Khatri,manan87@example.org,08344302997,West Delhi,Dwarka,2024-06-22
2899,Eesha Mukhopadhyay,patrick40@example.org,4804688698,South Delhi,Malviya Nagar,2024-08-14
2900,Siya Rattan,aadhyaghosh@example.com,+914771157873,East Delhi,Preet Vihar,2024-09-03
2901,Frederick Om,zdas@example.org,+917367138731,East Delhi,Mayur Vihar,2024-08-09
2902,Anmol Kale,dalalmitali@example.com,01624698896,South Delhi,Saket,2023-01-01
2903,Maya Gera,thakkarlakshit@example.org,07922476867,North Delhi,Rohini,2024-05-16
2904,Tamanna Chaudry,fsavant@example.net,08957925785,East Delhi,Preet Vihar,2024-06-06
2905,Rehaan Mutti,yadavibhakta@example.org,3413734542,North Delhi,Ashok Vihar,2024-06-03
2906,Vanya Char,paldivya@example.net,+912181951719,South Delhi,Hauz Khas,2023-07-18
2907,Shravya Bal,eshan@example.net,09313164538,East Delhi,Vivek Vihar,2024-05-27
2908,Reyansh Ratta,neel55@example.org,+915332101254,North Delhi,Ashok Vihar,2024-10-13
2909,Shravya Narang,masterishita@example.net,07031705682,South Delhi,Greater Kailash,2023-07-23
2910,Rohan Grover,bhavsaramaira@example.org,04563679883,East Delhi,Mayur Vihar,2024-11-17
2911,Xiti Sant,onimital@example.net,04981063267,East Delhi,Preet Vihar,2024-03-20
2912,Liam Bala,rbajaj@example.org,4299211924,North Delhi,Model Town,2024-04-23
2913,Adweta Kala,chandresh69@example.net,08209938721,North Delhi,Ashok Vihar,2024-12-07
2914,Lakshit Badami,yastidora@example.net,9839901505,East Delhi,Mayur Vihar,2024-09-04
2915,Chanchal Suri,bbrar@example.net,+916803040054,East Delhi,Vivek Vihar,2024-12-30
2916,Anay Buch,jagatmahal@example.org,+916057432111,South Delhi,Saket,2024-08-31
2917,Amaira Natarajan,finnsom@example.net,1969091364,East Delhi,Mayur Vihar,2024-11-29
2918,Vrishti Saha,kabir05@example.net,08360901680,North Delhi,Ashok Vihar,2024-12-19
2919,Fitan Oak,omajabadami@example.net,04394534973,East Delhi,Preet Vihar,2024-11-13
2920,Daniel Aggarwal,hbandi@example.com,+915305325624,North Delhi,Ashok Vihar,2024-09-17
2921,Charita Tandon,lankanisha@example.com,5551693240,West Delhi,Rajouri Garden,2024-12-03
2922,Shravya Mann,buchsamarth@example.com,+919103891667,South Delhi,Hauz Khas,2023-05-18
2923,Avi Parsa,elijahtripathi@example.com,8680439429,East Delhi,Laxmi Nagar,2023-01-01
2924,Bachittar Varma,etazacharia@example.net,07839803703,West Delhi,Dwarka,2024-12-25
2925,Urishilla Jhaveri,dubecharan@example.com,8694853074,East Delhi,Mayur Vihar,2024-11-01
2926,Faras Gulati,anthony95@example.net,1405018136,West Delhi,Rajouri Garden,2024-11-03
2927,Warda Bandi,baradanya@example.net,04123481094,East Delhi,Preet Vihar,2023-09-27
2928,Noah Nadkarni,yuvraj96@example.org,05614412987,West Delhi,Rajouri Garden,2024-01-30
2929,Dev Bhardwaj,kaidara@example.com,+919417611148,East Delhi,Mayur Vihar,2024-08-26
2930,Nakul Krishna,ravihemal@example.org,6121669481,West Delhi,Tilak Nagar,2024-04-28
2931,Aarav Bose,galasarthak@example.org,0167965567,East Delhi,Mayur Vihar,2024-08-15
2932,Rachit Kant,lipikatiwari@example.com,+914344622807,South Delhi,Vasant Kunj,2024-11-19
2933,Daksh Murthy,yauvaniarya@example.com,9509428168,South Delhi,Malviya Nagar,2024-11-24
2934,Mekhala Dua,sanaya72@example.org,+918727410591,North Delhi,Pitampura,2023-01-01
2935,Triveni Upadhyay,prakashharinakshi@example.com,+918495529643,West Delhi,Paschim Vihar,2024-02-11
2936,Logan Devi,sulerushil@example.org,4248729802,South Delhi,Malviya Nagar,2024-01-15
2937,Mohammed Borra,ygera@example.com,+913420457813,North Delhi,Civil Lines,2023-09-19
2938,Bina Patil,udevan@example.com,+910302413001,North Delhi,Model Town,2024-12-17
2939,Shivansh Bhatti,panini44@example.org,+914377805592,East Delhi,Mayur Vihar,2024-06-15
2940,Vanya Som,dateprisha@example.org,4976979987,North Delhi,Civil Lines,2024-09-12
2941,Indali Rau,emohan@example.org,+915076499672,East Delhi,Vivek Vihar,2024-11-24
2942,Neha Gupta,nirjatoor@example.org,+917119475052,North Delhi,Rohini,2023-04-26
2943,Chakradev Chandran,dhawanveda@example.org,4225933238,West Delhi,Rajouri Garden,2024-12-15
2944,Daksha Kata,isaacray@example.org,06974469707,East Delhi,Laxmi Nagar,2024-08-28
2945,Isaac Vyas,ekansh11@example.com,08723903715,South Delhi,Saket,2024-09-17
2946,Zaitra Rattan,gopalneelima@example.com,+913624588469,North Delhi,Rohini,2024-08-21
2947,Sanaya Biswas,triya87@example.com,+918057117844,West Delhi,Rajouri Garden,2024-12-30
2948,Chandran Bhasin,vinayalad@example.net,4244379366,South Delhi,Hauz Khas,2024-05-21
2949,Charles Mangat,mekhala71@example.org,8161827734,East Delhi,Laxmi Nagar,2024-12-22
2950,Ubika Mani,hsarma@example.net,05273318815,North Delhi,Ashok Vihar,2023-06-22
2951,Warhi Narain,jai35@example.com,5579707907,North Delhi,Rohini,2024-10-22
2952,Christopher More,geetika30@example.org,+917314127259,North Delhi,Model Town,2024-07-30
2953,Ikbal Goswami,lavanya72@example.com,+915552517748,North Delhi,Ashok Vihar,2024-10-13
2954,Raagini Nagi,netramorar@example.org,4374282202,West Delhi,Tilak Nagar,2024-08-06
2955,Charan Maharaj,aggarwalomya@example.com,6072652014,North Delhi,Rohini,2024-04-28
2956,Oni Batta,oseth@example.com,+915009321956,East Delhi,Vivek Vihar,2024-09-14
2957,Praneel Bhargava,aarav65@example.org,09615884452,West Delhi,Paschim Vihar,2024-07-02
2958,Mekhala Krishna,ekbal10@example.org,2089676040,South Delhi,Vasant Kunj,2024-10-08
2959,Maanas Konda,gopalpatil@example.org,7519679296,West Delhi,Dwarka,2023-12-13
2960,Geetika Virk,opandya@example.org,03422070431,North Delhi,Model Town,2024-05-03
2961,Tamanna Shankar,noahdhar@example.net,04995893674,West Delhi,Janakpuri,2024-06-15
2962,Mitali Bali,sundermanya@example.net,7873880111,South Delhi,Hauz Khas,2024-09-08
2963,Bachittar Palla,matthewjohal@example.net,+915223775044,North Delhi,Pitampura,2024-11-23
2964,Mitali Khurana,aishanimallick@example.net,9684604126,East Delhi,Laxmi Nagar,2024-09-14
2965,Meghana Peri,deepa27@example.net,+913997021461,West Delhi,Dwarka,2024-10-05
2966,Bakhshi Muni,erai@example.org,+919654419043,East Delhi,Laxmi Nagar,2024-04-27
2967,Udyati Bali,oeshishanker@example.org,00356237246,West Delhi,Paschim Vihar,2024-11-09
2968,Eshana Ranganathan,menonishanvi@example.org,+919906563226,North Delhi,Civil Lines,2024-07-28
2969,Ekavir D’Alia,swamyyashoda@example.com,+912592729169,North Delhi,Pitampura,2024-07-21
2970,Liam Dhingra,luckypall@example.org,4187576176,West Delhi,Dwarka,2024-08-21
2971,Vedhika Edwin,aarnapatla@example.net,3660798334,South Delhi,Saket,2024-11-08
2972,Yoshita Iyer,urmivaidya@example.org,01592668668,West Delhi,Paschim Vihar,2023-08-23
2973,Anthony Srivastava,omisha53@example.org,+910227509360,East Delhi,Mayur Vihar,2023-12-31
2974,Upma Ahluwalia,balendrakeer@example.org,01421374727,South Delhi,Hauz Khas,2024-11-10
2975,Parth Dhawan,nthakur@example.com,5427629336,South Delhi,Hauz Khas,2024-12-12
2976,Lohit More,sinhaowen@example.net,+919598161809,South Delhi,Hauz Khas,2024-11-21
2977,David Lall,johalvihaan@example.com,2724452275,North Delhi,Model Town,2024-11-21
2978,Laban Ramakrishnan,zkaul@example.org,7222155325,West Delhi,Tilak Nagar,2024-06-25
2979,Gopal Ramanathan,quincysavant@example.com,01165160862,East Delhi,Preet Vihar,2024-04-13
2980,Ekta Cherian,ryansandal@example.com,0575296647,South Delhi,Vasant Kunj,2024-11-01
2981,Girik Vala,kalakrish@example.net,+917239191846,South Delhi,Greater Kailash,2024-10-16
2982,Janya Bhagat,bkalla@example.net,8516765599,South Delhi,Greater Kailash,2024-02-29
2983,Ladli Sachar,dravi@example.net,+912364499514,East Delhi,Laxmi Nagar,2023-09-10
2984,Shravya Agrawal,ronith42@example.com,1626317774,North Delhi,Model Town,2024-12-19
2985,Manbir Golla,hardikgrewal@example.net,02197381903,North Delhi,Pitampura,2024-12-15
2986,Sachi Jani,settyeta@example.org,+912958385083,West Delhi,Janakpuri,2024-04-21
2987,Om Som,bajwachanchal@example.com,+915135634317,East Delhi,Mayur Vihar,2024-08-31
2988,Dhruv Rai,rohanpall@example.com,01543382541,East Delhi,Vivek Vihar,2024-11-05
2989,Nirja Dhaliwal,bachittarrao@example.net,+919945802845,East Delhi,Laxmi Nagar,2023-11-16
2990,Jagat Sahni,varkeyfrederick@example.com,2549931453,South Delhi,Hauz Khas,2024-01-14
2991,Hamsini Chaudhry,teerthvarughese@example.com,+913674616160,East Delhi,Mayur Vihar,2024-01-06
2992,Anjali Khosla,snehabahri@example.com,3671274706,West Delhi,Rajouri Garden,2024-11-26
2993,Wriddhish Brahmbhatt,hritiksetty@example.net,4069729672,West Delhi,Paschim Vihar,2024-09-25
2994,Anjali Chakraborty,ngara@example.org,+919167875864,South Delhi,Saket,2024-05-10
2995,Aarna Atwal,dhawanjanuja@example.com,+911755046161,North Delhi,Model Town,2024-10-12
2996,Vivaan Magar,karanunnati@example.org,07545769094,East Delhi,Preet Vihar,2024-10-04
2997,Aarna Dayal,david95@example.com,+916038552882,North Delhi,Pitampura,2024-04-21
2998,Jack Kade,prishasunder@example.net,+914358599197,East Delhi,Vivek Vihar,2024-04-30
2999,Nimrat Kota,yauvani69@example.org,+915437636628,South Delhi,Hauz Khas,2024-12-06
3000,Gunbir Bose,zdalia@example.com,03595539450,North Delhi,Ashok Vihar,2024-11-11
