sku_id,sku_name,category,mrp,unit_cost,unit_weight_grams,is_perishable,shelf_life_days,demand_weight
1,Onion,Fruits & Vegetables,2500,1562.27,1000,True,4,10
2,Tomato Hybrid,Fruits & Vegetables,4200,3108.6,1000,True,5,10
3,Tender Coconut,Fruits & Vegetables,5100,3551.63,58,True,3,10
4,Coriander Leaves,Fruits & Vegetables,2000,1339.46,100,True,6,10
5,Ladies Finger,Fruits & Vegetables,1400,813.69,250,True,5,10
6,Potato,Fruits & Vegetables,3500,2034.2,1000,True,3,10
7,Lemon,Fruits & Vegetables,7500,4212.13,200,True,2,10
8,Watermelon,Fruits & Vegetables,5800,4194.76,58,True,2,10
9,Capsicum Green,Fruits & Vegetables,2300,1541.51,250,True,5,10
10,Chilli Green,Fruits & Vegetables,1900,1314.07,100,True,5,10
11,Banana Robusta,Fruits & Vegetables,2900,1606.94,348,True,7,10
12,Garlic Indian,Fruits & Vegetables,1100,818.38,100,True,4,10
13,Cauliflower,Fruits & Vegetables,2600,1862.87,58,True,3,10
14,Ginger,Fruits & Vegetables,1400,829.45,200,True,5,10
15,Spinach,Fruits & Vegetables,1900,1114.09,250,True,4,10
16,Muskmelon,Fruits & Vegetables,4200,2464.06,58,True,7,10
17,Cabbage,Fruits & Vegetables,1500,916.27,58,True,4,10
18,Methi,Fruits & Vegetables,3000,1964.85,250,True,5,10
19,Broccoli,Fruits & Vegetables,3600,2291.0,500,True,2,10
20,Sapota,Fruits & Vegetables,3000,1824.74,348,True,3,10
21,Onion,Fruits & Vegetables,6800,4572.12,3000,True,3,10
22,Potato,Fruits & Vegetables,10000,5778.99,3000,True,2,10
23,Orange Nagpur,Fruits & Vegetables,8200,4989.12,232,True,5,10
24,Mint Leaves,Fruits & Vegetables,1100,685.6,100,True,3,10
25,Beans French,Fruits & Vegetables,3300,2116.01,250,True,5,10
26,Bottle Gourd,Fruits & Vegetables,2600,1838.29,58,True,7,10
27,Banana Elaichi,Fruits & Vegetables,5800,3421.62,348,True,5,10
28,Coconut Big,Fruits & Vegetables,3600,2350.25,58,True,4,10
29,Curry Leaves,Fruits & Vegetables,1300,869.03,50,True,2,10
30,Brinjal Bharta,Fruits & Vegetables,1900,1062.65,58,True,5,10
31,Lettuce Iceberg,Fruits & Vegetables,2500,1678.77,250,True,7,10
32,Papaya,Fruits & Vegetables,5400,3154.17,58,True,6,10
33,Apple Shimla,Fruits & Vegetables,14200,7994.75,232,True,2,10
34,Bitter Gourd,Fruits & Vegetables,1800,1331.6,250,True,3,10
35,Brinjal Small,Fruits & Vegetables,1800,1337.63,250,True,4,10
36,Sweet Corn,Fruits & Vegetables,3600,2562.05,116,True,3,10
37,Spring Onion,Fruits & Vegetables,1800,1099.66,250,True,7,10
38,Bell Peppers Red & Yellow,Fruits & Vegetables,11800,6720.51,116,True,7,10
39,Pomegranate,Fruits & Vegetables,10600,7280.57,116,True,3,10
40,Sweet Lime,Fruits & Vegetables,3000,1914.09,116,True,2,10
41,Baby Potato,Fruits & Vegetables,1900,1091.37,500,True,3,10
42,Coccinia,Fruits & Vegetables,3200,2076.91,250,True,5,10
43,Guava,Fruits & Vegetables,5400,3007.14,232,True,3,10
44,Apple Washington,Fruits & Vegetables,17700,12953.99,232,True,4,10
45,Amla,Fruits & Vegetables,3200,1925.62,250,True,4,10
46,Beans Cluster,Fruits & Vegetables,3000,2047.51,250,True,6,10
47,Apple Royal Gala,Fruits & Vegetables,18900,11573.27,232,True,4,10
48,Chilli Bhaji,Fruits & Vegetables,3000,1962.04,250,True,3,10
49,Lettuce Green,Fruits & Vegetables,2300,1516.49,100,True,4,10
50,Baby Corn Peeled,Fruits & Vegetables,3500,2054.4,250,True,2,10
51,Mixed Sprouts,Fruits & Vegetables,3500,2603.71,200,True,4,10
52,Zucchini Green,Fruits & Vegetables,3500,2467.59,250,True,5,10
53,Beans Broad,Fruits & Vegetables,4200,3099.18,250,True,2,10
54,Raw Banana,Fruits & Vegetables,2000,1457.93,500,True,6,10
55,Colocasia,Fruits & Vegetables,2900,1941.78,500,True,5,10
56,Tomato Cherry,Fruits & Vegetables,3500,2570.31,200,True,3,10
57,Sweet Potato,Fruits & Vegetables,3800,2157.25,500,True,3,10
58,Pineapple Slice,Fruits & Vegetables,8900,5243.85,200,True,3,10
59,Orange,Fruits & Vegetables,5400,3018.85,116,True,5,10
60,Dragon Fruit Imported,Fruits & Vegetables,7000,4305.46,58,True,5,10
61,Zucchini Yellow,Fruits & Vegetables,4200,2636.49,250,True,5,10
62,Apple Kinnaur,Fruits & Vegetables,14200,8580.63,232,True,2,10
63,Pineapple,Fruits & Vegetables,9400,6728.03,58,True,7,10
64,Basil,Fruits & Vegetables,2000,1242.7,100,True,2,10
65,Parsley,Fruits & Vegetables,1700,1030.52,100,True,3,10
66,Ridge Gourd,Fruits & Vegetables,3000,1975.62,500,True,7,10
67,Papaya Cut,Fruits & Vegetables,4600,2659.65,200,True,4,10
68,Pomegranate Peeled,Fruits & Vegetables,5800,4120.55,100,True,3,10
69,Pear Green Imported,Fruits & Vegetables,8200,4632.26,116,True,6,10
70,Guava Thai,Fruits & Vegetables,7000,5231.64,116,True,2,10
71,Lettuce Red,Fruits & Vegetables,2000,1408.9,100,True,5,10
72,Mango Raw,Fruits & Vegetables,6000,3538.46,500,True,2,10
73,Biryani /Pulav Mix,Fruits & Vegetables,5800,3196.41,250,True,5,10
74,Banana Nendran,Fruits & Vegetables,5400,3850.7,500,True,7,10
75,Pumpkin Cut,Fruits & Vegetables,3000,2074.11,200,True,6,10
76,Banana Red,Fruits & Vegetables,5400,3757.33,500,True,7,10
77,Radish White,Fruits & Vegetables,2300,1619.78,500,True,6,10
78,Avocado Indian Premium,Fruits & Vegetables,17700,9997.12,58,True,2,10
79,Banana Leaf,Fruits & Vegetables,1200,746.03,58,True,5,10
80,Sponge Gourd,Fruits & Vegetables,2500,1432.93,300,True,7,10
81,Zama Organics Carrot,Fruits & Vegetables,2000,1445.24,250,True,6,10
82,Safal Frozen - Mixed Vegetables,Fruits & Vegetables,11000,7421.26,1000,True,3,10
83,Zama Organics Sweet Potato,Fruits & Vegetables,3700,2279.86,250,True,3,10
84,Beetroot,Fruits & Vegetables,1600,900.34,500,True,7,10
85,Capsicum,Fruits & Vegetables,2600,1591.71,500,True,5,10
86,Carrot,Fruits & Vegetables,1900,1168.57,500,True,7,10
87,Garlic,Fruits & Vegetables,1700,1183.07,200,True,2,10
88,Carrot,Fruits & Vegetables,1300,880.76,250,True,6,10
89,Beetroot,Fruits & Vegetables,1100,800.19,250,True,2,10
90,Moong Sprouts,Fruits & Vegetables,3500,2255.55,200,True,3,10
91,Safal Frozen Mixed Vegetables,Fruits & Vegetables,6000,3443.51,500,True,6,10
92,Safal Frozen Corn,Fruits & Vegetables,4100,2839.86,200,True,7,10
93,Safal Frozen - Sweet Corn,Fruits & Vegetables,16000,11234.51,1000,True,2,10
94,Maggi 2 Minute Masala Noodles,Cooking Essentials,1200,794.71,70,False,286,3
95,iD Idli & Dosa Batter,Cooking Essentials,8000,5633.55,1000,False,291,3
96,Tata Salt,Cooking Essentials,2400,1557.02,1000,False,287,3
97,Arden Eggs White,Cooking Essentials,9700,6349.1,696,False,226,3
98,Arden Eggs White,Cooking Essentials,6500,4130.8,348,False,270,3
99,Fortune Sunlite Refined Sunflower (Pouch),Cooking Essentials,23000,12766.93,1000,False,197,3
100,Aashirvaad Superior MP Atta,Cooking Essentials,25000,14289.46,5000,False,328,3
101,Amul Pure Ghee (Pouch),Cooking Essentials,25500,14185.29,500,False,283,3
102,Arden Eggs Brown,Cooking Essentials,8500,5756.9,348,False,330,3
103,Tata Salt Lite,Cooking Essentials,4000,2451.48,1000,False,219,3
104,Saffola Gold Oil (Pouch),Cooking Essentials,21500,14011.85,1000,False,317,3
105,Fortune Sunlite Refined Sunflower (Jar),Cooking Essentials,92500,67664.98,5000,False,268,3
106,Fortune Rice Bran (Pouch),Cooking Essentials,22500,13496.82,1000,False,359,3
107,Saffola Active Oil,Cooking Essentials,21000,13273.61,1000,False,240,3
108,Amul Pure Ghee (Pouch),Cooking Essentials,50500,35406.07,1000,False,184,3
109,Aashirvaad Atta,Cooking Essentials,46000,27404.94,10000,False,301,3
110,Popular Essentials Toor Dal (Un-Polished),Cooking Essentials,16000,9046.34,1000,False,360,3
111,Amul Ghee (Tin),Cooking Essentials,52000,31613.42,1000,False,234,3
112,Amul Fresh Cream,Cooking Essentials,19700,11470.21,1000,False,216,3
113,Popular Essentials Pure Jaggery,Cooking Essentials,5000,3679.7,450,False,235,3
114,Aashirvaad Multigrain Atta,Cooking Essentials,6400,4554.39,1000,False,281,3
115,Fortune Soyabean Oil,Cooking Essentials,100500,68006.42,5000,False,272,3
116,Popular Essentials Sunflower Seeds,Cooking Essentials,2500,1810.73,50,False,252,3
117,Tata Sampann kabuli chana,Cooking Essentials,18500,13148.59,1000,False,238,3
118,Dhara Groundnut Oil (Pouch),Cooking Essentials,23000,13508.22,1000,False,181,3
119,Dhara Health Refined Sun Flower Oil Jar,Cooking Essentials,120000,87421.42,5000,False,283,3
120,24 Mantra Organic Jaggery Powder,Cooking Essentials,8000,5262.95,500,False,230,3
121,Tata Sampann High Protien Kabuli Chana,Cooking Essentials,9400,6687.99,500,False,209,3
122,Dhara Kachi Ghani Mustard Oil Jar,Cooking Essentials,125000,91152.28,5000,False,190,3
123,D'lecta Dairy Cream,Cooking Essentials,5400,3313.44,200,False,287,3
124,Ching's Secret Instant Hot Garlic Noodles,Cooking Essentials,1500,858.02,60,False,255,3
125,Dabur Ginger Garlic Paste,Cooking Essentials,2500,1488.97,100,False,346,3
126,Ching's Secret Instant Schezwan Noodles,Cooking Essentials,1500,953.13,60,False,269,3
127,Gowardhan Ghee/Tuppa Jar,Cooking Essentials,31500,22478.49,500,False,302,3
128,Tata Sampann Unpolished Moong Dal,Cooking Essentials,9200,6643.74,500,False,304,3
129,Aashirvaad Select Atta,Cooking Essentials,6400,3528.9,1000,False,361,3
130,Popular Essentials Misri Dana (Diamond Sugar),Cooking Essentials,1500,978.22,100,False,301,3
131,Gowardhan Ghee Jar,Cooking Essentials,59800,37882.24,1000,False,273,3
132,Top Ramen  Noodles Curry Veg Pouch,Cooking Essentials,2000,1188.84,70,False,282,3
133,Popular Essentials Refined Sugar,Cooking Essentials,6000,3443.84,1000,False,365,3
134,Fortune Kachi Ghani Mustard Oil Bottle,Cooking Essentials,21600,13338.5,1000,False,363,3
135,Saffola Veggie Twist Masala Oats,Cooking Essentials,1500,1107.87,38,False,341,3
136,Satyam Puffed Rice Kurmura (R),Cooking Essentials,2300,1413.67,200,False,210,3
137,Quaker Oats,Cooking Essentials,7900,5164.69,400,False,231,3
138,Aashirvaad Select Sharbati Atta,Cooking Essentials,31500,21754.02,5000,False,268,3
139,Popular Essentials Refined Sugar,Cooking Essentials,29500,18370.41,5000,False,255,3
140,Gowardhan Cow Ghee Pouch,Cooking Essentials,57900,43098.24,1000,False,308,3
141,Dhara Nourish Refined Sunflower Oil Pouch,Cooking Essentials,21000,15592.28,1000,False,362,3
142,Parachute Oil,Cooking Essentials,4000,2401.43,100,False,201,3
143,Popular Essentials Plain Puffed Rice (Murmura/Muri),Cooking Essentials,1800,1169.01,100,False,219,3
144,Amul Mithai Mate Condensed Sweetened Milk,Cooking Essentials,5600,3416.98,200,False,280,3
145,Saffola Gold (Jar),Cooking Essentials,124000,75264.04,5000,False,290,3
146,McCain New Mini Samosa with Cheese Pizza Style Filling,Cooking Essentials,12000,6688.53,240,False,308,3
147,Fortune Rice Bran Health Oil (Jar),Cooking Essentials,105000,70550.85,5000,False,244,3
148,Arden Desi Eggs,Cooking Essentials,11000,7155.89,348,False,361,3
149,Fortune Rozana Basmati Rice,Cooking Essentials,58500,32777.3,5000,False,349,3
150,Fortune Biriyani Special Basmati Rice,Cooking Essentials,17500,10600.26,1000,False,328,3
151,Everest Garam Masala,Cooking Essentials,7800,5706.89,100,False,258,3
152,Popular Essentials Pumpkin Seeds,Cooking Essentials,9000,5381.21,100,False,201,3
153,Fortune Soya Health Refined Soybean Oil,Cooking Essentials,21000,12158.56,1000,False,345,3
154,Gowardhan Pure Ghee Pouch,Cooking Essentials,29500,19112.77,500,False,278,3
155,Popular Essentials Jeera/Cumin Seeds,Cooking Essentials,4000,2988.52,100,False,187,3
156,Weikfield Baking Soda,Cooking Essentials,3000,1795.23,100,False,354,3
157,Everest Pav Bhaji Masala,Cooking Essentials,3700,2532.38,50,False,196,3
158,Tata Sampann Unpolished Chana Dal,Cooking Essentials,9500,6672.08,1000,False,196,3
159,Amul Mithai Mate EOE Tin,Cooking Essentials,11200,6692.31,400,False,269,3
160,Pillsbury Chakki Fresh Atta,Cooking Essentials,45000,31303.95,10000,False,320,3
161,Everest Chicken Masala,Cooking Essentials,3900,2431.87,50,False,324,3
162,Dhara Life Refined Ricebran Oil (Pouch),Cooking Essentials,20500,13867.45,1000,False,345,3
163,Borges Extra Virgin Olive Oil,Cooking Essentials,40000,27068.24,250,False,260,3
164,Everest Shahi Biryani Masala,Cooking Essentials,7000,4600.08,50,False,257,3
165,Popular Essentials Californian Almond,Cooking Essentials,35000,19882.03,250,False,352,3
166,Popular Essentials Ajwain Whole,Cooking Essentials,2500,1792.65,50,False,185,3
167,Everest Tikhalal Chilli Powder,Cooking Essentials,23500,14432.67,500,False,342,3
168,Popular Essentials Kabuli Chana Regular,Cooking Essentials,8500,4992.08,500,False,289,3
169,Pillsbury Chakki Fresh Atta,Cooking Essentials,5200,2902.41,1000,False,193,3
170,Popular Essentials Saunf/Fennel Seeds,Cooking Essentials,4500,3006.8,100,False,251,3
171,Popular Essentials Bansi Sooji,Cooking Essentials,3500,2399.3,500,False,322,3
172,Happilo Premium International Queen Kalmi Dates,Cooking Essentials,24500,13556.28,200,False,233,3
173,Tata Sampann Unpolished Urad Whole,Cooking Essentials,10100,6589.43,500,False,206,3
174,Popular Essentials Cashew Split,Cooking Essentials,32500,19347.22,250,False,192,3
175,Popular Essentials Chana Dal (Un-Polished),Cooking Essentials,6000,4074.21,500,False,338,3
176,Tata Sampann Unpolished Rajma (Chitra),Cooking Essentials,13400,7837.3,500,False,342,3
177,Everest Garam Masala,Cooking Essentials,4200,2890.39,50,False,239,3
178,Everest Kitchen King Masala,Cooking Essentials,7000,4391.43,100,False,185,3
179,24 Mantra Organic Cumin,Cooking Essentials,7000,5161.42,100,False,237,3
180,Nestle Milkmaid,Cooking Essentials,13200,7623.06,400,False,228,3
181,Popular Essentials Sona Masouri Steam Rice,Cooking Essentials,6500,4018.39,1000,False,330,3
182,24 Mantra Organic Tur Dal,Cooking Essentials,26000,14890.06,1000,False,341,3
183,Gits Gulab Jamun Instant Dessert Mix,Cooking Essentials,9900,7275.89,200,False,205,3
184,Popular Essentials Black Masoor Whole (Un-Polished),Cooking Essentials,6500,4715.54,500,False,226,3
185,24 Mantra Organic Peanuts,Cooking Essentials,13500,8121.44,500,False,184,3
186,Everest Hingraj Powder,Cooking Essentials,9000,6137.97,50,False,199,3
187,Everest Black Pepper Powder,Cooking Essentials,13500,9631.5,100,False,313,3
188,Tata Sampann Masoor Dal Stand,Cooking Essentials,15000,9915.6,1000,False,238,3
189,24 Mantra Organic Besan,Cooking Essentials,9500,6231.34,500,False,325,3
190,Quaker Oats,Cooking Essentials,19900,11907.57,1000,False,311,3
191,Saffola Gold Refined Cooking Oil (Jar),Cooking Essentials,48500,27578.1,2000,False,196,3
192,Nestle Everyday Dairy Whitener,Cooking Essentials,21000,15318.31,400,False,193,3
193,24 Mantra Organic Red Poha,Cooking Essentials,7500,5475.63,500,False,192,3
194,Everest Powder - Tea Masala,Cooking Essentials,9800,6630.88,100,False,314,3
195,Tata Sampann Urad Dal Split,Cooking Essentials,9400,5807.38,500,False,307,3
196,Popular Essentials Idli Sooji,Cooking Essentials,3000,1859.53,500,False,223,3
197,Popular Essentials Dessicated Coconut,Cooking Essentials,9500,6604.32,200,False,298,3
198,Sunfeast Yippee! Mood Masala Noodles,Cooking Essentials,6000,4376.53,260,False,322,3
199,Chef's Basket Durum Wheat Elbow Pasta,Cooking Essentials,16000,11638.68,500,False,198,3
200,MTR Breakfast Khatta Meetha Poha Mix,Cooking Essentials,2500,1764.94,60,False,242,3
201,Satyam Khobra,Cooking Essentials,11300,7665.99,200,False,342,3
202,Betty Crocker Complete Pancake Mix Original,Cooking Essentials,11000,6235.11,250,False,260,3
203,Borges Durum Wheat Fusilli Pasta,Cooking Essentials,25000,14558.14,500,False,342,3
204,24 Mantra Organic Green Moong Dal - Split,Cooking Essentials,13500,9851.1,500,False,326,3
205,Weikfield Vanilla Flavoured Custard Powder,Cooking Essentials,3700,2483.76,100,False,327,3
206,Tata Sampann Moong Dal Split,Cooking Essentials,18000,9933.11,1000,False,279,3
207,Tata Sampann Kala Chana,Cooking Essentials,6400,3649.88,500,False,342,3
208,Saffola Soya Chunks Mealmaker,Cooking Essentials,5000,3413.5,200,False,339,3
209,24 Mantra Bura Sugar (Demerara),Cooking Essentials,8000,4408.1,500,False,301,3
210,Popular Essentials Green Cardamom (Elaichi),Cooking Essentials,20000,11643.23,50,False,355,3
211,Hershey's Syrup Delicious Strawberry,Cooking Essentials,9500,6267.59,200,False,223,3
212,Popular Essentials Anjeer,Cooking Essentials,19000,13079.2,100,False,283,3
213,Popular Essentials Mustard Seeds Rai Small,Cooking Essentials,2000,1360.78,100,False,331,3
214,Weikfield Baking Powder,Cooking Essentials,3300,1963.02,100,False,240,3
215,Dabur Honey Squeezy,Cooking Essentials,18500,12810.06,225,False,304,3
216,Tata Sampann High Protein Kali Urad,Cooking Essentials,9100,5436.79,500,False,324,3
217,Everest Kitchen King Masala,Cooking Essentials,3700,2275.8,50,False,250,3
218,Chef's Basket Durum Wheat Fusilli Pasta,Cooking Essentials,16000,11188.77,500,False,286,3
219,TilSona Til Oil,Cooking Essentials,18000,12238.68,500,False,229,3
220,Top Ramen Chicken Noodles,Cooking Essentials,6000,4319.07,280,False,244,3
221,Everest Chaat Masala,Cooking Essentials,3500,2385.33,50,False,278,3
222,Keya Wonder Red Hot Chilli Flakes,Cooking Essentials,8900,5906.59,40,False,211,3
223,Popular Essentials White Peas (Un-Polished),Cooking Essentials,8000,4549.88,500,False,343,3
224,Chings Secret Chowmein Hakka Noodles Masala,Cooking Essentials,4400,2743.59,60,False,320,3
225,Dhara Filtered Groundnut Oil (Jar),Cooking Essentials,105000,63319.25,5000,False,237,3
226,Pillsbury Choco Chip Pancake Mix,Cooking Essentials,9900,5928.1,165,False,307,3
227,Hershey's Caramel Syrup,Cooking Essentials,23000,17125.85,623,False,321,3
228,Pillsbury Multi Grain Atta,Cooking Essentials,6000,3771.72,1000,False,344,3
229,McCain New Mini Samosa with Cheese Corn Style Filling,Cooking Essentials,12000,8740.91,240,False,291,3
230,Satyam Puffed Rice Kurmura (A),Cooking Essentials,4300,2907.78,200,False,247,3
231,MTR 3 Min Poha,Cooking Essentials,2500,1772.41,60,False,219,3
232,Ching's Manchurian Instant Noodles,Cooking Essentials,1500,975.79,60,False,323,3
233,Everest Pav Bhaji Masala,Cooking Essentials,7000,4657.67,100,False,311,3
234,Hershey's Chocolate Flavour Syrup,Cooking Essentials,22000,14267.08,623,False,352,3
235,Popular Essentials Dhania (Coriander Seeds),Cooking Essentials,5500,3239.77,200,False,269,3
236,24 Mantra Red Chilly Whole,Cooking Essentials,7000,4861.43,100,False,207,3
237,Dabur Honey - World's No.1,Cooking Essentials,12000,7273.85,250,False,275,3
238,24 Mantra Organic Puffed Rice,Cooking Essentials,4000,2219.45,200,False,210,3
239,24 Mantra Organic Wheat Daliya,Cooking Essentials,4800,3259.65,500,False,182,3
240,24 Mantra Organic Ragi Flour,Cooking Essentials,6500,3805.24,500,False,315,3
241,Popular Essentials Cinnamon Whole (Dalchini),Cooking Essentials,3500,2583.32,25,False,203,3
242,Sundrop Super Lite Advanced - Sunflower Oil,Cooking Essentials,21500,15926.89,1000,False,194,3
243,Pillsbury Atta/Godihittu - Chakki Fresh,Cooking Essentials,10200,7476.32,2000,False,350,3
244,Popular Essentials Green Moong Chilka/Chilka (Un-Polished),Cooking Essentials,8500,5304.27,500,False,338,3
245,Popular Essentials HMT Kolam Steam,Cooking Essentials,7500,4148.18,1000,False,224,3
246,Popular Essentials Black Urad Split,Cooking Essentials,8000,5885.31,500,False,187,3
247,Keya Oregano,Cooking Essentials,10900,6928.44,9,False,250,3
248,Popular Essentials Pink Rajma,Cooking Essentials,10000,7433.31,500,False,287,3
249,Everest Chicken Masala,Cooking Essentials,7400,5496.16,100,False,294,3
250,Popular Essentials HMT Kolam Steam,Cooking Essentials,37000,26662.27,5000,False,282,3
251,Everest Shahi Paneer Masala,Cooking Essentials,4200,2557.34,50,False,304,3
252,Godrej Yummiez Chicken Nuggets,Cooking Essentials,32500,20378.14,500,False,236,3
253,Flying Bird Vanilla Essence,Cooking Essentials,3500,2520.8,20,False,209,3
254,Everest Sabji Masala,Cooking Essentials,3000,1840.15,50,False,325,3
255,Popular Essentials Californian Almond,Cooking Essentials,69500,40580.95,500,False,293,3
256,Cornitos Cornitos Taco Shells - 4 Inches,Cooking Essentials,11000,7274.96,80,False,296,3
257,Everest Rajma Masala,Cooking Essentials,3300,2432.86,50,False,346,3
258,Popular Essentials White Til,Cooking Essentials,4000,2756.82,100,False,239,3
259,Amul Dark Compound Chocolate Slab,Cooking Essentials,12500,8300.15,500,False,277,3
260,Mothers Recipe Papad Chana Masala,Cooking Essentials,7900,4498.54,200,False,350,3
261,Ching's Schezwan Masala Instant Noodles,Cooking Essentials,6000,4038.01,240,False,305,3
262,Amul Milk Compound Chocolate Slab,Cooking Essentials,11000,8228.12,500,False,352,3
263,Eastern Chicken Masala,Cooking Essentials,7000,4046.12,100,False,330,3
264,Popular Essentials Methi Seeds,Cooking Essentials,2500,1634.16,100,False,273,3
265,Saffola Yummy Masala Noodles,Cooking Essentials,2000,1450.95,46,False,313,3
266,Cadbury Hot Chocolate,Cooking Essentials,17500,12217.69,200,False,363,3
267,Ching's Chicken Chilli Masala,Cooking Essentials,1000,689.4,20,False,301,3
268,Dabur Keora water - Authentic flavour for Biryani's and Desserts,Cooking Essentials,6200,4281.08,250,False,287,3
269,Popular Essentials Black Cardamom/Elaichi,Cooking Essentials,10000,6218.98,50,False,183,3
270,Popular Essentials Idli Rice,Cooking Essentials,6000,3652.31,1000,False,272,3
271,Everest Chole Masala,Cooking Essentials,3300,2349.18,50,False,330,3
272,Dabur Hommade Tamarind Paste,Cooking Essentials,4800,3417.71,200,False,185,3
273,"""Maggi Magic Cubes, Vegetarian Masala (Free 2 Cubes Inside)""",Cooking Essentials,3500,2531.95,48,False,211,3
274,Popular Essentials Cooking Soda,Cooking Essentials,3000,2197.94,200,False,285,3
275,RRO Primio Refined Groundnut Oil Pet Bottle,Cooking Essentials,25500,16632.85,1000,False,325,3
276,Everest Pani Puri Masala,Cooking Essentials,3100,2015.94,50,False,194,3
277,Nissin Cup Noodles Tangy Tomato,Cooking Essentials,5000,3548.3,70,False,347,3
278,Ching's Veg Manchurian Masala,Cooking Essentials,1000,679.99,20,False,301,3
279,Ceres Foods Fish Mustard Instant Liquid Masala,Cooking Essentials,22000,15188.65,200,False,275,3
280,Everest Garam Masala,Cooking Essentials,15800,11204.7,200,False,185,3
281,24 Mantra Organic Jowar Flour,Cooking Essentials,7000,5096.01,500,False,291,3
282,Maggi Coconut Milkpowder,Cooking Essentials,10000,6175.99,100,False,299,3
283,On1y Pepper Grinder,Cooking Essentials,15900,9939.35,50,False,302,3
284,Popular Essentials Rice Flour,Cooking Essentials,6000,3412.78,1000,False,246,3
285,Sunfeast Yippee! Pasta Treat - Sour Cream Onion,Cooking Essentials,2800,1863.84,65,False,285,3
286,24 Mantra Organic Brown Sona Masoori Rice,Cooking Essentials,9500,5293.29,1000,False,318,3
287,Happilo Premium Afghani Anjeer,Cooking Essentials,36500,23473.87,200,False,222,3
288,Popular Essentials Chiroti Sooji,Cooking Essentials,3500,2304.85,500,False,324,3
289,RRO Til Dil Premium Til Oil Bottle,Cooking Essentials,33000,20041.17,1000,False,275,3
290,Popular Essentials Red Rajma,Cooking Essentials,9000,6013.5,500,False,311,3
291,Cornitos Peanut - Premium Salted,Cooking Essentials,12000,6673.2,150,False,260,3
292,Popular Essentials Black Pepper,Cooking Essentials,10000,5574.7,100,False,220,3
293,24 Mantra Organic Tur Dal - Split,Cooking Essentials,13000,9288.76,500,False,312,3
294,Sugarfree Gold Low Calorie Sweetner,Cooking Essentials,6500,4043.25,110,False,339,3
295,Ching's Secret Paneer Chilli Masala,Cooking Essentials,1000,575.41,20,False,214,3
296,Dabur Honey,Cooking Essentials,22000,14397.87,500,False,201,3
297,Everest Tea Masala,Cooking Essentials,5500,3871.99,50,False,329,3
298,Ching's Paneer Chilli Masala,Cooking Essentials,4400,2609.92,60,False,291,3
299,Sunfeast YiPPee! Magic Masala Noodles,Cooking Essentials,7000,4722.05,405,False,190,3
300,Everest Meat Masala Powder,Cooking Essentials,7400,4196.31,100,False,182,3
301,Pillsbury Atta With Multigrains Wheat Grains,Cooking Essentials,29500,16529.92,5000,False,316,3
302,Mother's Recipe Tamarind Paste,Cooking Essentials,5000,3281.35,200,False,239,3
303,Quaker Oats Breakfast Cereals - With Flavour Mix Nutritious Rich Source Of Energy,Cooking Essentials,4900,3224.82,200,False,255,3
304,Popular Essentials Cloves (Lavang),Cooking Essentials,7500,5081.14,50,False,266,3
305,Sunfeast Yippee! Power Up Atta Noodles,Cooking Essentials,9600,6674.1,280,False,193,3
306,Suhana Paneer Tikka Masala Mix,Cooking Essentials,4000,2980.68,50,False,197,3
307,24 Mantra Turmeric Powder,Cooking Essentials,3500,2286.41,100,False,292,3
308,24 Mantra Super Grain Quinoa,Cooking Essentials,19000,11677.23,500,False,252,3
309,Everest Powder - Egg Curry Masala,Cooking Essentials,4000,2836.15,50,False,202,3
310,Popular Essentials Pe Shah Jeera,Cooking Essentials,6000,3625.0,50,False,262,3
311,24 Mantra Organic Sattu Atta,Cooking Essentials,9500,6059.05,500,False,304,3
312,Smith & Jones Pasta Masala,Cooking Essentials,4600,2602.18,54,False,354,3
313,Weikfield Vanilla Custard Powder,Cooking Essentials,14200,7882.0,500,False,248,3
314,Sugarfree Natura Low Calorie Sweetner,Cooking Essentials,30000,22275.89,42,False,226,3
315,Pillsbury Vanilla Custard Powder,Cooking Essentials,3700,2653.63,100,False,295,3
316,24 Mantra Organic Rajma,Cooking Essentials,14500,9993.33,500,False,209,3
317,Popular Essentials Broken Wheat/Daliya,Cooking Essentials,3500,2211.27,500,False,204,3
318,Zorabian Chicken Smoked Ham,Cooking Essentials,20500,11985.51,250,False,335,3
319,Smith & Jones Peri Peri Masala,Cooking Essentials,9900,5754.75,75,False,291,3
320,Saffola Veggie Twist Masala Oats,Cooking Essentials,19500,11700.95,500,False,204,3
321,Popular Essentials Urad Dal Split (Un-Polished),Cooking Essentials,8500,5608.69,500,False,253,3
322,Weikfield Baking Powder,Cooking Essentials,2200,1524.42,50,False,237,3
323,Popular Essentials Bajra Whole,Cooking Essentials,6500,4433.26,1000,False,273,3
324,Weikfield Veg Jelly Crystals - Strawberry,Cooking Essentials,4500,2726.94,90,False,298,3
325,Weikfield Veg Jelly Crystals - Raspberry,Cooking Essentials,4500,3334.38,90,False,306,3
326,Popular Essentials Masoor Dal Split (Un-Polished),Cooking Essentials,7000,4883.06,500,False,348,3
327,Popular Essentials Ajwain Whole,Cooking Essentials,5000,3304.35,100,False,204,3
328,Popular Essentials Pista Salted (With Shell),Cooking Essentials,47000,31600.18,250,False,257,3
329,The Bake Shop Bread Crumbs,Cooking Essentials,5000,3169.6,400,False,278,3
330,Popular Essentials Horse Gram,Cooking Essentials,4000,2398.18,500,False,295,3
331,Hershey's Chocolate Syrup,Cooking Essentials,9500,5901.35,200,False,227,3
332,Godrej Yummiez Chilli Chicken Sausages,Cooking Essentials,16000,11225.11,250,False,189,3
333,Everest Kasuri Methi,Cooking Essentials,2500,1382.2,25,False,278,3
334,Satyam Makhana,Cooking Essentials,20800,11922.86,100,False,190,3
335,Everest Tandoori Chicken Masala,Cooking Essentials,3900,2180.88,50,False,264,3
336,Weikfield Falooda Mix - Kesar Pista,Cooking Essentials,4900,2734.91,200,False,328,3
337,Weikfield Cocoa Powder,Cooking Essentials,7000,5047.64,50,False,352,3
338,Pantai Coconut Cream,Cooking Essentials,15000,10360.97,400,False,314,3
339,Popular Essentials Coriander Seeds,Cooking Essentials,1500,967.25,50,False,305,3
340,Ching's Singapore Curry Instant Noodles,Cooking Essentials,6000,3417.4,240,False,243,3
341,Eastern Fish Masala,Cooking Essentials,4800,3111.95,100,False,181,3
342,Pillsbury Atta/Godihittu - Chakki Fresh,Cooking Essentials,27500,17729.09,5000,False,255,3
343,"Oleev Smart Oil Fortified with VIT A, D, E & K (Pouch)",Cooking Essentials,21500,12569.77,1000,False,300,3
344,Everest Dry Ginger Powder,Cooking Essentials,7500,4775.78,100,False,221,3
345,Pillsbury Cooker Cake Mix - Choco,Cooking Essentials,10000,6297.01,159,False,233,3
346,Hersheys Chocolate Almond Syrup,Cooking Essentials,20000,13463.4,450,False,254,3
347,Satyam Nighties Spices  Chilli Pandi,Cooking Essentials,5600,3791.3,100,False,195,3
348,Popular Essentials Popular Essential Pista Salted (With Shell),Cooking Essentials,19000,10622.16,100,False,197,3
349,Godrej Yummiez Chicken Punjabi Tikka,Cooking Essentials,29500,18435.21,360,False,269,3
350,Popular Essentials Rozana Sona Masuri Raw Rice,Cooking Essentials,35000,23631.02,5000,False,323,3
351,24 Mantra Mustard Oil (Cold Pressed),Cooking Essentials,35000,22771.95,1000,False,185,3
352,24 Mantra Organic Black Pepper,Cooking Essentials,17000,12262.07,100,False,364,3
353,Popular Essentials Green Moong Whole,Cooking Essentials,9000,6135.65,500,False,287,3
354,24 Mantra Organic Masoor Dal - Split,Cooking Essentials,9500,5534.58,500,False,354,3
355,Praakritik Organic Natural Rock Salt,Cooking Essentials,6000,3384.68,500,False,227,3
356,24 Mantra Sunflower Oil (Cold Pressed) Pet Bottle,Cooking Essentials,39000,26460.87,1000,False,221,3
357,"Ching's Secret Instant Noodles, Hot Garlic",Cooking Essentials,6000,3331.81,240,False,255,3
358,Saffola Everyday Peppy Tomato Masala Oats,Cooking Essentials,19500,13009.52,500,False,256,3
359,Dabur 100% Pure Honey - Worlds No.1,Cooking Essentials,43000,31735.98,1000,False,311,3
360,Popular Essentials Star Anise,Cooking Essentials,7000,4655.66,25,False,309,3
361,Ching's Secret Chicken 65 Masala - Chicken,Cooking Essentials,1000,627.63,20,False,238,3
362,Cadbury Cocoa Powder,Cooking Essentials,22300,15134.07,150,False,334,3
363,Praakritik Natural Desi Gir Cow A2 Ghee,Cooking Essentials,145000,93039.33,540,False,206,3
364,Praakritik Organic Poha,Cooking Essentials,12000,7909.48,500,False,258,3
365,Praakritik Organic Natural Wild Forest Honey,Cooking Essentials,16000,11812.69,200,False,251,3
366,Popular Essentials Dry Dates (Kharak),Cooking Essentials,14000,8781.09,250,False,186,3
367,Popular Essentials Kashmiri Red Rajma,Cooking Essentials,9500,7051.26,500,False,290,3
368,Dabur Hommade - Garlic Paste,Cooking Essentials,5000,3655.35,200,False,298,3
369,Dabur 100% Pure Honey,Cooking Essentials,33000,19442.22,400,False,353,3
370,Ching's Schezwan Fried Rice(Miracle Masala),Cooking Essentials,4400,2481.04,60,False,242,3
371,"""Maggi Magic Cubes, Vegetarian Masala""",Cooking Essentials,3500,1995.54,40,False,303,3
372,Everest Tandoori Chicken Masala,Cooking Essentials,7400,4096.97,100,False,191,3
373,Popular Essentials Red Poha,Cooking Essentials,4500,2560.0,500,False,320,3
374,Everest Kitchen King Masala,Cooking Essentials,14200,9749.74,200,False,222,3
375,Pillsbury Oven Cake Mix - Rich Chocolate,Cooking Essentials,16500,9309.92,285,False,196,3
376,Eastern Super Garam Masala,Cooking Essentials,7400,4542.08,200,False,242,3
377,Maggi Magic Cubes Extra Chicken,Cooking Essentials,4000,2875.9,48,False,299,3
378,Satyam Nighties Spices  Chilli Kashmiri,Cooking Essentials,10200,5657.47,100,False,215,3
379,Eastern Cumin Powder,Cooking Essentials,4900,3493.18,100,False,187,3
380,Popular Essentials Urad Gola White(Un-Polished),Cooking Essentials,9000,5457.34,500,False,248,3
381,24 Mantra Organic Chana Dal,Cooking Essentials,9500,5449.51,500,False,269,3
382,Delight Nuts Cashew Roasted & Salted,Cooking Essentials,42500,29297.27,200,False,215,3
383,Popular Essentials Mace/Javitri,Cooking Essentials,9000,6082.1,20,False,207,3
384,Dlicia Whip Topping Bottle,Cooking Essentials,23500,17049.12,1000,False,297,3
385,Mother's Recipe Paste Ginger & Garlic,Cooking Essentials,7600,5297.31,300,False,272,3
386,24 Mantra Groundnut Oil (Cold Pressed) Pet Bottle,Cooking Essentials,41000,29138.54,1000,False,354,3
387,Satyam Pulses Masur Dal,Cooking Essentials,8700,5275.74,500,False,255,3
388,Delight Nuts Pista Roasted & Salted,Cooking Essentials,42500,24883.24,200,False,280,3
389,"Top Ramen Noodles, Atta",Cooking Essentials,8000,5600.98,280,False,337,3
390,Hershey's Cocoa Powder,Cooking Essentials,9500,6757.99,70,False,330,3
391,Praakritik Organic Singhara Atta,Cooking Essentials,24000,17954.42,500,False,323,3
392,Gits Veg Biryani Ready to Eat,Cooking Essentials,11000,6957.76,265,False,193,3
393,Delight Nuts Cranberries Sliced,Cooking Essentials,29900,18669.67,200,False,250,3
394,Borges Durum Wheat Pasta Superior Quality,Cooking Essentials,25000,17632.06,500,False,359,3
395,Ceres Foods Laal Maas Instant Liquid Masala,Cooking Essentials,22000,13599.54,200,False,303,3
396,Popular Essentials Sattu Atta,Cooking Essentials,9000,6625.36,500,False,304,3
397,Popular Essentials Mustard Seeds Rai Yellow,Cooking Essentials,2500,1804.21,100,False,216,3
398,Praakritik Organic Extra Virgin Coconut Oil,Cooking Essentials,15000,9536.98,100,False,208,3
399,Praakritik Organic Garlic Powder,Cooking Essentials,11000,7701.92,100,False,322,3
400,Sugarfree Gold Low Calorie Sweetner,Cooking Essentials,12500,8761.36,100,False,354,3
401,Aashirvaad Breakfast Instant Mix - Rice Idli,Cooking Essentials,7500,4279.69,200,False,353,3
402,Kitchens Of India Mutter Paneer,Cooking Essentials,13000,9496.64,285,False,359,3
403,Ching's Secret Veg Manchurian Masala,Cooking Essentials,4400,2864.62,60,False,198,3
404,Popular Essentials Jowa Flour,Cooking Essentials,5000,3576.46,500,False,285,3
405,Everest Shahi Biryani Masala,Cooking Essentials,24500,15043.24,200,False,200,3
406,Popular Essentials Black Til,Cooking Essentials,5000,3645.52,100,False,243,3
407,Popular Essentials Pancharatna Dal,Cooking Essentials,8000,5022.72,500,False,344,3
408,Saffola 100% Pure Honey,Cooking Essentials,47500,26227.96,1000,False,206,3
409,Popular Essentials Tamarind,Cooking Essentials,15000,10966.15,500,False,234,3
410,Gits Rice Dosa Instant Breakfast Mix,Cooking Essentials,6000,3409.54,200,False,208,3
411,Popular Essentials Poppy Seeds (Gasagase),Cooking Essentials,28000,17188.16,100,False,327,3
412,Hershey's Hot Chocolate Powder,Cooking Essentials,21000,15540.26,250,False,204,3
413,Borges Farfalle Durum Wheat Pasta,Cooking Essentials,25000,18503.04,500,False,249,3
414,Satyam Chilli  Bedgi,Cooking Essentials,8200,5450.44,100,False,242,3
415,Aashirvaad Instant Mix - Rice Dosa,Cooking Essentials,7500,5072.76,200,False,343,3
416,Hershey's Cocoa - Natural Unsweetened,Cooking Essentials,27000,17271.61,225,False,309,3
417,Weikfield Veg Jelly Crystals - Mango,Cooking Essentials,4500,2738.89,90,False,329,3
418,Praakritik Orrganic Cold Pressed Sesame Oil,Cooking Essentials,13000,8004.53,100,False,195,3
419,Amulya Dairy Whitener,Cooking Essentials,38000,26011.14,1000,False,325,3
420,ITC Master Chef Hyderabadi Biryani,Cooking Essentials,7500,5253.56,80,False,361,3
421,Flying Bird Butter Scotch Essence,Cooking Essentials,5000,3541.58,20,False,279,3
422,Dabur Hommade - Ginger Paste,Cooking Essentials,5000,3539.62,200,False,209,3
423,Popular Essentials Green Peas (Un-Polished),Cooking Essentials,12000,6818.89,500,False,224,3
424,Quaker Oats Pouch,Cooking Essentials,27600,17909.2,1500,False,198,3
425,24 Mantra Organic Urad White Whole,Cooking Essentials,14500,8141.92,500,False,213,3
426,Popular Essentials Guntur Chilli Stemless,Cooking Essentials,4000,2639.62,100,False,320,3
427,Popular Essentials Moth Whole,Cooking Essentials,9000,5744.75,500,False,350,3
428,Keya Pizza Seasoning,Cooking Essentials,10900,7930.2,45,False,241,3
429,Keya Piri Piri | Exotic Spices Mix,Cooking Essentials,10900,6759.99,80,False,297,3
430,24 Mantra Organic Moong Dal,Cooking Essentials,13500,7741.08,500,False,279,3
431,Betty Crocker French Vanilla Cake Mix,Cooking Essentials,31000,17936.55,520,False,201,3
432,Delight Nuts Dried Cranberries,Cooking Essentials,34000,23878.27,200,False,359,3
433,Everest Kesari Milk Masala,Cooking Essentials,20500,13809.69,50,False,359,3
434,Tong Garden Salted Cocktail Nuts,Cooking Essentials,29500,16821.62,160,False,290,3
435,MTR Uttapam Mix,Cooking Essentials,16500,9352.55,500,False,343,3
436,Gits Khaman Dhokla Instant Snack Mix,Cooking Essentials,6500,4486.26,180,False,252,3
437,Happilo Premium 100% Natural Whole Cashews,Cooking Essentials,33500,18912.51,200,False,326,3
438,Everest Dry Mango Powder,Cooking Essentials,8000,5714.98,100,False,217,3
439,Dabur Hommade - Ginger Garlic Past Tub,Cooking Essentials,11000,7603.73,400,False,249,3
440,Everest Chicken Masala,Cooking Essentials,14700,8324.17,200,False,295,3
441,Gits Medu Vada Instant Snack Mix,Cooking Essentials,9000,5102.71,200,False,258,3
442,Weikfield Drinking Chocolate Powder,Cooking Essentials,6500,4857.63,100,False,364,3
443,Popular Essentials Regular White Lobia,Cooking Essentials,7000,4373.98,500,False,327,3
444,Puro Healthy Salt Crystal,Cooking Essentials,13500,8425.73,1000,False,188,3
445,Popular Essentials Premium Jeera Rice,Cooking Essentials,14000,9975.84,1000,False,211,3
446,Smith & Jones Shahi Paneer Masala Mix,Cooking Essentials,4400,3253.58,60,False,311,3
447,Betty Crocker Mug Treats - Chocolate Mix - Pack of 4,Cooking Essentials,20000,14944.0,264,False,229,3
448,Smith & Jones Pasta Masala,Cooking Essentials,6000,4204.05,108,False,261,3
449,Catch Black Pepper Sprinkler,Cooking Essentials,10000,6252.52,50,False,184,3
450,Weikfield Cooker Cake Mix - Chocolate,Cooking Essentials,9500,5383.65,150,False,327,3
451,ITC Master Chef Butter Chicken,Cooking Essentials,7500,5290.72,80,False,266,3
452,Masala Oats Masala & Coriander,Cooking Essentials,19500,12902.78,500,False,305,3
453,Smith & Jones Mutter Paneer Masala,Cooking Essentials,4200,2666.35,60,False,254,3
454,Kitchens of India Dal Bukhara Gravy Mix,Cooking Essentials,11000,8043.98,285,False,344,3
455,Popular Essentials Fried Gram (Bengal Gram),Cooking Essentials,7000,4005.68,500,False,201,3
456,Gits Jalebi with Maker Dessert Mix,Cooking Essentials,7500,4863.94,100,False,365,3
457,Popular Essentials Soya Beans,Cooking Essentials,8000,4418.17,500,False,247,3
458,24 Mantra Organic Roasted Bengal Gram Dal,Cooking Essentials,10500,6759.19,500,False,223,3
459,Keya Italian Seasoning,Cooking Essentials,10900,6117.74,35,False,213,3
460,MTR Idli/Dosa/Chilly Chutney Powder,Cooking Essentials,11500,6598.28,200,False,256,3
461,Delight Nuts Trail Mix,Cooking Essentials,39900,22882.86,200,False,221,3
462,Praakritik Organic Chilka Moong Dal,Cooking Essentials,12000,8158.1,500,False,316,3
463,Smith & Jones Garlic & Herbs Masala Mix,Cooking Essentials,9900,6922.17,75,False,285,3
464,Eastern Tamarind,Cooking Essentials,6300,4200.04,200,False,274,3
465,Tong Garden Wasabi Coated Greenpeas Tin,Cooking Essentials,20000,14848.69,180,False,314,3
466,Flying Bird Pineapple Artifical Food Essence,Cooking Essentials,5000,3124.87,20,False,247,3
467,Japanese Choice Udon Noodles,Cooking Essentials,29500,17910.7,250,False,326,3
468,Pantai Coconut Milk,Cooking Essentials,15000,10855.8,400,False,338,3
469,Praakritik Organic Masoor Dal,Cooking Essentials,13000,7731.35,500,False,307,3
470,Popular Essentials Classic Sona Masuri Rice,Cooking Essentials,43000,31933.71,5000,False,342,3
471,Popular Essentials Salted Murmure,Cooking Essentials,7000,3867.02,400,False,364,3
472,Oleev Active Oil (Pouch),Cooking Essentials,26500,19715.36,1000,False,264,3
473,Delight Nuts Dried Blueberries,Cooking Essentials,54000,30166.13,150,False,338,3
474,Popular Essentials Double Beans White,Cooking Essentials,6000,4369.37,250,False,262,3
475,Delight Nuts Almond Natural,Cooking Essentials,34900,22878.35,200,False,274,3
476,Praakritik Organic Jaggery,Cooking Essentials,16000,11977.49,900,False,360,3
477,Praakritik Organic Raw Sugar,Cooking Essentials,9000,5082.83,500,False,211,3
478,MTR Masala - Sambar Powder,Cooking Essentials,11500,7598.86,200,False,245,3
479,RRO Til Dil Premium Til Oil Bottle,Cooking Essentials,17300,12868.79,500,False,295,3
480,ITC Master Chef Vegetable Biryani Cooking Paste,Cooking Essentials,7500,4909.65,80,False,317,3
481,Jivana Jaggery,Cooking Essentials,10000,6758.8,950,False,309,3
482,Praakritik Organic Besan,Cooking Essentials,17000,11715.55,500,False,239,3
483,MTR Instant Gulab Jamun Mix,Cooking Essentials,19500,12497.71,500,False,196,3
484,Maggi Magic Cubes Extra Chicken,Cooking Essentials,19900,13442.68,240,False,275,3
485,On1y Mixed Herbs,Cooking Essentials,9900,6601.94,14,False,323,3
486,Popular Essentials Urad Gola Black (Un-Polished),Cooking Essentials,8000,5841.85,500,False,195,3
487,Gits Dessert Mix China Grass Bombay Halwa,Cooking Essentials,5500,3074.99,80,False,225,3
488,Praakritik Organic Basmati Rice,Cooking Essentials,17000,10305.27,500,False,346,3
489,Ceres Foods Nalli Nihari Instant Liquid Masala,Cooking Essentials,22000,16281.81,200,False,338,3
490,Borges Canola Oil Pet Bottle,Cooking Essentials,39900,29049.3,1000,False,286,3
491,Suhana Biryani Masala,Cooking Essentials,6600,4231.47,50,False,267,3
492,On1y Black Salt Grinder,Cooking Essentials,9900,6672.86,100,False,308,3
493,Popular Essentials Nylon Til,Cooking Essentials,4000,2421.9,100,False,318,3
494,Pillsbury Rich Choco Oven Cake Mix - Egg Free,Cooking Essentials,17000,9989.61,270,False,298,3
495,Weikfield Tomato Salsa Instant Pasta,Cooking Essentials,2500,1606.85,77,False,264,3
496,Praakritik Organic Jowar Atta,Cooking Essentials,11000,6827.37,500,False,183,3
497,Sugarfree Gold Low Calorie Sweetner,Cooking Essentials,27000,18001.74,50,False,250,3
498,Epicurea Thai Jasmine Rice,Cooking Essentials,29500,16683.63,500,False,333,3
499,Yummiez Chicken Garlic Fingers Pouch,Cooking Essentials,25000,18621.97,400,False,290,3
500,RRO Primio Refined Groundnut (Jar),Cooking Essentials,49000,36614.87,2000,False,229,3
501,Praakritik Organic Tuvar Dal,Cooking Essentials,14000,9654.85,500,False,319,3
502,Sugarfree Gold Low Calorie Sweetner,Cooking Essentials,18500,12158.56,300,False,274,3
503,Cantina Beans Mexican Beans,Cooking Essentials,25000,15297.64,410,False,271,3
504,Pillsbury Oven Cake Mix - Vanilla,Cooking Essentials,17500,12473.28,225,False,244,3
505,Hershey's Chocolate Milk Booster,Cooking Essentials,20000,13738.92,450,False,226,3
506,Popular Essentials Byadagi Chilli Stemless,Cooking Essentials,8000,4660.19,100,False,360,3
507,Suhana Spice Mix - Chicken Biryani,Cooking Essentials,6600,4832.42,50,False,285,3
508,Praakritik Organic Yellow Moon Dal,Cooking Essentials,13500,9645.85,500,False,309,3
509,24 Mantra Sona Masuri Brown Rice,Cooking Essentials,47500,35148.1,5000,False,285,3
510,24 Mantra Organic Pancharatna Dal - Split,Cooking Essentials,13000,9036.87,500,False,203,3
511,24 Mantra Organic Cumin Powder,Cooking Essentials,7000,4708.78,100,False,183,3
512,Popular Essentials Samba Broken Wheat,Cooking Essentials,10000,6336.49,500,False,287,3
513,Betty Crocker Chocolate Fudge Cake Mix,Cooking Essentials,29500,21728.1,475,False,198,3
514,Borges Extra Light Olive Oil Bottle,Cooking Essentials,260000,188035.32,2000,False,333,3
515,Flying Bird Premium Orange Artificial Food Essence,Cooking Essentials,6000,3354.26,20,False,219,3
516,Popular Essentials Red Cherry/Gundu Chilli,Cooking Essentials,9500,5275.1,100,False,229,3
517,Super Saver Kolam Rice Sortex Clean,Cooking Essentials,70000,43770.49,5000,False,350,3
518,Flying Bird Food Essence - Kewra,Cooking Essentials,5000,3560.55,20,False,254,3
519,MTR Vada Breakfast,Cooking Essentials,20000,14949.1,500,False,191,3
520,On1y Pasta Seasoning,Cooking Essentials,9900,5742.83,30,False,206,3
521,Praakritik Organic Indrayani Rice,Cooking Essentials,7000,4681.78,500,False,292,3
522,On1y Pizza Seasoning,Cooking Essentials,9900,6199.16,28,False,361,3
523,Kitchens of India Mutter Paneer Mix,Cooking Essentials,12000,8927.79,285,False,228,3
524,Aashirvaad Svasti Cow Ghee Tetra Pack,Cooking Essentials,29500,21193.5,500,False,323,3
525,Weikfield Cooker Cake Mix - Vanilla,Cooking Essentials,9500,6817.82,150,False,309,3
526,Praakritik Organic Kapli Wheat Atta,Cooking Essentials,16500,10621.69,1000,False,239,3
527,Epicurea Sushi Rice,Cooking Essentials,29500,18672.44,500,False,361,3
528,Sugarfree Natural Green Stevia Leaves Zero Calorie,Cooking Essentials,7500,4535.11,100,False,209,3
529,Smith & Jones Italian Spices Masala Mix,Cooking Essentials,9900,5556.62,75,False,263,3
530,Satyam Nighties Spices  Chilli Bore,Cooking Essentials,8900,6434.21,100,False,345,3
531,Weikfield Veg Jelly Crystals - Orange,Cooking Essentials,4500,3206.61,90,False,207,3
532,Praakritik Organic Jumbo Rolled Oats,Cooking Essentials,19000,14248.93,500,False,204,3
533,On1y Sea Salt Grinder,Cooking Essentials,8900,6669.01,100,False,275,3
534,Delight Nuts Berries Mix,Cooking Essentials,39900,26377.35,200,False,304,3
535,Praakritik Organic Ginger Powder,Cooking Essentials,13900,9782.79,100,False,189,3
536,Suhana Mutton Gravy Mix,Cooking Essentials,4500,3325.29,80,False,221,3
537,On1y Salad Seasoning Grinder,Cooking Essentials,13900,10007.02,45,False,219,3
538,Figaro Pure Olive Oil,Cooking Essentials,32500,19482.76,200,False,256,3
539,Madhur Sugar,Cooking Essentials,6000,3840.65,1000,False,284,3
540,Amul Fresh Cream,Cooking Essentials,6300,3627.74,250,False,297,3
541,Madhur Pure And Hygienic Sugar,Cooking Essentials,29500,21853.9,5000,False,221,3
542,Satyam Poha Jada,Cooking Essentials,3500,2349.32,500,False,226,3
543,Aashirvaad Superior MP Whole Wheat Atta,Cooking Essentials,5300,3157.36,1000,False,344,3
544,Fortune Soyabean Oil,Cooking Essentials,21000,14371.14,1000,False,201,3
545,Maggi Masala Ae Magic,Cooking Essentials,5800,3907.03,72,False,364,3
546,Aashirvaad Iodised Salt,Cooking Essentials,2200,1367.59,1000,False,286,3
547,Maggi 2-Minute Instant Noodles - Masala,Cooking Essentials,4400,2519.93,280,False,206,3
548,Popular Essentials Phool Makhana (Jumbo Size),Cooking Essentials,15000,10264.72,100,False,220,3
549,Aashirvaad Atta With Mutigrains,Cooking Essentials,31500,20602.94,5000,False,259,3
550,Tata Sampann Poha,Cooking Essentials,4400,3099.64,500,False,341,3
551,Fortune Besan Flour,Cooking Essentials,12000,7848.39,1000,False,339,3
552,Popular Essentials Toor Dal (Un-Polished),Cooking Essentials,8000,5763.49,500,False,268,3
553,Everest Tikhalal Hot & Red Chilly Powder,Cooking Essentials,4700,3103.79,100,False,245,3
554,Popular Essentials Chia Seeds,Cooking Essentials,5000,3310.94,100,False,191,3
555,Tata Sampann Unpolished Toor Dal/Arhar Dal,Cooking Essentials,17900,12983.42,1000,False,347,3
556,Everest Coriander Powder,Cooking Essentials,3200,2018.23,100,False,252,3
557,Satyam Thin Poha Patla,Cooking Essentials,3800,2191.85,500,False,255,3
558,Popular Essentials Sona Masouri Raw Rice,Cooking Essentials,7500,4168.17,1000,False,269,3
559,Tata Sampann High Protien Chana Dal - Split,Cooking Essentials,6400,4486.58,500,False,189,3
560,Satyam Singdana,Cooking Essentials,11900,8021.34,500,False,275,3
561,Tata Sampann Moong Chilka,Cooking Essentials,8800,6079.18,500,False,355,3
562,Tata Sampann High Protien Toor Dal - Split,Cooking Essentials,9100,5392.59,500,False,199,3
563,Ching's Chow Mein Hakka Noodles Masala,Cooking Essentials,1000,577.27,20,False,218,3
564,Everest Chat Masala,Cooking Essentials,6500,3593.91,100,False,239,3
565,Popular Essentials Black Brown Chana (Un-Polished),Cooking Essentials,5500,3410.65,500,False,245,3
566,Dabur Ginger Garlic Paste,Cooking Essentials,5000,3339.92,200,False,244,3
567,Ching's Secret Veg Hakka Noodles,Cooking Essentials,10700,6724.4,600,False,358,3
568,Saffola Oats 100 % Natural,Cooking Essentials,1500,956.24,38,False,303,3
569,Everest Kashmiri Lal Chilli Powder,Cooking Essentials,31000,22655.78,500,False,343,3
570,Popular Essentials Black Raisins Seedless,Cooking Essentials,6000,3717.91,100,False,331,3
571,Daawat Rozana Super Basmati Rice,Cooking Essentials,7900,5157.1,1000,False,334,3
572,Everest Cumin Powder (Jeera),Cooking Essentials,3000,2120.19,50,False,309,3
573,Everest Sambhar Masala,Cooking Essentials,3400,2139.65,50,False,338,3
574,Maggi Chilly Chow Cuppa Noodles,Cooking Essentials,5000,3372.09,70,False,236,3
575,Popular Essentials Mustard Seeds Rai Big,Cooking Essentials,2000,1444.95,100,False,257,3
576,Patanjali Cow's Ghee,Cooking Essentials,56500,41804.58,1000,False,208,3
577,Everest Amchur Powder,Cooking Essentials,4200,2433.54,50,False,194,3
578,Daawat Super Basmati Rice,Cooking Essentials,18500,13603.37,1000,False,191,3
579,Popular Essentials Sabudana,Cooking Essentials,6000,3890.54,500,False,280,3
580,Popular Essentials Brown Sugar,Cooking Essentials,4000,2406.6,500,False,335,3
581,Everest Coriander Powder,Cooking Essentials,7000,4492.79,200,False,263,3
582,Sunfeast Yippee! Magic Masala Noodles,Cooking Essentials,4800,3580.83,240,False,304,3
583,Tata Tea Gold,Cooking Essentials,3500,2269.83,100,False,282,3
584,Daawat Rozana Gold Basmati Rice,Cooking Essentials,9000,5541.75,1000,False,203,3
585,Top Ramen Masala,Cooking Essentials,9100,6157.79,560,False,328,3
586,Everest Turmeric Powder,Cooking Essentials,6700,4006.8,200,False,317,3
587,Popular Essentials Buckwheat Flour (Kuttu Atta),Cooking Essentials,12500,7064.66,500,False,289,3
588,Keya Italian Pizza Oregano,Cooking Essentials,10900,6275.96,80,False,257,3
589,Chef's Basket Durum Wheat Penne Pasta,Cooking Essentials,16000,9209.75,500,False,280,3
590,Tata Sampann Kala Chana,Cooking Essentials,12500,7254.76,1000,False,325,3
591,India Gate Basmati Rice,Cooking Essentials,21000,12133.07,1000,False,321,3
592,24 Mantra Organic Whole Wheat Atta,Cooking Essentials,6400,4340.32,1000,False,341,3
593,Zorabian Chicken Kheema Parathas,Cooking Essentials,19000,11141.14,300,False,307,3
594,Sunfeast Pasta Treat Pack of Tomato Cheese,Cooking Essentials,2800,1733.57,65,False,237,3
595,Sugarlite 50% Less Calories Sugar Pouch,Cooking Essentials,9900,7220.64,500,False,255,3
596,Popular Essentials Sabja/Basil Seeds,Cooking Essentials,6000,3868.75,100,False,329,3
597,Patanjali Pure Honey,Cooking Essentials,9500,6493.36,250,False,215,3
598,Weikfield Falooda Mix - Mango,Cooking Essentials,4900,2863.87,200,False,352,3
599,Pro Nature Organic Sonamasoori Brown Rice,Cooking Essentials,10200,6002.27,1000,False,343,3
600,Maggi Special Masala Spicy Yummy Noodles,Cooking Essentials,7200,4018.85,280,False,201,3
601,Godrej Yummiez Chicken Breakfast Salami,Cooking Essentials,15000,8756.81,250,False,306,3
602,Everest Saffron Kesar,Cooking Essentials,12000,7268.62,1,False,259,3
603,Maggi 2 Minute Masala Noodles,Munchies,1200,702.48,70,False,150,6
604,iD Idli & Dosa Batter,Munchies,8000,4541.92,1000,False,145,6
605,Tata Salt,Munchies,2400,1377.91,1000,False,178,6
606,Arden Eggs White,Munchies,9700,6228.91,696,False,122,6
607,Arden Eggs White,Munchies,6500,3843.23,348,False,134,6
608,Fortune Sunlite Refined Sunflower (Pouch),Munchies,23000,14325.64,1000,False,125,6
609,Aashirvaad Superior MP Atta,Munchies,25000,16267.09,5000,False,109,6
610,Amul Pure Ghee (Pouch),Munchies,25500,17546.01,500,False,107,6
611,Arden Eggs Brown,Munchies,8500,4741.83,348,False,127,6
612,Tata Salt Lite,Munchies,4000,2839.53,1000,False,156,6
613,Saffola Gold Oil (Pouch),Munchies,21500,14524.97,1000,False,112,6
614,Fortune Sunlite Refined Sunflower (Jar),Munchies,92500,52387.54,5000,False,105,6
615,Fortune Rice Bran (Pouch),Munchies,22500,16306.1,1000,False,148,6
616,Saffola Active Oil,Munchies,21000,15417.66,1000,False,158,6
617,Amul Pure Ghee (Pouch),Munchies,50500,28391.89,1000,False,157,6
618,Aashirvaad Atta,Munchies,46000,27847.27,10000,False,110,6
619,Popular Essentials Toor Dal (Un-Polished),Munchies,16000,11379.84,1000,False,167,6
620,Amul Ghee (Tin),Munchies,52000,36381.9,1000,False,167,6
621,Amul Fresh Cream,Munchies,19700,11562.01,1000,False,159,6
622,Popular Essentials Pure Jaggery,Munchies,5000,2959.35,450,False,101,6
623,Aashirvaad Multigrain Atta,Munchies,6400,3994.2,1000,False,105,6
624,Fortune Soyabean Oil,Munchies,100500,65013.91,5000,False,170,6
625,Popular Essentials Sunflower Seeds,Munchies,2500,1684.13,50,False,176,6
626,Tata Sampann kabuli chana,Munchies,18500,11539.98,1000,False,103,6
627,Dhara Groundnut Oil (Pouch),Munchies,23000,14777.66,1000,False,150,6
628,Dhara Health Refined Sun Flower Oil Jar,Munchies,120000,83939.3,5000,False,160,6
629,24 Mantra Organic Jaggery Powder,Munchies,8000,4458.69,500,False,135,6
630,Tata Sampann High Protien Kabuli Chana,Munchies,9400,5644.58,500,False,121,6
631,Dhara Kachi Ghani Mustard Oil Jar,Munchies,125000,86583.74,5000,False,104,6
632,D'lecta Dairy Cream,Munchies,5400,3936.82,200,False,133,6
633,Ching's Secret Instant Hot Garlic Noodles,Munchies,1500,978.5,60,False,106,6
634,Dabur Ginger Garlic Paste,Munchies,2500,1641.06,100,False,130,6
635,Ching's Secret Instant Schezwan Noodles,Munchies,1500,857.15,60,False,143,6
636,Gowardhan Ghee/Tuppa Jar,Munchies,31500,20143.7,500,False,133,6
637,Tata Sampann Unpolished Moong Dal,Munchies,9200,6040.02,500,False,94,6
638,Aashirvaad Select Atta,Munchies,6400,3830.36,1000,False,116,6
639,Popular Essentials Misri Dana (Diamond Sugar),Munchies,1500,905.77,100,False,176,6
640,Gowardhan Ghee Jar,Munchies,59800,37402.32,1000,False,167,6
641,Top Ramen  Noodles Curry Veg Pouch,Munchies,2000,1108.03,70,False,168,6
642,Popular Essentials Refined Sugar,Munchies,6000,3686.49,1000,False,132,6
643,Fortune Kachi Ghani Mustard Oil Bottle,Munchies,21600,12793.46,1000,False,120,6
644,Saffola Veggie Twist Masala Oats,Munchies,1500,923.25,38,False,106,6
645,Satyam Puffed Rice Kurmura (R),Munchies,2300,1320.09,200,False,172,6
646,Quaker Oats,Munchies,7900,5752.03,400,False,143,6
647,Aashirvaad Select Sharbati Atta,Munchies,31500,21064.63,5000,False,151,6
648,Popular Essentials Refined Sugar,Munchies,29500,20231.7,5000,False,176,6
649,Gowardhan Cow Ghee Pouch,Munchies,57900,40983.6,1000,False,121,6
650,Dhara Nourish Refined Sunflower Oil Pouch,Munchies,21000,13643.46,1000,False,129,6
651,Parachute Oil,Munchies,4000,2269.54,100,False,102,6
652,Popular Essentials Plain Puffed Rice (Murmura/Muri),Munchies,1800,1183.36,100,False,173,6
653,Amul Mithai Mate Condensed Sweetened Milk,Munchies,5600,3737.26,200,False,124,6
654,Saffola Gold (Jar),Munchies,124000,86686.9,5000,False,94,6
655,McCain New Mini Samosa with Cheese Pizza Style Filling,Munchies,12000,7635.98,240,False,162,6
656,Fortune Rice Bran Health Oil (Jar),Munchies,105000,60429.19,5000,False,118,6
657,Arden Desi Eggs,Munchies,11000,6674.31,348,False,159,6
658,Fortune Rozana Basmati Rice,Munchies,58500,36423.06,5000,False,114,6
659,Fortune Biriyani Special Basmati Rice,Munchies,17500,11885.71,1000,False,111,6
660,Everest Garam Masala,Munchies,7800,5180.41,100,False,155,6
661,Popular Essentials Pumpkin Seeds,Munchies,9000,5590.97,100,False,134,6
662,Fortune Soya Health Refined Soybean Oil,Munchies,21000,15693.36,1000,False,158,6
663,Gowardhan Pure Ghee Pouch,Munchies,29500,19799.07,500,False,180,6
664,Popular Essentials Jeera/Cumin Seeds,Munchies,4000,2389.78,100,False,178,6
665,Weikfield Baking Soda,Munchies,3000,1711.07,100,False,161,6
666,Everest Pav Bhaji Masala,Munchies,3700,2148.12,50,False,90,6
667,Tata Sampann Unpolished Chana Dal,Munchies,9500,5692.32,1000,False,173,6
668,Amul Mithai Mate EOE Tin,Munchies,11200,6519.93,400,False,133,6
669,Pillsbury Chakki Fresh Atta,Munchies,45000,26429.1,10000,False,176,6
670,Everest Chicken Masala,Munchies,3900,2367.37,50,False,164,6
671,Dhara Life Refined Ricebran Oil (Pouch),Munchies,20500,11985.83,1000,False,128,6
672,Borges Extra Virgin Olive Oil,Munchies,40000,29174.12,250,False,143,6
673,Everest Shahi Biryani Masala,Munchies,7000,3962.33,50,False,177,6
674,Popular Essentials Californian Almond,Munchies,35000,22921.58,250,False,164,6
675,Popular Essentials Ajwain Whole,Munchies,2500,1580.2,50,False,118,6
676,Everest Tikhalal Chilli Powder,Munchies,23500,17542.18,500,False,143,6
677,Popular Essentials Kabuli Chana Regular,Munchies,8500,4865.47,500,False,179,6
678,Pillsbury Chakki Fresh Atta,Munchies,5200,3273.77,1000,False,105,6
679,Popular Essentials Saunf/Fennel Seeds,Munchies,4500,3347.52,100,False,109,6
680,Popular Essentials Bansi Sooji,Munchies,3500,2530.85,500,False,135,6
681,Happilo Premium International Queen Kalmi Dates,Munchies,24500,17478.65,200,False,156,6
682,Tata Sampann Unpolished Urad Whole,Munchies,10100,6075.96,500,False,154,6
683,Popular Essentials Cashew Split,Munchies,32500,18985.77,250,False,147,6
684,Popular Essentials Chana Dal (Un-Polished),Munchies,6000,4102.37,500,False,142,6
685,Tata Sampann Unpolished Rajma (Chitra),Munchies,13400,9860.73,500,False,90,6
686,Everest Garam Masala,Munchies,4200,2777.68,50,False,170,6
687,Everest Kitchen King Masala,Munchies,7000,4650.26,100,False,155,6
688,24 Mantra Organic Cumin,Munchies,7000,4241.97,100,False,118,6
689,Nestle Milkmaid,Munchies,13200,9291.46,400,False,173,6
690,Popular Essentials Sona Masouri Steam Rice,Munchies,6500,3818.16,1000,False,159,6
691,24 Mantra Organic Tur Dal,Munchies,26000,15983.13,1000,False,97,6
692,Gits Gulab Jamun Instant Dessert Mix,Munchies,9900,6287.36,200,False,118,6
693,Popular Essentials Black Masoor Whole (Un-Polished),Munchies,6500,4234.89,500,False,140,6
694,24 Mantra Organic Peanuts,Munchies,13500,8079.51,500,False,122,6
695,Everest Hingraj Powder,Munchies,9000,5156.71,50,False,92,6
696,Everest Black Pepper Powder,Munchies,13500,9073.67,100,False,149,6
697,Tata Sampann Masoor Dal Stand,Munchies,15000,9115.89,1000,False,124,6
698,24 Mantra Organic Besan,Munchies,9500,6329.35,500,False,158,6
699,Quaker Oats,Munchies,19900,11559.36,1000,False,180,6
700,Saffola Gold Refined Cooking Oil (Jar),Munchies,48500,31342.06,2000,False,165,6
701,Nestle Everyday Dairy Whitener,Munchies,21000,13786.88,400,False,173,6
702,24 Mantra Organic Red Poha,Munchies,7500,4202.74,500,False,109,6
703,Everest Powder - Tea Masala,Munchies,9800,6049.74,100,False,162,6
704,Tata Sampann Urad Dal Split,Munchies,9400,5422.7,500,False,128,6
705,Popular Essentials Idli Sooji,Munchies,3000,1688.02,500,False,93,6
706,Popular Essentials Dessicated Coconut,Munchies,9500,7105.92,200,False,108,6
707,Sunfeast Yippee! Mood Masala Noodles,Munchies,6000,3686.82,260,False,180,6
708,Chef's Basket Durum Wheat Elbow Pasta,Munchies,16000,11391.6,500,False,134,6
709,MTR Breakfast Khatta Meetha Poha Mix,Munchies,2500,1502.32,60,False,132,6
710,Satyam Khobra,Munchies,11300,7755.2,200,False,102,6
711,Betty Crocker Complete Pancake Mix Original,Munchies,11000,7722.5,250,False,102,6
712,Borges Durum Wheat Fusilli Pasta,Munchies,25000,16728.19,500,False,149,6
713,24 Mantra Organic Green Moong Dal - Split,Munchies,13500,8698.26,500,False,146,6
714,Weikfield Vanilla Flavoured Custard Powder,Munchies,3700,2339.76,100,False,175,6
715,Tata Sampann Moong Dal Split,Munchies,18000,11155.93,1000,False,141,6
716,Tata Sampann Kala Chana,Munchies,6400,4709.8,500,False,142,6
717,Saffola Soya Chunks Mealmaker,Munchies,5000,3580.62,200,False,175,6
718,24 Mantra Bura Sugar (Demerara),Munchies,8000,5944.04,500,False,132,6
719,Popular Essentials Green Cardamom (Elaichi),Munchies,20000,11497.19,50,False,172,6
720,Hershey's Syrup Delicious Strawberry,Munchies,9500,6613.65,200,False,161,6
721,Popular Essentials Anjeer,Munchies,19000,14015.69,100,False,161,6
722,Popular Essentials Mustard Seeds Rai Small,Munchies,2000,1172.49,100,False,131,6
723,Weikfield Baking Powder,Munchies,3300,1858.89,100,False,179,6
724,Dabur Honey Squeezy,Munchies,18500,12917.15,225,False,115,6
725,Tata Sampann High Protein Kali Urad,Munchies,9100,6050.54,500,False,112,6
726,Everest Kitchen King Masala,Munchies,3700,2657.95,50,False,132,6
727,Chef's Basket Durum Wheat Fusilli Pasta,Munchies,16000,9247.27,500,False,166,6
728,TilSona Til Oil,Munchies,18000,12762.96,500,False,117,6
729,Top Ramen Chicken Noodles,Munchies,6000,3541.95,280,False,98,6
730,Everest Chaat Masala,Munchies,3500,2039.56,50,False,109,6
731,Keya Wonder Red Hot Chilli Flakes,Munchies,8900,5187.39,40,False,145,6
732,Popular Essentials White Peas (Un-Polished),Munchies,8000,5703.32,500,False,172,6
733,Chings Secret Chowmein Hakka Noodles Masala,Munchies,4400,3005.37,60,False,128,6
734,Dhara Filtered Groundnut Oil (Jar),Munchies,105000,68734.37,5000,False,140,6
735,Pillsbury Choco Chip Pancake Mix,Munchies,9900,6155.48,165,False,101,6
736,Hershey's Caramel Syrup,Munchies,23000,16685.12,623,False,168,6
737,Pillsbury Multi Grain Atta,Munchies,6000,3770.93,1000,False,144,6
738,McCain New Mini Samosa with Cheese Corn Style Filling,Munchies,12000,8559.84,240,False,167,6
739,Satyam Puffed Rice Kurmura (A),Munchies,4300,2742.66,200,False,100,6
740,MTR 3 Min Poha,Munchies,2500,1563.47,60,False,115,6
741,Ching's Manchurian Instant Noodles,Munchies,1500,963.8,60,False,131,6
742,Everest Pav Bhaji Masala,Munchies,7000,4271.93,100,False,116,6
743,Hershey's Chocolate Flavour Syrup,Munchies,22000,15389.48,623,False,100,6
744,Popular Essentials Dhania (Coriander Seeds),Munchies,5500,3577.99,200,False,127,6
745,24 Mantra Red Chilly Whole,Munchies,7000,4175.1,100,False,132,6
746,Dabur Honey - World's No.1,Munchies,12000,8758.98,250,False,108,6
747,24 Mantra Organic Puffed Rice,Munchies,4000,2507.11,200,False,153,6
748,24 Mantra Organic Wheat Daliya,Munchies,4800,3161.81,500,False,95,6
749,24 Mantra Organic Ragi Flour,Munchies,6500,4753.41,500,False,135,6
750,Popular Essentials Cinnamon Whole (Dalchini),Munchies,3500,2361.97,25,False,131,6
751,Sundrop Super Lite Advanced - Sunflower Oil,Munchies,21500,12327.66,1000,False,154,6
752,Pillsbury Atta/Godihittu - Chakki Fresh,Munchies,10200,7527.26,2000,False,161,6
753,Popular Essentials Green Moong Chilka/Chilka (Un-Polished),Munchies,8500,5742.1,500,False,148,6
754,Popular Essentials HMT Kolam Steam,Munchies,7500,4627.36,1000,False,141,6
755,Popular Essentials Black Urad Split,Munchies,8000,4622.84,500,False,136,6
756,Keya Oregano,Munchies,10900,7725.97,9,False,96,6
757,Popular Essentials Pink Rajma,Munchies,10000,6740.15,500,False,100,6
758,Everest Chicken Masala,Munchies,7400,4859.52,100,False,150,6
759,Popular Essentials HMT Kolam Steam,Munchies,37000,26964.81,5000,False,157,6
760,Everest Shahi Paneer Masala,Munchies,4200,2972.42,50,False,114,6
761,Godrej Yummiez Chicken Nuggets,Munchies,32500,18860.89,500,False,101,6
762,Flying Bird Vanilla Essence,Munchies,3500,2143.21,20,False,115,6
763,Everest Sabji Masala,Munchies,3000,1799.09,50,False,101,6
764,Popular Essentials Californian Almond,Munchies,69500,48565.85,500,False,132,6
765,Cornitos Cornitos Taco Shells - 4 Inches,Munchies,11000,6123.77,80,False,140,6
766,Everest Rajma Masala,Munchies,3300,2191.13,50,False,126,6
767,Popular Essentials White Til,Munchies,4000,2809.97,100,False,135,6
768,Amul Dark Compound Chocolate Slab,Munchies,12500,9066.91,500,False,142,6
769,Mothers Recipe Papad Chana Masala,Munchies,7900,4885.49,200,False,177,6
770,Ching's Schezwan Masala Instant Noodles,Munchies,6000,4285.51,240,False,169,6
771,Amul Milk Compound Chocolate Slab,Munchies,11000,6293.39,500,False,102,6
772,Eastern Chicken Masala,Munchies,7000,5035.03,100,False,178,6
773,Popular Essentials Methi Seeds,Munchies,2500,1438.74,100,False,143,6
774,Saffola Yummy Masala Noodles,Munchies,2000,1258.91,46,False,146,6
775,Cadbury Hot Chocolate,Munchies,17500,12415.53,200,False,93,6
776,Ching's Chicken Chilli Masala,Munchies,1000,579.98,20,False,164,6
777,Dabur Keora water - Authentic flavour for Biryani's and Desserts,Munchies,6200,3694.27,250,False,138,6
778,Popular Essentials Black Cardamom/Elaichi,Munchies,10000,6944.51,50,False,96,6
779,Popular Essentials Idli Rice,Munchies,6000,4164.04,1000,False,100,6
780,Everest Chole Masala,Munchies,3300,2238.16,50,False,143,6
781,Dabur Hommade Tamarind Paste,Munchies,4800,3306.19,200,False,176,6
782,"""Maggi Magic Cubes, Vegetarian Masala (Free 2 Cubes Inside)""",Munchies,3500,2304.91,48,False,134,6
783,Popular Essentials Cooking Soda,Munchies,3000,1801.08,200,False,112,6
784,RRO Primio Refined Groundnut Oil Pet Bottle,Munchies,25500,15788.05,1000,False,117,6
785,Everest Pani Puri Masala,Munchies,3100,1817.59,50,False,146,6
786,Nissin Cup Noodles Tangy Tomato,Munchies,5000,3658.45,70,False,115,6
787,Ching's Veg Manchurian Masala,Munchies,1000,666.68,20,False,114,6
788,Ceres Foods Fish Mustard Instant Liquid Masala,Munchies,22000,13863.75,200,False,143,6
789,Everest Garam Masala,Munchies,15800,10149.94,200,False,118,6
790,24 Mantra Organic Jowar Flour,Munchies,7000,5176.2,500,False,172,6
791,Maggi Coconut Milkpowder,Munchies,10000,5806.7,100,False,125,6
792,On1y Pepper Grinder,Munchies,15900,10609.21,50,False,103,6
793,Popular Essentials Rice Flour,Munchies,6000,3907.07,1000,False,167,6
794,Sunfeast Yippee! Pasta Treat - Sour Cream Onion,Munchies,2800,1882.41,65,False,124,6
795,24 Mantra Organic Brown Sona Masoori Rice,Munchies,9500,5259.41,1000,False,119,6
796,Happilo Premium Afghani Anjeer,Munchies,36500,26441.5,200,False,106,6
797,Popular Essentials Chiroti Sooji,Munchies,3500,2577.48,500,False,156,6
798,RRO Til Dil Premium Til Oil Bottle,Munchies,33000,21879.88,1000,False,169,6
799,Popular Essentials Red Rajma,Munchies,9000,6203.97,500,False,119,6
800,Cornitos Peanut - Premium Salted,Munchies,12000,8814.0,150,False,134,6
801,Popular Essentials Black Pepper,Munchies,10000,6914.48,100,False,168,6
802,24 Mantra Organic Tur Dal - Split,Munchies,13000,7546.6,500,False,178,6
803,Sugarfree Gold Low Calorie Sweetner,Munchies,6500,4324.17,110,False,140,6
804,Ching's Secret Paneer Chilli Masala,Munchies,1000,671.34,20,False,136,6
805,Dabur Honey,Munchies,22000,13966.17,500,False,142,6
806,Everest Tea Masala,Munchies,5500,3835.09,50,False,153,6
807,Ching's Paneer Chilli Masala,Munchies,4400,3242.24,60,False,127,6
808,Sunfeast YiPPee! Magic Masala Noodles,Munchies,7000,5145.8,405,False,153,6
809,Everest Meat Masala Powder,Munchies,7400,4737.24,100,False,176,6
810,Pillsbury Atta With Multigrains Wheat Grains,Munchies,29500,16893.1,5000,False,178,6
811,Mother's Recipe Tamarind Paste,Munchies,5000,3734.84,200,False,96,6
812,Quaker Oats Breakfast Cereals - With Flavour Mix Nutritious Rich Source Of Energy,Munchies,4900,3517.12,200,False,111,6
813,Popular Essentials Cloves (Lavang),Munchies,7500,4311.99,50,False,170,6
814,Sunfeast Yippee! Power Up Atta Noodles,Munchies,9600,7048.02,280,False,171,6
815,Suhana Paneer Tikka Masala Mix,Munchies,4000,2895.92,50,False,130,6
816,24 Mantra Turmeric Powder,Munchies,3500,2288.19,100,False,163,6
817,24 Mantra Super Grain Quinoa,Munchies,19000,12696.85,500,False,99,6
818,Everest Powder - Egg Curry Masala,Munchies,4000,2519.2,50,False,146,6
819,Popular Essentials Pe Shah Jeera,Munchies,6000,3365.71,50,False,96,6
820,24 Mantra Organic Sattu Atta,Munchies,9500,5861.87,500,False,139,6
821,Smith & Jones Pasta Masala,Munchies,4600,3268.63,54,False,180,6
822,Weikfield Vanilla Custard Powder,Munchies,14200,7823.15,500,False,141,6
823,Sugarfree Natura Low Calorie Sweetner,Munchies,30000,18501.0,42,False,122,6
824,Pillsbury Vanilla Custard Powder,Munchies,3700,2329.64,100,False,90,6
825,24 Mantra Organic Rajma,Munchies,14500,9533.45,500,False,142,6
826,Popular Essentials Broken Wheat/Daliya,Munchies,3500,2568.9,500,False,149,6
827,Zorabian Chicken Smoked Ham,Munchies,20500,12695.02,250,False,123,6
828,Smith & Jones Peri Peri Masala,Munchies,9900,6131.97,75,False,93,6
829,Saffola Veggie Twist Masala Oats,Munchies,19500,13601.25,500,False,106,6
830,Popular Essentials Urad Dal Split (Un-Polished),Munchies,8500,5443.77,500,False,93,6
831,Weikfield Baking Powder,Munchies,2200,1308.83,50,False,132,6
832,Popular Essentials Bajra Whole,Munchies,6500,4163.17,1000,False,179,6
833,Weikfield Veg Jelly Crystals - Strawberry,Munchies,4500,2601.77,90,False,93,6
834,Weikfield Veg Jelly Crystals - Raspberry,Munchies,4500,2633.75,90,False,90,6
835,Popular Essentials Masoor Dal Split (Un-Polished),Munchies,7000,4547.71,500,False,160,6
836,Popular Essentials Ajwain Whole,Munchies,5000,3168.93,100,False,139,6
837,Popular Essentials Pista Salted (With Shell),Munchies,47000,34449.55,250,False,162,6
838,The Bake Shop Bread Crumbs,Munchies,5000,3112.39,400,False,150,6
839,Popular Essentials Horse Gram,Munchies,4000,2664.47,500,False,124,6
840,Hershey's Chocolate Syrup,Munchies,9500,6426.3,200,False,97,6
841,Godrej Yummiez Chilli Chicken Sausages,Munchies,16000,8841.9,250,False,113,6
842,Everest Kasuri Methi,Munchies,2500,1706.77,25,False,172,6
843,Satyam Makhana,Munchies,20800,12180.63,100,False,125,6
844,Everest Tandoori Chicken Masala,Munchies,3900,2894.63,50,False,139,6
845,Weikfield Falooda Mix - Kesar Pista,Munchies,4900,2840.69,200,False,132,6
846,Weikfield Cocoa Powder,Munchies,7000,4430.47,50,False,116,6
847,Pantai Coconut Cream,Munchies,15000,8506.05,400,False,121,6
848,Popular Essentials Coriander Seeds,Munchies,1500,1124.06,50,False,167,6
849,Ching's Singapore Curry Instant Noodles,Munchies,6000,3902.63,240,False,107,6
850,Eastern Fish Masala,Munchies,4800,3211.57,100,False,117,6
851,Pillsbury Atta/Godihittu - Chakki Fresh,Munchies,27500,15493.92,5000,False,118,6
852,"Oleev Smart Oil Fortified with VIT A, D, E & K (Pouch)",Munchies,21500,15049.83,1000,False,105,6
853,Everest Dry Ginger Powder,Munchies,7500,4439.86,100,False,136,6
854,Pillsbury Cooker Cake Mix - Choco,Munchies,10000,7296.11,159,False,148,6
855,Hersheys Chocolate Almond Syrup,Munchies,20000,11820.56,450,False,120,6
856,Satyam Nighties Spices  Chilli Pandi,Munchies,5600,3293.57,100,False,93,6
857,Popular Essentials Popular Essential Pista Salted (With Shell),Munchies,19000,10588.89,100,False,126,6
858,Godrej Yummiez Chicken Punjabi Tikka,Munchies,29500,19010.19,360,False,106,6
859,Popular Essentials Rozana Sona Masuri Raw Rice,Munchies,35000,23203.89,5000,False,128,6
860,24 Mantra Mustard Oil (Cold Pressed),Munchies,35000,19709.96,1000,False,137,6
861,24 Mantra Organic Black Pepper,Munchies,17000,11986.79,100,False,135,6
862,Popular Essentials Green Moong Whole,Munchies,9000,5765.92,500,False,179,6
863,24 Mantra Organic Masoor Dal - Split,Munchies,9500,6221.34,500,False,137,6
864,Praakritik Organic Natural Rock Salt,Munchies,6000,3828.92,500,False,128,6
865,24 Mantra Sunflower Oil (Cold Pressed) Pet Bottle,Munchies,39000,24575.95,1000,False,93,6
866,"Ching's Secret Instant Noodles, Hot Garlic",Munchies,6000,3971.57,240,False,119,6
867,Saffola Everyday Peppy Tomato Masala Oats,Munchies,19500,11330.44,500,False,119,6
868,Dabur 100% Pure Honey - Worlds No.1,Munchies,43000,25214.58,1000,False,111,6
869,Popular Essentials Star Anise,Munchies,7000,5056.5,25,False,164,6
870,Ching's Secret Chicken 65 Masala - Chicken,Munchies,1000,739.22,20,False,155,6
871,Cadbury Cocoa Powder,Munchies,22300,13929.96,150,False,101,6
872,Praakritik Natural Desi Gir Cow A2 Ghee,Munchies,145000,87601.6,540,False,125,6
873,Praakritik Organic Poha,Munchies,12000,8145.6,500,False,107,6
874,Praakritik Organic Natural Wild Forest Honey,Munchies,16000,10107.95,200,False,179,6
875,Popular Essentials Dry Dates (Kharak),Munchies,14000,7771.08,250,False,142,6
876,Popular Essentials Kashmiri Red Rajma,Munchies,9500,5521.69,500,False,160,6
877,Dabur Hommade - Garlic Paste,Munchies,5000,3465.97,200,False,90,6
878,Dabur 100% Pure Honey,Munchies,33000,22498.9,400,False,147,6
879,Ching's Schezwan Fried Rice(Miracle Masala),Munchies,4400,2443.84,60,False,179,6
880,"""Maggi Magic Cubes, Vegetarian Masala""",Munchies,3500,2080.38,40,False,176,6
881,Everest Tandoori Chicken Masala,Munchies,7400,4411.99,100,False,179,6
882,Popular Essentials Red Poha,Munchies,4500,3079.7,500,False,95,6
883,Everest Kitchen King Masala,Munchies,14200,7865.98,200,False,159,6
884,Pillsbury Oven Cake Mix - Rich Chocolate,Munchies,16500,9418.56,285,False,133,6
885,Eastern Super Garam Masala,Munchies,7400,5253.88,200,False,161,6
886,Maggi Magic Cubes Extra Chicken,Munchies,4000,2342.84,48,False,113,6
887,Satyam Nighties Spices  Chilli Kashmiri,Munchies,10200,6941.6,100,False,175,6
888,Eastern Cumin Powder,Munchies,4900,2928.42,100,False,108,6
889,Popular Essentials Urad Gola White(Un-Polished),Munchies,9000,5128.99,500,False,107,6
890,24 Mantra Organic Chana Dal,Munchies,9500,5687.03,500,False,119,6
891,Delight Nuts Cashew Roasted & Salted,Munchies,42500,29514.27,200,False,131,6
892,Popular Essentials Mace/Javitri,Munchies,9000,6490.25,20,False,122,6
893,Dlicia Whip Topping Bottle,Munchies,23500,16827.03,1000,False,163,6
894,Mother's Recipe Paste Ginger & Garlic,Munchies,7600,4783.72,300,False,101,6
895,24 Mantra Groundnut Oil (Cold Pressed) Pet Bottle,Munchies,41000,28028.3,1000,False,116,6
896,Satyam Pulses Masur Dal,Munchies,8700,5141.67,500,False,128,6
897,Delight Nuts Pista Roasted & Salted,Munchies,42500,25866.76,200,False,98,6
898,"Top Ramen Noodles, Atta",Munchies,8000,5834.14,280,False,110,6
899,Hershey's Cocoa Powder,Munchies,9500,5249.7,70,False,165,6
900,Praakritik Organic Singhara Atta,Munchies,24000,13610.44,500,False,118,6
901,Gits Veg Biryani Ready to Eat,Munchies,11000,6507.35,265,False,122,6
902,Delight Nuts Cranberries Sliced,Munchies,29900,16603.66,200,False,151,6
903,Borges Durum Wheat Pasta Superior Quality,Munchies,25000,14657.18,500,False,104,6
904,Ceres Foods Laal Maas Instant Liquid Masala,Munchies,22000,14665.38,200,False,91,6
905,Popular Essentials Sattu Atta,Munchies,9000,5708.56,500,False,141,6
906,Popular Essentials Mustard Seeds Rai Yellow,Munchies,2500,1821.34,100,False,133,6
907,Praakritik Organic Extra Virgin Coconut Oil,Munchies,15000,10702.33,100,False,143,6
908,Praakritik Organic Garlic Powder,Munchies,11000,6802.0,100,False,107,6
909,Sugarfree Gold Low Calorie Sweetner,Munchies,12500,7523.56,100,False,92,6
910,Aashirvaad Breakfast Instant Mix - Rice Idli,Munchies,7500,4694.54,200,False,96,6
911,Kitchens Of India Mutter Paneer,Munchies,13000,8684.77,285,False,132,6
912,Ching's Secret Veg Manchurian Masala,Munchies,4400,2655.9,60,False,171,6
913,Popular Essentials Jowa Flour,Munchies,5000,3374.15,500,False,127,6
914,Everest Shahi Biryani Masala,Munchies,24500,15481.12,200,False,126,6
915,Popular Essentials Black Til,Munchies,5000,3302.05,100,False,147,6
916,Popular Essentials Pancharatna Dal,Munchies,8000,5097.8,500,False,122,6
917,Saffola 100% Pure Honey,Munchies,47500,28922.42,1000,False,148,6
918,Popular Essentials Tamarind,Munchies,15000,11095.36,500,False,100,6
919,Gits Rice Dosa Instant Breakfast Mix,Munchies,6000,4216.33,200,False,157,6
920,Popular Essentials Poppy Seeds (Gasagase),Munchies,28000,16184.63,100,False,171,6
921,Hershey's Hot Chocolate Powder,Munchies,21000,15197.57,250,False,157,6
922,Borges Farfalle Durum Wheat Pasta,Munchies,25000,16187.16,500,False,177,6
923,Satyam Chilli  Bedgi,Munchies,8200,5977.07,100,False,111,6
924,Aashirvaad Instant Mix - Rice Dosa,Munchies,7500,5324.78,200,False,155,6
925,Hershey's Cocoa - Natural Unsweetened,Munchies,27000,17146.15,225,False,133,6
926,Weikfield Veg Jelly Crystals - Mango,Munchies,4500,2495.22,90,False,95,6
927,Praakritik Orrganic Cold Pressed Sesame Oil,Munchies,13000,7848.56,100,False,131,6
928,Amulya Dairy Whitener,Munchies,38000,25016.42,1000,False,114,6
929,ITC Master Chef Hyderabadi Biryani,Munchies,7500,5075.22,80,False,146,6
930,Flying Bird Butter Scotch Essence,Munchies,5000,3007.89,20,False,174,6
931,Dabur Hommade - Ginger Paste,Munchies,5000,2889.36,200,False,144,6
932,Popular Essentials Green Peas (Un-Polished),Munchies,12000,8603.83,500,False,105,6
933,Quaker Oats Pouch,Munchies,27600,20613.9,1500,False,103,6
934,24 Mantra Organic Urad White Whole,Munchies,14500,9499.5,500,False,128,6
935,Popular Essentials Guntur Chilli Stemless,Munchies,4000,2337.34,100,False,117,6
936,Popular Essentials Moth Whole,Munchies,9000,5440.15,500,False,140,6
937,Keya Pizza Seasoning,Munchies,10900,6035.09,45,False,138,6
938,Keya Piri Piri | Exotic Spices Mix,Munchies,10900,7988.17,80,False,98,6
939,24 Mantra Organic Moong Dal,Munchies,13500,7742.93,500,False,147,6
940,Betty Crocker French Vanilla Cake Mix,Munchies,31000,20624.4,520,False,134,6
941,Delight Nuts Dried Cranberries,Munchies,34000,20563.58,200,False,111,6
942,Everest Kesari Milk Masala,Munchies,20500,13547.13,50,False,121,6
943,Tong Garden Salted Cocktail Nuts,Munchies,29500,20068.38,160,False,158,6
944,MTR Uttapam Mix,Munchies,16500,11813.15,500,False,176,6
945,Gits Khaman Dhokla Instant Snack Mix,Munchies,6500,3843.35,180,False,158,6
946,Happilo Premium 100% Natural Whole Cashews,Munchies,33500,18498.67,200,False,131,6
947,Everest Dry Mango Powder,Munchies,8000,4619.02,100,False,142,6
948,Dabur Hommade - Ginger Garlic Past Tub,Munchies,11000,8030.04,400,False,148,6
949,Everest Chicken Masala,Munchies,14700,10654.24,200,False,163,6
950,Gits Medu Vada Instant Snack Mix,Munchies,9000,6025.34,200,False,128,6
951,Weikfield Drinking Chocolate Powder,Munchies,6500,4355.67,100,False,104,6
952,Popular Essentials Regular White Lobia,Munchies,7000,4781.05,500,False,160,6
953,Puro Healthy Salt Crystal,Munchies,13500,7898.5,1000,False,118,6
954,Popular Essentials Premium Jeera Rice,Munchies,14000,10260.35,1000,False,92,6
955,Smith & Jones Shahi Paneer Masala Mix,Munchies,4400,2788.52,60,False,172,6
956,Betty Crocker Mug Treats - Chocolate Mix - Pack of 4,Munchies,20000,12532.55,264,False,99,6
957,Smith & Jones Pasta Masala,Munchies,6000,3922.7,108,False,118,6
958,Catch Black Pepper Sprinkler,Munchies,10000,5593.93,50,False,168,6
959,Weikfield Cooker Cake Mix - Chocolate,Munchies,9500,5540.94,150,False,124,6
960,ITC Master Chef Butter Chicken,Munchies,7500,5232.05,80,False,95,6
961,Masala Oats Masala & Coriander,Munchies,19500,11047.91,500,False,101,6
962,Smith & Jones Mutter Paneer Masala,Munchies,4200,2816.65,60,False,127,6
963,Kitchens of India Dal Bukhara Gravy Mix,Munchies,11000,6589.77,285,False,166,6
964,Popular Essentials Fried Gram (Bengal Gram),Munchies,7000,4395.01,500,False,108,6
965,Gits Jalebi with Maker Dessert Mix,Munchies,7500,4558.04,100,False,156,6
966,Popular Essentials Soya Beans,Munchies,8000,4969.08,500,False,97,6
967,24 Mantra Organic Roasted Bengal Gram Dal,Munchies,10500,7285.0,500,False,97,6
968,Keya Italian Seasoning,Munchies,10900,6642.73,35,False,173,6
969,MTR Idli/Dosa/Chilly Chutney Powder,Munchies,11500,7627.73,200,False,136,6
970,Delight Nuts Trail Mix,Munchies,39900,25743.88,200,False,93,6
971,Praakritik Organic Chilka Moong Dal,Munchies,12000,8192.81,500,False,140,6
972,Smith & Jones Garlic & Herbs Masala Mix,Munchies,9900,7299.92,75,False,174,6
973,Eastern Tamarind,Munchies,6300,4388.04,200,False,156,6
974,Tong Garden Wasabi Coated Greenpeas Tin,Munchies,20000,11859.76,180,False,134,6
975,Flying Bird Pineapple Artifical Food Essence,Munchies,5000,2781.18,20,False,97,6
976,Japanese Choice Udon Noodles,Munchies,29500,17772.36,250,False,176,6
977,Pantai Coconut Milk,Munchies,15000,10035.23,400,False,105,6
978,Praakritik Organic Masoor Dal,Munchies,13000,7283.71,500,False,166,6
979,Popular Essentials Classic Sona Masuri Rice,Munchies,43000,27918.75,5000,False,156,6
980,Popular Essentials Salted Murmure,Munchies,7000,4685.58,400,False,98,6
981,Oleev Active Oil (Pouch),Munchies,26500,16346.49,1000,False,149,6
982,Delight Nuts Dried Blueberries,Munchies,54000,38025.85,150,False,167,6
983,Popular Essentials Double Beans White,Munchies,6000,3427.92,250,False,166,6
984,Delight Nuts Almond Natural,Munchies,34900,19719.46,200,False,160,6
985,Praakritik Organic Jaggery,Munchies,16000,11130.2,900,False,104,6
986,Praakritik Organic Raw Sugar,Munchies,9000,5841.88,500,False,160,6
987,MTR Masala - Sambar Powder,Munchies,11500,7908.33,200,False,130,6
988,RRO Til Dil Premium Til Oil Bottle,Munchies,17300,11019.5,500,False,111,6
989,ITC Master Chef Vegetable Biryani Cooking Paste,Munchies,7500,4494.6,80,False,113,6
990,Jivana Jaggery,Munchies,10000,7138.2,950,False,133,6
991,Praakritik Organic Besan,Munchies,17000,12068.01,500,False,90,6
992,MTR Instant Gulab Jamun Mix,Munchies,19500,13434.32,500,False,99,6
993,Maggi Magic Cubes Extra Chicken,Munchies,19900,12028.14,240,False,169,6
994,On1y Mixed Herbs,Munchies,9900,6613.66,14,False,161,6
995,Popular Essentials Urad Gola Black (Un-Polished),Munchies,8000,4977.56,500,False,145,6
996,Gits Dessert Mix China Grass Bombay Halwa,Munchies,5500,3125.74,80,False,178,6
997,Praakritik Organic Basmati Rice,Munchies,17000,12468.87,500,False,139,6
998,Ceres Foods Nalli Nihari Instant Liquid Masala,Munchies,22000,12702.0,200,False,101,6
999,Borges Canola Oil Pet Bottle,Munchies,39900,29527.89,1000,False,178,6
1000,Suhana Biryani Masala,Munchies,6600,4218.73,50,False,170,6
1001,On1y Black Salt Grinder,Munchies,9900,5811.56,100,False,149,6
1002,Popular Essentials Nylon Til,Munchies,4000,2633.52,100,False,115,6
1003,Pillsbury Rich Choco Oven Cake Mix - Egg Free,Munchies,17000,12318.02,270,False,167,6
1004,Weikfield Tomato Salsa Instant Pasta,Munchies,2500,1741.11,77,False,130,6
1005,Praakritik Organic Jowar Atta,Munchies,11000,7824.43,500,False,125,6
1006,Sugarfree Gold Low Calorie Sweetner,Munchies,27000,18407.43,50,False,112,6
1007,Epicurea Thai Jasmine Rice,Munchies,29500,20309.43,500,False,132,6
1008,Yummiez Chicken Garlic Fingers Pouch,Munchies,25000,17995.98,400,False,95,6
1009,RRO Primio Refined Groundnut (Jar),Munchies,49000,29396.75,2000,False,158,6
1010,Praakritik Organic Tuvar Dal,Munchies,14000,9070.39,500,False,132,6
1011,Sugarfree Gold Low Calorie Sweetner,Munchies,18500,10993.47,300,False,114,6
1012,Cantina Beans Mexican Beans,Munchies,25000,18688.34,410,False,107,6
1013,Pillsbury Oven Cake Mix - Vanilla,Munchies,17500,12929.21,225,False,151,6
1014,Hershey's Chocolate Milk Booster,Munchies,20000,11157.71,450,False,102,6
1015,Popular Essentials Byadagi Chilli Stemless,Munchies,8000,5528.92,100,False,132,6
1016,Suhana Spice Mix - Chicken Biryani,Munchies,6600,4851.33,50,False,167,6
1017,Praakritik Organic Yellow Moon Dal,Munchies,13500,7912.55,500,False,117,6
1018,24 Mantra Sona Masuri Brown Rice,Munchies,47500,31520.48,5000,False,107,6
1019,24 Mantra Organic Pancharatna Dal - Split,Munchies,13000,9530.27,500,False,148,6
1020,24 Mantra Organic Cumin Powder,Munchies,7000,3897.52,100,False,149,6
1021,Popular Essentials Samba Broken Wheat,Munchies,10000,6894.84,500,False,152,6
1022,Betty Crocker Chocolate Fudge Cake Mix,Munchies,29500,17979.36,475,False,146,6
1023,Borges Extra Light Olive Oil Bottle,Munchies,260000,191068.6,2000,False,140,6
1024,Flying Bird Premium Orange Artificial Food Essence,Munchies,6000,4465.27,20,False,145,6
1025,Popular Essentials Red Cherry/Gundu Chilli,Munchies,9500,7019.11,100,False,116,6
1026,Super Saver Kolam Rice Sortex Clean,Munchies,70000,45139.0,5000,False,121,6
1027,Flying Bird Food Essence - Kewra,Munchies,5000,3612.04,20,False,98,6
1028,MTR Vada Breakfast,Munchies,20000,14378.2,500,False,173,6
1029,On1y Pasta Seasoning,Munchies,9900,6076.82,30,False,157,6
1030,Praakritik Organic Indrayani Rice,Munchies,7000,5010.48,500,False,135,6
1031,On1y Pizza Seasoning,Munchies,9900,5518.28,28,False,156,6
1032,Kitchens of India Mutter Paneer Mix,Munchies,12000,8031.05,285,False,115,6
1033,Aashirvaad Svasti Cow Ghee Tetra Pack,Munchies,29500,17582.05,500,False,97,6
1034,Weikfield Cooker Cake Mix - Vanilla,Munchies,9500,5454.08,150,False,95,6
1035,Praakritik Organic Kapli Wheat Atta,Munchies,16500,9328.95,1000,False,169,6
1036,Epicurea Sushi Rice,Munchies,29500,20333.1,500,False,113,6
1037,Sugarfree Natural Green Stevia Leaves Zero Calorie,Munchies,7500,4634.81,100,False,137,6
1038,Smith & Jones Italian Spices Masala Mix,Munchies,9900,6880.04,75,False,134,6
1039,Satyam Nighties Spices  Chilli Bore,Munchies,8900,5011.33,100,False,102,6
1040,Weikfield Veg Jelly Crystals - Orange,Munchies,4500,2758.76,90,False,158,6
1041,Praakritik Organic Jumbo Rolled Oats,Munchies,19000,12500.07,500,False,114,6
1042,On1y Sea Salt Grinder,Munchies,8900,6302.49,100,False,109,6
1043,Delight Nuts Berries Mix,Munchies,39900,24488.64,200,False,171,6
1044,Praakritik Organic Ginger Powder,Munchies,13900,9384.98,100,False,171,6
1045,Suhana Mutton Gravy Mix,Munchies,4500,3272.38,80,False,155,6
1046,On1y Salad Seasoning Grinder,Munchies,13900,9357.1,45,False,163,6
1047,Figaro Pure Olive Oil,Munchies,32500,19389.24,200,False,134,6
1048,Madhur Sugar,Munchies,6000,3329.28,1000,False,136,6
1049,Amul Fresh Cream,Munchies,6300,4561.32,250,False,152,6
1050,Madhur Pure And Hygienic Sugar,Munchies,29500,16350.49,5000,False,165,6
1051,Satyam Poha Jada,Munchies,3500,2537.29,500,False,166,6
1052,Aashirvaad Superior MP Whole Wheat Atta,Munchies,5300,3475.67,1000,False,144,6
1053,Fortune Soyabean Oil,Munchies,21000,15494.08,1000,False,164,6
1054,Maggi Masala Ae Magic,Munchies,5800,4116.59,72,False,108,6
1055,Aashirvaad Iodised Salt,Munchies,2200,1649.09,1000,False,124,6
1056,Maggi 2-Minute Instant Noodles - Masala,Munchies,4400,2728.63,280,False,142,6
1057,Popular Essentials Phool Makhana (Jumbo Size),Munchies,15000,10551.56,100,False,115,6
1058,Aashirvaad Atta With Mutigrains,Munchies,31500,19857.16,5000,False,103,6
1059,Tata Sampann Poha,Munchies,4400,2842.29,500,False,134,6
1060,Fortune Besan Flour,Munchies,12000,8106.01,1000,False,133,6
1061,Popular Essentials Toor Dal (Un-Polished),Munchies,8000,5797.88,500,False,177,6
1062,Everest Tikhalal Hot & Red Chilly Powder,Munchies,4700,3510.04,100,False,154,6
1063,Popular Essentials Chia Seeds,Munchies,5000,3518.27,100,False,140,6
1064,Tata Sampann Unpolished Toor Dal/Arhar Dal,Munchies,17900,11340.61,1000,False,132,6
1065,Everest Coriander Powder,Munchies,3200,2029.67,100,False,175,6
1066,Satyam Thin Poha Patla,Munchies,3800,2650.56,500,False,112,6
1067,Popular Essentials Sona Masouri Raw Rice,Munchies,7500,4483.17,1000,False,145,6
1068,Tata Sampann High Protien Chana Dal - Split,Munchies,6400,3661.41,500,False,108,6
1069,Satyam Singdana,Munchies,11900,7389.0,500,False,171,6
1070,Tata Sampann Moong Chilka,Munchies,8800,5345.54,500,False,165,6
1071,Tata Sampann High Protien Toor Dal - Split,Munchies,9100,5544.28,500,False,144,6
1072,Ching's Chow Mein Hakka Noodles Masala,Munchies,1000,596.72,20,False,149,6
1073,Everest Chat Masala,Munchies,6500,3629.72,100,False,148,6
1074,Popular Essentials Black Brown Chana (Un-Polished),Munchies,5500,3044.66,500,False,122,6
1075,Dabur Ginger Garlic Paste,Munchies,5000,3737.72,200,False,108,6
1076,Ching's Secret Veg Hakka Noodles,Munchies,10700,6800.43,600,False,117,6
1077,Saffola Oats 100 % Natural,Munchies,1500,940.3,38,False,141,6
1078,Everest Kashmiri Lal Chilli Powder,Munchies,31000,21263.81,500,False,138,6
1079,Popular Essentials Black Raisins Seedless,Munchies,6000,3561.9,100,False,126,6
1080,Daawat Rozana Super Basmati Rice,Munchies,7900,5845.94,1000,False,115,6
1081,Everest Cumin Powder (Jeera),Munchies,3000,2121.81,50,False,129,6
1082,Everest Sambhar Masala,Munchies,3400,1930.8,50,False,169,6
1083,Maggi Chilly Chow Cuppa Noodles,Munchies,5000,3167.58,70,False,127,6
1084,Popular Essentials Mustard Seeds Rai Big,Munchies,2000,1451.65,100,False,166,6
1085,Patanjali Cow's Ghee,Munchies,56500,41750.47,1000,False,176,6
1086,Everest Amchur Powder,Munchies,4200,2702.62,50,False,143,6
1087,Daawat Super Basmati Rice,Munchies,18500,12444.62,1000,False,111,6
1088,Popular Essentials Sabudana,Munchies,6000,3500.44,500,False,105,6
1089,Popular Essentials Brown Sugar,Munchies,4000,2992.93,500,False,117,6
1090,Everest Coriander Powder,Munchies,7000,4174.34,200,False,124,6
1091,Sunfeast Yippee! Magic Masala Noodles,Munchies,4800,3545.02,240,False,149,6
1092,Tata Tea Gold,Munchies,3500,2379.75,100,False,134,6
1093,Daawat Rozana Gold Basmati Rice,Munchies,9000,6043.93,1000,False,135,6
1094,Top Ramen Masala,Munchies,9100,5938.09,560,False,161,6
1095,Everest Turmeric Powder,Munchies,6700,3994.1,200,False,144,6
1096,Popular Essentials Buckwheat Flour (Kuttu Atta),Munchies,12500,7316.32,500,False,175,6
1097,Keya Italian Pizza Oregano,Munchies,10900,6475.66,80,False,174,6
1098,Chef's Basket Durum Wheat Penne Pasta,Munchies,16000,9396.6,500,False,115,6
1099,Tata Sampann Kala Chana,Munchies,12500,8823.96,1000,False,174,6
1100,India Gate Basmati Rice,Munchies,21000,13020.53,1000,False,114,6
1101,24 Mantra Organic Whole Wheat Atta,Munchies,6400,3594.04,1000,False,154,6
1102,Zorabian Chicken Kheema Parathas,Munchies,19000,14132.59,300,False,95,6
1103,Sunfeast Pasta Treat Pack of Tomato Cheese,Munchies,2800,2034.92,65,False,112,6
1104,Sugarlite 50% Less Calories Sugar Pouch,Munchies,9900,7281.95,500,False,153,6
1105,Popular Essentials Sabja/Basil Seeds,Munchies,6000,4493.89,100,False,176,6
1106,Patanjali Pure Honey,Munchies,9500,5555.4,250,False,132,6
1107,Weikfield Falooda Mix - Mango,Munchies,4900,3083.32,200,False,112,6
1108,Pro Nature Organic Sonamasoori Brown Rice,Munchies,10200,7156.81,1000,False,119,6
1109,Maggi Special Masala Spicy Yummy Noodles,Munchies,7200,4962.27,280,False,166,6
1110,Godrej Yummiez Chicken Breakfast Salami,Munchies,15000,8711.69,250,False,107,6
1111,Everest Saffron Kesar,Munchies,12000,8558.0,1,False,176,6
1112,Mother Dairy Toned Milk Pouch,"Dairy, Bread & Batter",2500,1487.22,500,True,2,9
1113,Mother Dairy Classic Curd,"Dairy, Bread & Batter",3000,1784.29,400,True,6,9
1114,Mother Dairy Ultra Full Cream Milk,"Dairy, Bread & Batter",3100,2037.92,500,True,2,9
1115,Amul Butter - Pasteurised,"Dairy, Bread & Batter",5000,3342.94,100,True,4,9
1116,Britannia Sandwich White Bread,"Dairy, Bread & Batter",3300,2197.86,350,True,6,9
1117,iD Curd Pouch,"Dairy, Bread & Batter",3500,1989.04,400,True,5,9
1118,iD Idli & Dosa Batter,"Dairy, Bread & Batter",8000,5803.94,1000,True,3,9
1119,Britannia 100% Whole Wheat Bread,"Dairy, Bread & Batter",4500,2714.04,450,True,4,9
1120,Britannia Healthy Slice Sandwich Bread,"Dairy, Bread & Batter",4000,2303.61,450,True,4,9
1121,Gowardhan Classic Block Fresh Paneer,"Dairy, Bread & Batter",8900,6476.97,200,True,3,9
1122,Amul Processed Cheese Cubes,"Dairy, Bread & Batter",10600,7855.98,200,True,3,9
1123,Britannia Pav,"Dairy, Bread & Batter",2200,1589.34,250,True,5,9
1124,Amul Butter - Pasteurised,"Dairy, Bread & Batter",24500,17441.63,500,True,4,9
1125,Arden Eggs White,"Dairy, Bread & Batter",9700,6606.17,696,True,7,9
1126,Arden Eggs White,"Dairy, Bread & Batter",6500,4291.11,348,True,4,9
1127,Nestle A+ Nourish Dahi,"Dairy, Bread & Batter",3500,1985.89,200,True,2,9
1128,Britannia Burger Bun with Sesame Seed,"Dairy, Bread & Batter",1500,947.54,100,True,6,9
1129,Amul Frozen Malai Paneer,"Dairy, Bread & Batter",7500,4684.03,200,True,6,9
1130,iD Natural Paneer,"Dairy, Bread & Batter",10500,6320.48,200,True,2,9
1131,Britannia Fruit Bun,"Dairy, Bread & Batter",1700,1180.96,100,True,6,9
1132,Amul Cheese - Processed Slices,"Dairy, Bread & Batter",12200,7919.94,200,True,3,9
1133,iD Curd Cup,"Dairy, Bread & Batter",6000,3397.26,400,True,6,9
1134,The Bake Shop Premium White Sandwich Bread,"Dairy, Bread & Batter",3000,1782.11,400,True,6,9
1135,Britannia Multigrain Bread,"Dairy, Bread & Batter",5500,3776.58,400,True,2,9
1136,Amul Processed Cheese Block,"Dairy, Bread & Batter",10600,5991.4,200,True,5,9
1137,Nestle A+ Nourish Dahi,"Dairy, Bread & Batter",7000,5041.69,400,True,6,9
1138,Arden Eggs Brown,"Dairy, Bread & Batter",8500,5516.75,348,True,7,9
1139,Epigamia Misti Doi,"Dairy, Bread & Batter",3000,1938.35,85,True,6,9
1140,Amul Cheese - Block,"Dairy, Bread & Batter",24500,16377.8,500,True,5,9
1141,Amul Butter - Pasteurised (School Pack),"Dairy, Bread & Batter",5900,4218.12,100,True,2,9
1142,Britannia Brown Bread,"Dairy, Bread & Batter",4200,2602.16,400,True,5,9
1143,Amul Fresh Cream,"Dairy, Bread & Batter",19700,13506.38,1000,True,2,9
1144,Epigamia Natural Greek Yogurt,"Dairy, Bread & Batter",4500,2984.16,90,True,3,9
1145,The Bake Shop Pizza Base,"Dairy, Bread & Batter",3000,1810.22,150,True,2,9
1146,Amul Delicious Fat Spread - Cholesterol Free,"Dairy, Bread & Batter",1800,1306.31,100,True,3,9
1147,D'lecta Dairy Cream,"Dairy, Bread & Batter",5400,3831.22,200,True,3,9
1148,Nestle A+ Actiplus Probiotic Dahi Plain Curd,"Dairy, Bread & Batter",7800,5317.18,400,True,2,9
1149,Bio Nutrients Pure Diet Tofu Gold,"Dairy, Bread & Batter",6000,4320.7,200,True,7,9
1150,Amul Delicious Fat Spread - Cholesterol Free,"Dairy, Bread & Batter",8800,6366.44,500,True,4,9
1151,Amul Mithai Mate Condensed Sweetened Milk,"Dairy, Bread & Batter",5600,3873.37,200,True,2,9
1152,Arden Desi Eggs,"Dairy, Bread & Batter",11000,7891.43,348,True,6,9
1153,Amul Cheese - Pepper,"Dairy, Bread & Batter",8500,5860.7,200,True,7,9
1154,Amul Cheese Spread Creamy,"Dairy, Bread & Batter",8500,5831.24,180,True,7,9
1155,The Bake Shop Foot Long,"Dairy, Bread & Batter",4000,2694.89,200,True,6,9
1156,Amul Cheese Slices,"Dairy, Bread & Batter",36000,25219.56,750,True,4,9
1157,Suguna Sharp Egg,"Dairy, Bread & Batter",7200,4188.39,348,True,7,9
1158,Amul Cheese Sauce Mexican Salsa,"Dairy, Bread & Batter",7500,5446.31,200,True,3,9
1159,Nestle Everyday Dairy Whitener,"Dairy, Bread & Batter",21000,15211.74,400,True,4,9
1160,Amul Pizza Cheese Processed,"Dairy, Bread & Batter",10900,6058.76,200,True,6,9
1161,Betty Crocker Complete Pancake Mix Original,"Dairy, Bread & Batter",11000,7866.8,250,True,4,9
1162,Amul Lite Spread,"Dairy, Bread & Batter",4000,2303.1,100,True,2,9
1163,Go Cheese Slice - Plain,"Dairy, Bread & Batter",14000,8638.33,200,True,4,9
1164,Pillsbury Choco Chip Pancake Mix,"Dairy, Bread & Batter",9900,6917.15,165,True,3,9
1165,RRO Sour Cream,"Dairy, Bread & Batter",27500,16009.18,200,True,2,9
1166,D'lecta Natural Feta Cheese Block,"Dairy, Bread & Batter",10000,7135.93,100,True,5,9
1167,Suguna Active - DHA,"Dairy, Bread & Batter",7200,5158.27,348,True,6,9
1168,Go Cheese Processed Angles Plain,"Dairy, Bread & Batter",10000,6514.94,160,True,6,9
1169,Epigamia Greek Yogurt - Natural,"Dairy, Bread & Batter",20000,11025.54,400,True,4,9
1170,Amul Unsalted Cooking Butter,"Dairy, Bread & Batter",24500,14881.49,500,True,7,9
1171,The Whole Truth Dark Chocolate Peanut Butter - Creamy,"Dairy, Bread & Batter",23500,15824.56,325,True,2,9
1172,The Laughing Cow Cheese Slices,"Dairy, Bread & Batter",15500,11566.68,200,True,5,9
1173,Epigamia Almond Milk Unsweetened Dairy Free,"Dairy, Bread & Batter",30000,20290.88,1000,True,2,9
1174,Go Cheese  Spread Plain,"Dairy, Bread & Batter",9900,5959.41,200,True,6,9
1175,So Good Almond Milk - Natural Unsweetened,"Dairy, Bread & Batter",7000,4737.61,200,True,2,9
1176,Amul Cheese Sauce Jalapeno,"Dairy, Bread & Batter",7500,4934.98,200,True,5,9
1177,D'lecta Cream Cheese,"Dairy, Bread & Batter",16900,11930.88,150,True,7,9
1178,Dlecta Natural Cheddar Slices,"Dairy, Bread & Batter",19900,11370.78,200,True,4,9
1179,Suguna Heart- Omega3,"Dairy, Bread & Batter",7200,5055.88,348,True,3,9
1180,Go Cheese Spread - Garlic,"Dairy, Bread & Batter",9900,6516.71,200,True,2,9
1181,Go Pizza Cheese,"Dairy, Bread & Batter",14000,10396.38,200,True,3,9
1182,RRO Cheddar Block Cheese,"Dairy, Bread & Batter",29500,18242.05,200,True,6,9
1183,The Whole Truth Peanut Butter With Dates - Creamy No Sugar,"Dairy, Bread & Batter",21500,14545.27,325,True,4,9
1184,Suguna Fit Egg,"Dairy, Bread & Batter",12000,8836.87,348,True,4,9
1185,Pantai Coconut Cream,"Dairy, Bread & Batter",15000,8557.53,400,True,2,9
1186,RRO Fresh Ricotta,"Dairy, Bread & Batter",27500,20279.76,200,True,7,9
1187,Dlecta Cheese Cubes 2,"Dairy, Bread & Batter",14500,9969.87,200,True,4,9
1188,RRO Mozzarella Pizza Cheese,"Dairy, Bread & Batter",27500,15498.1,200,True,2,9
1189,The Laughing Cow Cheese Cubes,"Dairy, Bread & Batter",15000,9152.89,200,True,2,9
1190,Yogabar 100% Pure Peanut Butter Creamy & Yummy Unsweetened,"Dairy, Bread & Batter",22900,15838.43,400,True,3,9
1191,RRO Burrata Cheese,"Dairy, Bread & Batter",25000,14086.75,200,True,4,9
1192,The Whole Truth Dark Chocolate Peanut Butter - Crunchy,"Dairy, Bread & Batter",23500,15661.2,325,True,2,9
1193,Go Cheese Processed Squares,"Dairy, Bread & Batter",12500,7739.71,200,True,3,9
1194,Funfoods Peanut Butter Crunchy,"Dairy, Bread & Batter",16900,11393.69,400,True,5,9
1195,Amul Safed Makkhan,"Dairy, Bread & Batter",23500,13139.99,500,True,3,9
1196,Go Cheese Spread - Four Pepper (Soft & Creamy),"Dairy, Bread & Batter",9900,7170.64,200,True,3,9
1197,Dlicia Whip Topping Bottle,"Dairy, Bread & Batter",23500,17500.4,1000,True,2,9
1198,Amulya Dairy Whitener,"Dairy, Bread & Batter",38000,28263.47,1000,True,6,9
1199,Laughing Cow Cheese 8 Portion 120Gm Imported,"Dairy, Bread & Batter",11000,7699.23,120,True,6,9
1200,The Whole Truth Peanut Butter - Sweetened & Crunchy,"Dairy, Bread & Batter",21500,12384.37,325,True,7,9
1201,Go Processed Cheese Block,"Dairy, Bread & Batter",12500,8770.66,200,True,6,9
1202,Go Cheese Processed Block,"Dairy, Bread & Batter",24900,13817.44,400,True,3,9
1203,RRO Goat Milk Fetta Cheee,"Dairy, Bread & Batter",34500,19127.65,100,True,7,9
1204,RRO Mascarpone Cheese,"Dairy, Bread & Batter",35500,21822.63,200,True,2,9
1205,D'lecta Cheddar Cheese,"Dairy, Bread & Batter",19900,12889.8,200,True,4,9
1206,Funfoods Peanut Butter Creamy,"Dairy, Bread & Batter",16900,11898.98,400,True,3,9
1207,Pantai Coconut Milk,"Dairy, Bread & Batter",15000,10299.89,400,True,3,9
1208,Dlecta Cheese Block,"Dairy, Bread & Batter",14500,9268.12,200,True,7,9
1209,President Butter - Salted,"Dairy, Bread & Batter",5400,3265.52,100,True,2,9
1210,The Laughing Cow Plain Processed Cheese Block,"Dairy, Bread & Batter",15000,11241.37,200,True,5,9
1211,Yoga Bar Peanut Butter Dark Chocolate Jar,"Dairy, Bread & Batter",24900,15817.38,400,True,3,9
1212,The Laughing Cow Cheese Spread Plain,"Dairy, Bread & Batter",11000,7043.05,180,True,5,9
1213,Amul Malai Paneer Fresh,"Dairy, Bread & Batter",7600,4428.71,200,True,5,9
1214,Amul Taaza Toned Homogenised Milk,"Dairy, Bread & Batter",6600,4679.15,1000,True,6,9
1215,Amul Fresh Cream,"Dairy, Bread & Batter",6300,4339.04,250,True,2,9
1216,Amul Lactose Free Milk,"Dairy, Bread & Batter",2500,1485.38,250,True,5,9
1217,The Bake Shop Whole Wheat Bread,"Dairy, Bread & Batter",4000,2265.9,400,True,2,9
1218,Amul Slim Trim Skimmed Milk,"Dairy, Bread & Batter",7500,5145.75,1000,True,6,9
1219,Amul Cheese Slices,"Dairy, Bread & Batter",7100,4834.41,100,True,2,9
1220,Amul Pizza Cheese - Mozzarella,"Dairy, Bread & Batter",10000,6046.52,200,True,3,9
1221,The Bake Shop Pizza Base Whole Wheat,"Dairy, Bread & Batter",3000,2220.52,150,True,5,9
1222,Nestle A+ Slim Dahi - Low Fat,"Dairy, Bread & Batter",7800,4525.65,400,True,2,9
1223,Britannia Cheese Garlic Bread,"Dairy, Bread & Batter",3500,2227.63,300,True,4,9
1224,The Bake Shop Whole Wheat Ladi Pav,"Dairy, Bread & Batter",4000,2954.89,200,True,2,9
1225,Amul Cheese Spread Yummy Plain,"Dairy, Bread & Batter",8500,5388.54,200,True,5,9
1226,Britannia Atta Kulcha,"Dairy, Bread & Batter",3000,2033.12,250,True,6,9
1227,Suguna Nourish Egg,"Dairy, Bread & Batter",6200,3903.02,696,True,6,9
1228,The Bake Shop Multi Grain Bread,"Dairy, Bread & Batter",6500,3931.48,400,True,5,9
1229,Nestle A+ Slim Milk,"Dairy, Bread & Batter",8900,6646.48,1000,True,3,9
1230,Go Cheese Pizza Blend Mozzarella + Cheddar,"Dairy, Bread & Batter",12500,7898.34,200,True,3,9
1231,The Whole Truth Peanut Butter - Unsweetened & Crunchy,"Dairy, Bread & Batter",18500,13483.17,325,True,6,9
1232,Amul Cheese Spread Spicy Garlic,"Dairy, Bread & Batter",8500,5065.92,200,True,6,9
1233,The Bake Shop Burger Buns,"Dairy, Bread & Batter",2000,1185.24,100,True,5,9
1234,D'lecta Shredded Mozzarella Cheese,"Dairy, Bread & Batter",10000,5562.27,140,True,3,9
1235,Britannia Burger Bun with Sesame Seed,"Dairy, Bread & Batter",3000,2041.0,200,True,6,9
1236,Suguna Vitamin D Egg,"Dairy, Bread & Batter",7500,4677.79,348,True,3,9
1237,Pillsbury Pancake Mix - Funfetti,"Dairy, Bread & Batter",9900,7156.43,162,True,6,9
1238,Prabhat Malai Paneer Pouch,"Dairy, Bread & Batter",8000,5157.14,200,True,2,9
1239,Suguna Nourish Egg,"Dairy, Bread & Batter",7200,5354.2,348,True,4,9
1240,RRO Mozzarella Block Cheese,"Dairy, Bread & Batter",29500,17319.6,200,True,7,9
1241,Mother Dairy Toned Milk Pouch,Beverages,2500,1809.31,500,True,38,7
1242,Mother Dairy Classic Curd,Beverages,3000,2115.96,400,True,146,7
1243,Mother Dairy Ultra Full Cream Milk,Beverages,3100,2182.97,500,True,40,7
1244,Amul Butter - Pasteurised,Beverages,5000,3594.78,100,True,128,7
1245,Britannia Sandwich White Bread,Beverages,3300,2317.28,350,True,71,7
1246,iD Curd Pouch,Beverages,3500,2363.35,400,True,170,7
1247,iD Idli & Dosa Batter,Beverages,8000,4609.99,1000,True,149,7
1248,Britannia 100% Whole Wheat Bread,Beverages,4500,2504.27,450,True,170,7
1249,Britannia Healthy Slice Sandwich Bread,Beverages,4000,2936.68,450,True,41,7
1250,Gowardhan Classic Block Fresh Paneer,Beverages,8900,5992.64,200,True,66,7
1251,Amul Processed Cheese Cubes,Beverages,10600,7518.66,200,True,103,7
1252,Britannia Pav,Beverages,2200,1421.87,250,True,102,7
1253,Amul Butter - Pasteurised,Beverages,24500,14049.81,500,True,81,7
1254,Arden Eggs White,Beverages,9700,5577.86,696,True,159,7
1255,Arden Eggs White,Beverages,6500,4466.23,348,True,85,7
1256,Nestle A+ Nourish Dahi,Beverages,3500,2226.21,200,True,89,7
1257,Britannia Burger Bun with Sesame Seed,Beverages,1500,885.16,100,True,52,7
1258,Amul Frozen Malai Paneer,Beverages,7500,4862.39,200,True,132,7
1259,iD Natural Paneer,Beverages,10500,5909.84,200,True,69,7
1260,Britannia Fruit Bun,Beverages,1700,1132.87,100,True,93,7
1261,Amul Cheese - Processed Slices,Beverages,12200,7366.34,200,True,114,7
1262,iD Curd Cup,Beverages,6000,4257.07,400,True,180,7
1263,The Bake Shop Premium White Sandwich Bread,Beverages,3000,1836.22,400,True,118,7
1264,Britannia Multigrain Bread,Beverages,5500,3525.74,400,True,60,7
1265,Amul Processed Cheese Block,Beverages,10600,5854.64,200,True,49,7
1266,Nestle A+ Nourish Dahi,Beverages,7000,3951.43,400,True,159,7
1267,Arden Eggs Brown,Beverages,8500,5342.24,348,True,42,7
1268,Epigamia Misti Doi,Beverages,3000,1937.96,85,True,151,7
1269,Amul Cheese - Block,Beverages,24500,16415.1,500,True,132,7
1270,Amul Butter - Pasteurised (School Pack),Beverages,5900,3589.16,100,True,135,7
1271,Britannia Brown Bread,Beverages,4200,2893.78,400,True,148,7
1272,Amul Fresh Cream,Beverages,19700,14223.88,1000,True,99,7
1273,Epigamia Natural Greek Yogurt,Beverages,4500,3176.87,90,True,128,7
1274,The Bake Shop Pizza Base,Beverages,3000,1673.77,150,True,111,7
1275,Amul Delicious Fat Spread - Cholesterol Free,Beverages,1800,1162.98,100,True,104,7
1276,D'lecta Dairy Cream,Beverages,5400,3083.32,200,True,147,7
1277,Nestle A+ Actiplus Probiotic Dahi Plain Curd,Beverages,7800,4667.59,400,True,113,7
1278,Bio Nutrients Pure Diet Tofu Gold,Beverages,6000,4484.0,200,True,98,7
1279,Amul Delicious Fat Spread - Cholesterol Free,Beverages,8800,5090.79,500,True,88,7
1280,Amul Mithai Mate Condensed Sweetened Milk,Beverages,5600,3638.75,200,True,155,7
1281,Arden Desi Eggs,Beverages,11000,7409.94,348,True,140,7
1282,Amul Cheese - Pepper,Beverages,8500,5869.19,200,True,91,7
1283,Amul Cheese Spread Creamy,Beverages,8500,5626.4,180,True,173,7
1284,The Bake Shop Foot Long,Beverages,4000,2207.82,200,True,157,7
1285,Amul Cheese Slices,Beverages,36000,22150.52,750,True,134,7
1286,Suguna Sharp Egg,Beverages,7200,4705.5,348,True,97,7
1287,Amul Cheese Sauce Mexican Salsa,Beverages,7500,4256.8,200,True,44,7
1288,Nestle Everyday Dairy Whitener,Beverages,21000,13022.63,400,True,64,7
1289,Amul Pizza Cheese Processed,Beverages,10900,6067.38,200,True,43,7
1290,Betty Crocker Complete Pancake Mix Original,Beverages,11000,6222.87,250,True,131,7
1291,Amul Lite Spread,Beverages,4000,2517.54,100,True,129,7
1292,Go Cheese Slice - Plain,Beverages,14000,8071.6,200,True,36,7
1293,Pillsbury Choco Chip Pancake Mix,Beverages,9900,6568.73,165,True,59,7
1294,RRO Sour Cream,Beverages,27500,18917.06,200,True,78,7
1295,D'lecta Natural Feta Cheese Block,Beverages,10000,7101.17,100,True,173,7
1296,Suguna Active - DHA,Beverages,7200,4248.22,348,True,140,7
1297,Go Cheese Processed Angles Plain,Beverages,10000,5834.97,160,True,101,7
1298,Epigamia Greek Yogurt - Natural,Beverages,20000,11418.27,400,True,109,7
1299,Amul Unsalted Cooking Butter,Beverages,24500,16593.51,500,True,112,7
1300,The Whole Truth Dark Chocolate Peanut Butter - Creamy,Beverages,23500,16245.44,325,True,71,7
1301,The Laughing Cow Cheese Slices,Beverages,15500,8622.92,200,True,46,7
1302,Epigamia Almond Milk Unsweetened Dairy Free,Beverages,30000,22117.27,1000,True,36,7
1303,Go Cheese  Spread Plain,Beverages,9900,5547.9,200,True,39,7
1304,So Good Almond Milk - Natural Unsweetened,Beverages,7000,4607.81,200,True,63,7
1305,Amul Cheese Sauce Jalapeno,Beverages,7500,5188.59,200,True,65,7
1306,D'lecta Cream Cheese,Beverages,16900,12238.88,150,True,35,7
1307,Dlecta Natural Cheddar Slices,Beverages,19900,13787.07,200,True,175,7
1308,Suguna Heart- Omega3,Beverages,7200,5114.49,348,True,163,7
1309,Go Cheese Spread - Garlic,Beverages,9900,6117.11,200,True,58,7
1310,Go Pizza Cheese,Beverages,14000,9981.51,200,True,155,7
1311,RRO Cheddar Block Cheese,Beverages,29500,16697.68,200,True,110,7
1312,The Whole Truth Peanut Butter With Dates - Creamy No Sugar,Beverages,21500,15672.71,325,True,104,7
1313,Suguna Fit Egg,Beverages,12000,7914.22,348,True,55,7
1314,Pantai Coconut Cream,Beverages,15000,10701.89,400,True,156,7
1315,RRO Fresh Ricotta,Beverages,27500,17612.75,200,True,144,7
1316,Dlecta Cheese Cubes 2,Beverages,14500,9841.38,200,True,155,7
1317,RRO Mozzarella Pizza Cheese,Beverages,27500,18020.21,200,True,57,7
1318,The Laughing Cow Cheese Cubes,Beverages,15000,10444.77,200,True,160,7
1319,Yogabar 100% Pure Peanut Butter Creamy & Yummy Unsweetened,Beverages,22900,12968.87,400,True,104,7
1320,RRO Burrata Cheese,Beverages,25000,14051.76,200,True,107,7
1321,The Whole Truth Dark Chocolate Peanut Butter - Crunchy,Beverages,23500,14086.39,325,True,119,7
1322,Go Cheese Processed Squares,Beverages,12500,7273.86,200,True,50,7
1323,Funfoods Peanut Butter Crunchy,Beverages,16900,12241.63,400,True,83,7
1324,Amul Safed Makkhan,Beverages,23500,13955.31,500,True,132,7
1325,Go Cheese Spread - Four Pepper (Soft & Creamy),Beverages,9900,7377.21,200,True,88,7
1326,Dlicia Whip Topping Bottle,Beverages,23500,14508.41,1000,True,101,7
1327,Amulya Dairy Whitener,Beverages,38000,22284.1,1000,True,49,7
1328,Laughing Cow Cheese 8 Portion 120Gm Imported,Beverages,11000,7787.34,120,True,141,7
1329,The Whole Truth Peanut Butter - Sweetened & Crunchy,Beverages,21500,14657.44,325,True,88,7
1330,Go Processed Cheese Block,Beverages,12500,8120.49,200,True,100,7
1331,Go Cheese Processed Block,Beverages,24900,16460.71,400,True,166,7
1332,RRO Goat Milk Fetta Cheee,Beverages,34500,23937.49,100,True,138,7
1333,RRO Mascarpone Cheese,Beverages,35500,21147.03,200,True,158,7
1334,D'lecta Cheddar Cheese,Beverages,19900,14910.41,200,True,85,7
1335,Funfoods Peanut Butter Creamy,Beverages,16900,12589.8,400,True,64,7
1336,Pantai Coconut Milk,Beverages,15000,10200.98,400,True,152,7
1337,Dlecta Cheese Block,Beverages,14500,8553.67,200,True,160,7
1338,President Butter - Salted,Beverages,5400,3704.65,100,True,133,7
1339,The Laughing Cow Plain Processed Cheese Block,Beverages,15000,8466.6,200,True,36,7
1340,Yoga Bar Peanut Butter Dark Chocolate Jar,Beverages,24900,13847.65,400,True,56,7
1341,The Laughing Cow Cheese Spread Plain,Beverages,11000,6616.9,180,True,30,7
1342,Amul Malai Paneer Fresh,Beverages,7600,4883.19,200,True,116,7
1343,Amul Taaza Toned Homogenised Milk,Beverages,6600,4776.12,1000,True,70,7
1344,Amul Fresh Cream,Beverages,6300,4381.23,250,True,152,7
1345,Amul Lactose Free Milk,Beverages,2500,1746.35,250,True,104,7
1346,The Bake Shop Whole Wheat Bread,Beverages,4000,2540.39,400,True,71,7
1347,Amul Slim Trim Skimmed Milk,Beverages,7500,4643.9,1000,True,146,7
1348,Amul Cheese Slices,Beverages,7100,4431.88,100,True,92,7
1349,Amul Pizza Cheese - Mozzarella,Beverages,10000,7475.3,200,True,156,7
1350,The Bake Shop Pizza Base Whole Wheat,Beverages,3000,1674.07,150,True,162,7
1351,Nestle A+ Slim Dahi - Low Fat,Beverages,7800,5642.57,400,True,77,7
1352,Britannia Cheese Garlic Bread,Beverages,3500,2330.07,300,True,32,7
1353,The Bake Shop Whole Wheat Ladi Pav,Beverages,4000,2550.89,200,True,145,7
1354,Amul Cheese Spread Yummy Plain,Beverages,8500,5907.94,200,True,128,7
1355,Britannia Atta Kulcha,Beverages,3000,1942.0,250,True,145,7
1356,Suguna Nourish Egg,Beverages,6200,4493.04,696,True,43,7
1357,The Bake Shop Multi Grain Bread,Beverages,6500,4745.91,400,True,141,7
1358,Nestle A+ Slim Milk,Beverages,8900,5645.66,1000,True,90,7
1359,Go Cheese Pizza Blend Mozzarella + Cheddar,Beverages,12500,7567.07,200,True,124,7
1360,The Whole Truth Peanut Butter - Unsweetened & Crunchy,Beverages,18500,12366.7,325,True,46,7
1361,Amul Cheese Spread Spicy Garlic,Beverages,8500,6226.02,200,True,153,7
1362,The Bake Shop Burger Buns,Beverages,2000,1184.26,100,True,53,7
1363,D'lecta Shredded Mozzarella Cheese,Beverages,10000,6745.93,140,True,145,7
1364,Britannia Burger Bun with Sesame Seed,Beverages,3000,2028.94,200,True,180,7
1365,Suguna Vitamin D Egg,Beverages,7500,5224.67,348,True,111,7
1366,Pillsbury Pancake Mix - Funfetti,Beverages,9900,5705.5,162,True,79,7
1367,Prabhat Malai Paneer Pouch,Beverages,8000,5545.32,200,True,108,7
1368,Suguna Nourish Egg,Beverages,7200,5269.01,348,True,108,7
1369,RRO Mozzarella Block Cheese,Beverages,29500,17285.13,200,True,99,7
1370,Maggi 2 Minute Masala Noodles,Packaged Food,1200,717.01,70,False,116,5
1371,iD Idli & Dosa Batter,Packaged Food,8000,5954.23,1000,False,104,5
1372,iD Malabar Parota,Packaged Food,8000,4689.56,400,False,139,5
1373,iD Wheat Lachha Paratha,Packaged Food,8000,5767.02,400,False,125,5
1374,McCain Aloo Tikki,Packaged Food,11000,7133.01,400,False,97,5
1375,McCain Smiles Cripsy Happy Potatoes,Packaged Food,12000,7193.35,415,False,168,5
1376,McCain Veggie Burger Patty,Packaged Food,11500,8327.72,360,False,220,5
1377,McCain Veggie Fingers,Packaged Food,11700,7477.01,400,False,136,5
1378,Amul Delicious Fat Spread - Cholesterol Free,Packaged Food,1800,1175.33,100,False,194,5
1379,Whiskas Wet  Meal (Adult - Cat Food)  Chicken in Gravy,Packaged Food,3500,2176.46,85,False,187,5
1380,McCain Chilli Garlic Potato Bites Crunchy Potato Nuggets,Packaged Food,12500,8357.38,420,False,185,5
1381,Ching's Secret Instant Hot Garlic Noodles,Packaged Food,1500,874.06,60,False,249,5
1382,Veeba Eggless Mayonnaise,Packaged Food,7900,4962.91,250,False,205,5
1383,Ching's Secret Instant Schezwan Noodles,Packaged Food,1500,1115.82,60,False,102,5
1384,Veeba Pasta And Pizza Sauce,Packaged Food,7500,4512.2,280,False,90,5
1385,Top Ramen  Noodles Curry Veg Pouch,Packaged Food,2000,1362.69,70,False,123,5
1386,Saffola Veggie Twist Masala Oats,Packaged Food,1500,922.56,38,False,168,5
1387,Unibic Almond & Oats Protein Bar,Packaged Food,4000,2818.78,30,False,167,5
1388,Quaker Oats,Packaged Food,7900,4551.78,400,False,210,5
1389,Amul Delicious Fat Spread - Cholesterol Free,Packaged Food,8800,6546.89,500,False,182,5
1390,McCain French Fries,Packaged Food,12000,7689.09,420,False,187,5
1391,Ching's Secret Manchow Instant Soup,Packaged Food,1000,597.21,15,False,171,5
1392,McCain Potato Cheese Shotz,Packaged Food,13000,7341.09,250,False,248,5
1393,McCain Masala - Fries,Packaged Food,12000,7007.42,375,False,242,5
1394,Ching's Secret Schezwan Fried Rice Masala,Packaged Food,1500,980.93,20,False,127,5
1395,McCain New Mini Samosa with Cheese Pizza Style Filling,Packaged Food,12000,7408.81,240,False,103,5
1396,McCain Chilli Cheesy Nuggets,Packaged Food,13000,9305.1,250,False,225,5
1397,"Whiskas Adult (+1 Year) Dry Cat Food, Ocean Fish Flavour",Packaged Food,43000,27355.63,1200,False,180,5
1398,Chings Instant Soup - Hot & Sour,Packaged Food,1000,599.74,15,False,143,5
1399,Amul Spray Infant Milk Food,Packaged Food,19700,13266.55,500,False,219,5
1400,McCain Smiles - Pudina Chatka,Packaged Food,12000,8296.27,375,False,190,5
1401,McCain French Fries Crisp & Delicious,Packaged Food,17500,10209.65,750,False,178,5
1402,Ferrero Nutella Hazelnut Spread,Packaged Food,22000,12837.52,180,False,145,5
1403,Lijjat Garlic Papad,Packaged Food,6000,3344.01,200,False,183,5
1404,Switz Samosa Dough Sheets,Packaged Food,9000,6275.52,50,False,182,5
1405,Amul Cheese Spread Creamy,Packaged Food,8500,5803.47,180,False,173,5
1406,Maggi Imli Sauce Pichkoo,Packaged Food,2200,1418.84,90,False,174,5
1407,Whiskas Kitten (2-12 months) Dry Cat Food Food Ocean Fish,Packaged Food,38500,27675.11,1100,False,111,5
1408,Chings Instant Soup - Sweet Corn Veg,Packaged Food,1000,711.13,15,False,124,5
1409,Whiskas Wet  Meal (Kitten - Cat Food)  Chicken in Gravy,Packaged Food,3500,2334.75,85,False,105,5
1410,McCain Crazy Fries Masala MixHot 'n' Tangy,Packaged Food,12000,8683.85,400,False,139,5
1411,The Whole Truth Double Cocoa Protein Bar No Sugar,Packaged Food,10000,5911.68,52,False,211,5
1412,Amul Happy Treats French Fries,Packaged Food,6800,3892.21,425,False,217,5
1413,Ferrero Nutella Hazeulnut Spread,Packaged Food,38000,22950.1,350,False,202,5
1414,Veeba Chipolte Southwest Dressing,Packaged Food,16100,9038.82,300,False,260,5
1415,Ching's Secret Manchow Noodles Instant Soup,Packaged Food,1500,984.35,20,False,106,5
1416,Yoga Bar Breakfast Protein Bar - Blueberry Pie,Packaged Food,5000,3686.61,50,False,169,5
1417,Quaker Oats,Packaged Food,19900,11101.59,1000,False,219,5
1418,The Whole Truth Mini Protein Bar - Coconut Cocoa No Added Sugar,Packaged Food,5500,3159.32,27,False,221,5
1419,Switz Spring Roll Dough Sheets,Packaged Food,9000,5763.96,1160,False,174,5
1420,Unibic Fruit & Nut Real Cranberries & Almonds Protein Bar,Packaged Food,4000,2947.1,30,False,256,5
1421,Ching's Secret Tomato Instant Soup,Packaged Food,1000,613.23,16,False,183,5
1422,Chef's Basket Durum Wheat Elbow Pasta,Packaged Food,16000,10423.15,500,False,223,5
1423,Sunfeast Yippee! Mood Masala Noodles,Packaged Food,6000,3349.89,260,False,170,5
1424,MTR Breakfast Khatta Meetha Poha Mix,Packaged Food,2500,1449.17,60,False,158,5
1425,Kellogg's Crunchy Fruit & Nut Breakfast Cereals Muesli,Packaged Food,44500,33256.01,750,False,158,5
1426,Ching's Secret Chilli Vinegar,Packaged Food,5000,3715.12,170,False,237,5
1427,Ching's Red Chilli Sauce,Packaged Food,5500,3030.43,200,False,105,5
1428,Amul Lite Spread,Packaged Food,4000,2961.45,100,False,140,5
1429,Borges Durum Wheat Fusilli Pasta,Packaged Food,25000,16945.6,500,False,194,5
1430,The Whole Truth Cranberry Mini Protein Bar No Sugar,Packaged Food,5500,3979.71,27,False,254,5
1431,The Whole Truth Mini Protein Bar - Coffee Cocoa No Added Sugar,Packaged Food,5500,3525.21,27,False,259,5
1432,Maggi Hot & Sweet Tomato Chilli Sauce,Packaged Food,11500,7510.87,500,False,155,5
1433,Sunfeast YiPPee! Noodles - Magic Masala,Packaged Food,9600,6218.59,540,False,98,5
1434,Chef's Basket Durum Wheat Fusilli Pasta,Packaged Food,16000,10933.97,500,False,196,5
1435,Top Ramen Chicken Noodles,Packaged Food,6000,3467.58,280,False,189,5
1436,Veeba Cheese and Chilli Sandwich Spread,Packaged Food,8900,4948.35,275,False,175,5
1437,Chings Secret Chowmein Hakka Noodles Masala,Packaged Food,4400,2690.98,60,False,153,5
1438,Safal Frozen - Mixed Vegetables,Packaged Food,11000,7600.3,1000,False,111,5
1439,MTR 3 Min Poha,Packaged Food,2500,1475.93,60,False,251,5
1440,Ching's Manchurian Instant Noodles,Packaged Food,1500,1027.03,60,False,246,5
1441,The Whole Truth Peanut Cocoa Mini Protein Bar No Sugar,Packaged Food,5500,4091.9,27,False,255,5
1442,Gits Pav Bhaji Ready to Eat,Packaged Food,11000,6256.58,300,False,199,5
1443,McCain New Mini Samosa with Cheese Corn Style Filling,Packaged Food,12000,8214.25,240,False,186,5
1444,Lijjat Udad Mini Papad,Packaged Food,6000,3832.5,200,False,107,5
1445,McCain Herb & Garlic Crazy Fries Masala Mix,Packaged Food,12000,8683.54,400,False,160,5
1446,Yoga Bar Multigrain Energy Bar Nuts And Seeds,Packaged Food,4000,2341.72,38,False,216,5
1447,"Ching's Secret Sauce, Green Chilli",Packaged Food,5500,3786.89,190,False,186,5
1448,Veeba Pizza Topping,Packaged Food,7500,5382.17,280,False,90,5
1449,Switz Paratha Puff,Packaged Food,11000,8128.15,400,False,221,5
1450,"New Kellogg's Muesli with 21% Fruit, Nut & Seeds",Packaged Food,32500,22316.11,500,False,93,5
1451,The Whole Truth Double Cocoa Mini Protein Bar No Sugar,Packaged Food,5500,3571.89,27,False,214,5
1452,Sunfeast Yippee Tricolor Pasta Seasoning,Packaged Food,2800,1885.99,65,False,171,5
1453,Wingreens Cheesy Chipotle Sauce,Packaged Food,9900,7165.43,130,False,116,5
1454,Maggi Rich Tomato Ketchup,Packaged Food,10500,6973.28,500,False,260,5
1455,The Whole Truth Dark Chocolate Peanut Butter - Creamy,Packaged Food,23500,13067.82,325,False,148,5
1456,Godrej Yummiez Chicken Nuggets,Packaged Food,32500,23926.17,500,False,121,5
1457,Go Cheese  Spread Plain,Packaged Food,9900,6810.26,200,False,250,5
1458,Kellogg's Real Almond & Honey Corn Flakes,Packaged Food,17500,11992.8,300,False,117,5
1459,The Whole Truth Vegan Almond Choco Fudge Energy Bar No Sugar,Packaged Food,6000,3558.81,40,False,195,5
1460,Prasuma Vegetable Momos,Packaged Food,27000,18407.98,24,False,194,5
1461,MTR Upma,Packaged Food,5000,3143.86,160,False,159,5
1462,Ching's Schezwan Masala Instant Noodles,Packaged Food,6000,4081.48,240,False,151,5
1463,The Whole Truth Cranberry Protein Bar No Sugar,Packaged Food,10000,5713.19,52,False,123,5
1464,Saffola Yummy Masala Noodles,Packaged Food,2000,1363.14,46,False,176,5
1465,Veeba English Mustard,Packaged Food,7400,5549.13,300,False,203,5
1466,Dabur Hommade Tamarind Paste,Packaged Food,4800,2686.28,200,False,195,5
1467,Yoga Bar Breakfast Muesli - Almond Caramel (No Added Sugar),Packaged Food,32500,24226.63,400,False,145,5
1468,The Whole Truth Mini Protein Bar - Peanut Butter No Added Sugar,Packaged Food,5500,3472.6,27,False,202,5
1469,ITC Master Chef Crispy Chicken Fries,Packaged Food,17000,12310.56,280,False,102,5
1470,Kelloggs Corn Flakes,Packaged Food,9900,6994.12,250,False,107,5
1471,Nissin Cup Noodles Tangy Tomato,Packaged Food,5000,3317.02,70,False,202,5
1472,Smith & Jones White Pasta Sauce Mix,Packaged Food,4000,2790.76,46,False,260,5
1473,Sunfeast Yippee! Pasta Treat - Sour Cream Onion,Packaged Food,2800,2031.97,65,False,128,5
1474,Mothers Recipe Tamrind Date Chutney,Packaged Food,5500,3469.55,200,False,259,5
1475,Veeba Mint Mayonnaise,Packaged Food,16900,10400.37,300,False,168,5
1476,Mccain Emotibites - Crispy Happy Potato Snack,Packaged Food,13000,8885.74,415,False,235,5
1477,The Whole Truth Energy Bar Choco Cranberry Fudge,Packaged Food,6000,4269.42,40,False,240,5
1478,Godrej Yummiez Chicken Lucknowi Seekh Kebab,Packaged Food,26000,18263.88,400,False,119,5
1479,Prasuma Vegetable Momos,Packaged Food,15000,10643.44,580,False,187,5
1480,Mother's Recipe Mixed Pickle,Packaged Food,8500,5415.49,300,False,147,5
1481,The Whole Truth Peanut Cocoa Protein Bar No Sugar,Packaged Food,10000,7135.67,52,False,156,5
1482,Yoga Bar Breakfast Muesli - Chocolate & Cranberry,Packaged Food,32500,18656.36,400,False,160,5
1483,Sunfeast YiPPee! Magic Masala Noodles,Packaged Food,7000,4612.28,405,False,235,5
1484,Veeba Sweet Onion Sauce,Packaged Food,14100,7771.24,350,False,195,5
1485,Quaker Oats Breakfast Cereals - With Flavour Mix Nutritious Rich Source Of Energy,Packaged Food,4900,3013.09,200,False,96,5
1486,Mother's Recipe Tamarind Paste,Packaged Food,5000,3116.46,200,False,129,5
1487,Yogabar No Added Sugar Protein Bar Brownie,Packaged Food,12500,7865.43,60,False,159,5
1488,Bambino Popular Vermicelli,Packaged Food,4000,2756.37,400,False,157,5
1489,Ching's Secret Mix Veg Instant Soup,Packaged Food,1000,627.71,15,False,138,5
1490,Mother's Recipe Pickle - Red Stuffed Chilli,Packaged Food,14500,9276.21,400,False,141,5
1491,Kellogg's No Added Sugar Muesli,Packaged Food,33500,20016.55,500,False,203,5
1492,Veeba Salsa Dip,Packaged Food,11900,7433.34,360,False,196,5
1493,Veeba Thousand Island Dressing,Packaged Food,14900,8872.26,300,False,118,5
1494,Baggry's Crunchy Muesli Almond Raisins & Honey,Packaged Food,13000,7340.31,200,False,238,5
1495,Knorr Chinese Hot And Sour Veg Soup,Packaged Food,5500,3688.79,43,False,167,5
1496,Go Cheese Spread - Garlic,Packaged Food,9900,6768.06,200,False,98,5
1497,The Whole Truth Peanut Butter With Dates - Creamy No Sugar,Packaged Food,21500,14488.81,325,False,264,5
1498,Zorabian Chicken Smoked Ham,Packaged Food,20500,13175.33,250,False,165,5
1499,Kissan Pineapple Jam,Packaged Food,16500,10328.29,500,False,131,5
1500,Smith & Jones Masala Noodles,Packaged Food,8900,6431.73,480,False,268,5
1501,Nestle Nestle Nan Pro Follow-Up Formula,Packaged Food,65000,42498.06,400,False,268,5
1502,Sunfeast Yippee! Power Up Atta Noodles,Packaged Food,9600,6200.03,280,False,217,5
1503,McCain Super Wedges,Packaged Food,12000,6661.54,400,False,109,5
1504,"Kellogg's Crunchy Granola Honey, Almonds, Strawberries & Pumpkin Seeds",Packaged Food,33000,20402.24,450,False,244,5
1505,Kellogg's Chocos,Packaged Food,13000,8138.51,250,False,255,5
1506,Ching's Secret Just Soak - Whole Wheat Veg Hakka Noodle,Packaged Food,3200,2015.25,150,False,161,5
1507,The Whole Truth Vegan Fig Apricot & Orange Energy Bar No Sugar,Packaged Food,6000,3996.21,40,False,154,5
1508,Saffola Veggie Twist Masala Oats,Packaged Food,19500,12806.05,500,False,202,5
1509,ITC Master Chef Classic Aloo Tikki,Packaged Food,8000,5372.65,320,False,113,5
1510,Smith & Jones Pink Pasta Sauce Mix,Packaged Food,4000,2811.91,46,False,217,5
1511,Wingreens Farms Chipotle Dip,Packaged Food,20000,14251.94,180,False,264,5
1512,Kellogg's Real Almond & Honey Corn Flakes,Packaged Food,55000,38149.35,1000,False,172,5
1513,Kellogg's Crunchy Granola Chocolate & Almonds,Packaged Food,33000,24456.46,450,False,152,5
1514,Cornitos Cornitos Taco Shells - 6 Inches,Packaged Food,16000,8858.34,180,False,149,5
1515,Ching's Secret Singapore Curry Instant Noodles,Packaged Food,1500,883.73,60,False,188,5
1516,Mother's Recipe Pickle - Mango,Packaged Food,12500,6893.91,400,False,151,5
1517,Godrej Yummiez Chilli Chicken Sausages,Packaged Food,16000,10871.92,250,False,119,5
1518,Pedigree Dentastix  Dog Treat Oral Care for Adult Medium Breed,Packaged Food,17500,12768.11,180,False,111,5
1519,Maggi Hot & Sweet - Tomato Chilli Sauce,Packaged Food,17000,10177.84,1000,False,215,5
1520,Ching's Secret Asian Hot Instant Soup,Packaged Food,1500,1103.11,15,False,246,5
1521,Kelloggs Chocos Protein And Fibre Of 1 Roti,Packaged Food,49900,28046.47,1200,False,258,5
1522,Mother's Recipe Pickle - Mango,Packaged Food,14900,10979.62,500,False,131,5
1523,Chings Secret Manchurian Instant Noodle,Packaged Food,6000,3721.95,240,False,187,5
1524,Kellogg's Original Corn Flakes,Packaged Food,31000,17678.81,875,False,120,5
1525,Ching's Singapore Curry Instant Noodles,Packaged Food,6000,3883.05,240,False,247,5
1526,Kellogg's Almonds And Cranberries Granola,Packaged Food,33000,19844.73,460,False,201,5
1527,Nestle Ceregrow Multigrain Cereal with Milk and Fruits - 3 to 6 years,Packaged Food,29200,17723.66,300,False,235,5
1528,MTR 3 Minute Breakfast - Magic Masala Upma,Packaged Food,2500,1528.64,60,False,211,5
1529,Smith & Jones Masala Noodles,Packaged Food,6800,4832.12,360,False,106,5
1530,"Knorr Classic Tomato Soup With 100% Real Vegetabls, No Added Preservatives",Packaged Food,5500,3618.08,53,False,127,5
1531,Godrej Yummiez Chicken Punjabi Tikka,Packaged Food,29500,18061.72,360,False,231,5
1532,Kellogg's Corn Flakes,Packaged Food,42500,28562.84,1000,False,199,5
1533,Kelloggs Chocos,Packaged Food,17000,11784.91,385,False,111,5
1534,Pedigree Puppy Dry Dog Food Food Chicken & Milk,Packaged Food,29000,17531.22,1200,False,145,5
1535,Ching's Secret Lemon Coriander Instant Soup,Packaged Food,1500,949.06,15,False,208,5
1536,Nestle Cerelac Baby Cereal With Milk Wheat-Rice Mixed Fruit,Packaged Food,26100,14991.25,300,False,236,5
1537,Kelloggs Chocos - Moons & Stars,Packaged Food,66000,38691.17,1200,False,146,5
1538,ITC Master Chef Chicken Galouti Kebab,Packaged Food,17000,11665.8,210,False,261,5
1539,Yogabar 100% Pure Peanut Butter Creamy & Yummy Unsweetened,Packaged Food,22900,13425.99,400,False,124,5
1540,Kitchens Of India Palak Paneer,Packaged Food,13000,8515.42,285,False,203,5
1541,Kelloggs Chocos Fills Double Chocolat,Packaged Food,9900,6848.91,175,False,214,5
1542,Soulfull Ragi Bites Choco Fills,Packaged Food,16900,9656.24,250,False,218,5
1543,Figaro Sliced Black Olive,Packaged Food,17900,11875.98,450,False,141,5
1544,Veeba Barbeque Sauce,Packaged Food,14900,8959.56,330,False,174,5
1545,The Whole Truth Vegan Mocha Almond Fudge Energy Bar No Sugar,Packaged Food,6000,4455.51,40,False,254,5
1546,"The Whole Truth - Nuts, Fruits & Seeds Muesli",Packaged Food,32500,21018.05,350,False,154,5
1547,Pantai Green Curry Paste,Packaged Food,15000,10667.98,114,False,268,5
1548,Kelloggs Special K,Packaged Food,21000,13860.95,435,False,218,5
1549,Moi Soi Sichuan Chilli Oil- For Stir Fry Marinade Spread & Dip,Packaged Food,28000,15643.11,175,False,110,5
1550,Mother's Recipe Madras Appalam,Packaged Food,5000,3383.15,100,False,270,5
1551,Top Ramen Masala Oat Masala,Packaged Food,8000,5922.25,280,False,105,5
1552,Saffola Everyday Peppy Tomato Masala Oats,Packaged Food,19500,13071.29,500,False,212,5
1553,"Ching's Secret Instant Noodles, Hot Garlic",Packaged Food,6000,4283.03,240,False,150,5
1554,Kitchens Of India Chicken Chettinad,Packaged Food,20000,14536.83,285,False,143,5
1555,Nestle Cerelac Wheat - Stage 1,Packaged Food,19000,11316.7,300,False,257,5
1556,Sumeru Aloo Paratha,Packaged Food,11900,7049.67,400,False,115,5
1557,ITC Master Chef Veggie Pizza Pocket,Packaged Food,17000,11427.34,340,False,169,5
1558,Wingreens Farms Tangy Cheese Pita Chips & Mexican Salsa Dip,Packaged Food,6000,3793.23,70,False,154,5
1559,Ching's Secret Manchow Soup,Packaged Food,5500,3948.85,55,False,189,5
1560,Veeba Carrot & Cucumber Sandwich Spread,Packaged Food,8500,6205.04,250,False,163,5
1561,Kellogg's Real Almond & Honey Corn Flakes,Packaged Food,37000,22965.32,650,False,260,5
1562,Kitchens Of India Mughlai Paneer,Packaged Food,16000,9557.99,285,False,106,5
1563,Ching's Secret Just Soak - Veg Hakka Noodles,Packaged Food,3000,2118.32,150,False,210,5
1564,Ching's Secret Chowmein Hakka Noodles Masala,Packaged Food,6000,3629.77,100,False,112,5
1565,The Whole Truth Dark Chocolate Peanut Butter - Crunchy,Packaged Food,23500,16791.29,325,False,224,5
1566,Mother's Recipe Bhel Puri Chutney,Packaged Food,5500,3491.11,200,False,261,5
1567,Kelloggs Chocos Moon & Stars,Packaged Food,33000,22555.83,680,False,270,5
1568,Mother's Recipe Lime Pickle,Packaged Food,12000,6829.28,400,False,160,5
1569,Kitchens of India Dal Makhani,Packaged Food,11000,7422.49,285,False,197,5
1570,Pantai Light Soy Sauce,Packaged Food,27500,17609.72,200,False,168,5
1571,Ching's Secret Sweet Corn Soup,Packaged Food,5500,3670.27,55,False,251,5
1572,"Top Ramen Noodles, Atta",Packaged Food,8000,4668.82,280,False,135,5
1573,Cantina Tortilla Dip Sauce Sour Creamy Tex Mex,Packaged Food,22500,15690.93,190,False,167,5
1574,Dabur Hommade - Rajasthan Ki Garlic Chutne,Packaged Food,6500,4696.64,200,False,105,5
1575,MTR Seviyan Vermicelli,Packaged Food,4200,2492.06,400,False,160,5
1576,Pantai Oyster Sauce,Packaged Food,27500,15651.43,200,False,185,5
1577,Go Cheese Spread - Four Pepper (Soft & Creamy),Packaged Food,9900,5491.8,200,False,236,5
1578,MTR Ready To Eat Paneer Butter Masala,Packaged Food,13500,9158.32,300,False,91,5
1579,Nestle Lactogen Stage 2 Follow-up Formula Powder,Packaged Food,34000,22828.24,400,False,99,5
1580,Kellogg's Crunchy Bites Chocos,Packaged Food,19000,12527.45,375,False,267,5
1581,Veeba Hot Sweet Tomato Chilli Sauce,Packaged Food,10400,6202.45,500,False,214,5
1582,Borges Durum Wheat Pasta Superior Quality,Packaged Food,25000,15704.53,500,False,170,5
1583,Funfoods Peanut Butter Crunchy,Packaged Food,16900,11304.33,400,False,229,5
1584,Pantai Red Curry Paste,Packaged Food,6000,3896.12,50,False,159,5
1585,ITC Master Chef Chicken Seekh Kabab,Packaged Food,32500,24295.61,500,False,239,5
1586,Del Monte Pizza & Pasta Sauce Spout Pack,Packaged Food,9900,5715.15,400,False,121,5
1587,Pantai Sriracha Red Chilli Sauce,Packaged Food,22500,15503.15,200,False,194,5
1588,Hershey's Cocoa Spread,Packaged Food,29500,18610.48,350,False,173,5
1589,Maggi Ghee Tadka Upma Express Pouch,Packaged Food,2500,1589.1,65,False,218,5
1590,Ching's Secret Manchurian Noodles,Packaged Food,9100,6311.03,360,False,147,5
1591,Kellogg's All Bran Wheat Flakes,Packaged Food,22000,15146.72,425,False,235,5
1592,Yummiez Chicken Breakfast Sausages,Packaged Food,15000,11223.77,250,False,223,5
1593,Pantai Red Curry Paste,Packaged Food,15000,8635.18,114,False,134,5
1594,Bagrrys Muesli Crunchy Fruit & Nut With Cranberries,Packaged Food,33000,18837.12,400,False,186,5
1595,Quaker Oats Pouch,Packaged Food,27600,19178.35,1500,False,112,5
1596,Prasuma Momos -  Cheesy Spicy Veg,Packaged Food,29500,19637.48,24,False,112,5
1597,Veeba Sriracha Chilli Garlic Sauce,Packaged Food,14900,9012.0,320,False,243,5
1598,Ching's Secret Just Soak - Veg Hakka Noodles,Packaged Food,11500,6507.66,600,False,224,5
1599,Moi Soi Kung Pao Sauce - For Stir Fry Marinade Spread & Dip,Packaged Food,28000,15879.69,175,False,168,5
1600,Figaro Plain Green Olive,Packaged Food,17900,13046.2,450,False,133,5
1601,Mother's Recipe Gujrati Gorkeri Pickle,Packaged Food,14000,8237.23,500,False,116,5
1602,Kellogg's Muesli 20% Nuts Delight,Packaged Food,32000,19669.58,500,False,115,5
1603,Borges Farfalle Durum Wheat Pasta,Packaged Food,25000,14883.28,500,False,186,5
1604,Kellogg's Chocos,Packaged Food,29900,18567.88,700,False,125,5
1605,Nestle Nan Pro 4 Follow Up Formula Powder For Older Infants,Packaged Food,62000,34960.86,400,False,198,5
1606,Veeba Truly Tomato Ketchup,Packaged Food,9900,6472.74,500,False,144,5
1607,Ching's Secret Green Chilli Sauce,Packaged Food,8500,4789.94,680,False,158,5
1608,MTR Roasted Vermicelli,Packaged Food,5500,3905.39,400,False,150,5
1609,Mother's Recipe Punjabi Teekha Mang Pickle,Packaged Food,12000,7160.91,400,False,219,5
1610,Ching's Secret Hot Garlic Instant Noodles,Packaged Food,11400,7501.23,480,False,144,5
1611,Kellogg's Real Honey Corn Flakes,Packaged Food,29000,21054.46,630,False,211,5
1612,ITC Master Chef Lebanese Falafel Kebab,Packaged Food,13000,8842.28,230,False,186,5
1613,Kelloggs Chocos Fills Double Chocolaty,Packaged Food,18500,12146.94,250,False,169,5
1614,Organic India Apple Cider Vinegar,Packaged Food,59500,36584.57,500,False,176,5
1615,Masala Oats Masala & Coriander,Packaged Food,19500,12023.71,500,False,127,5
1616,Ching's Secret  Noodles - Pad Thai Lemongras,Packaged Food,20000,13677.95,130,False,208,5
1617,Bagrrys Fruit and Nut Muesli with Cranberries,Packaged Food,49900,37366.51,750,False,167,5
1618,Kitchens Of India Yellow Dal Tadka,Packaged Food,11000,7506.05,285,False,246,5
1619,Soulfull Vanilla Fills - Ragi Bites,Packaged Food,16900,11180.31,250,False,243,5
1620,Pantai Teriyaki Sauce with Garlic,Packaged Food,32500,22624.23,200,False,124,5
1621,Whiskas Adult Pocket Tuna Cat Food,Packaged Food,41000,26364.69,1200,False,168,5
1622,Kitchens Of India Chicken Darbari,Packaged Food,20000,11240.57,285,False,156,5
1623,Soulfull Millet Muesli Fruit & Nut Almonds & Real Fruits,Packaged Food,29900,19807.53,400,False,176,5
1624,Smith & Jones Red Pasta Sauce Mix,Packaged Food,4000,2966.1,46,False,246,5
1625,Kellogg's Muesli Nuts Delight,Packaged Food,42500,24865.08,750,False,123,5
1626,Kitchens of India Dal Bukhara Gravy Mix,Packaged Food,11000,7568.01,285,False,186,5
1627,The Whole Truth Peanut Butter - Sweetened & Crunchy,Packaged Food,21500,12689.01,325,False,258,5
1628,Remia Mayonnaise,Packaged Food,23000,15114.81,241,False,258,5
1629,Ching's Secret Green Chilli Sauce,Packaged Food,10500,5978.02,425,False,240,5
1630,Bagrrys Fruit N Fibre Muesli - Strawberry,Packaged Food,59500,38084.41,1000,False,160,5
1631,Ching's Secret Tomato Oats Instant Soup,Packaged Food,1500,1051.85,20,False,92,5
1632,Kellogg's Special K Original Corn Flakes,Packaged Food,14000,8673.2,290,False,147,5
1633,Moi Soi  Black Bean Sauce - Dip Spread Stir Fry & Marinade,Packaged Food,28000,19123.51,175,False,121,5
1634,Tong Garden Wasabi Green Peas,Packaged Food,17500,12409.07,150,False,120,5
1635,Ching's Secret Red Chilli Sauce,Packaged Food,10500,7722.07,440,False,171,5
1636,Ching's Instant Hot and Sour Soup,Packaged Food,5500,3283.11,55,False,132,5
1637,Ching's Secret Noodles - Pad Thai Original,Packaged Food,20000,12597.26,130,False,224,5
1638,Aashirvaad Instant Meals - Khatta Meetha Pohaa With Millets,Packaged Food,5500,3192.66,80,False,194,5
1639,Del Monte Black Sliced Olives,Packaged Food,25000,18712.42,450,False,90,5
1640,Kitchens Of India Murgh Methi,Packaged Food,22000,16178.8,285,False,150,5
1641,Nestle Cerelac 5 Grains & Fruits Cereal,Packaged Food,28800,18950.15,300,False,103,5
1642,The Whole Truth - 5 Grain Muesli No Added Sugar,Packaged Food,32500,23348.22,350,False,269,5
1643,Ching's Secret  Pad Thai Noodles Green Curry,Packaged Food,20000,13083.83,130,False,95,5
1644,Aashirvaad Suji Halwa With Jaggery,Packaged Food,7500,5060.38,70,False,192,5
1645,Mother's Recipe Mango Pickle,Packaged Food,12000,6813.9,400,False,99,5
1646,Ching's Secret Pad Thai Noodles - Extra Hot Thai Chilli,Packaged Food,20000,14021.08,130,False,160,5
1647,Kellogg's Special K Original Corn Flakes,Packaged Food,39900,22964.15,900,False,179,5
1648,Knorr Sweet Corn Chicken Soup,Packaged Food,5500,3933.67,42,False,247,5
1649,Ching's Secret Tomato Soup,Packaged Food,5500,3885.23,55,False,238,5
1650,Funfoods Peanut Butter Creamy,Packaged Food,16900,11690.56,400,False,215,5
1651,Japanese Choice Udon Noodles,Packaged Food,29500,16438.35,250,False,186,5
1652,Kelloggs Muesli - With 22% Fruit Magic,Packaged Food,32000,19540.02,500,False,163,5
1653,Dabur Hommade - Kalonji Tamatar Ki Chutney,Packaged Food,6500,3917.05,200,False,204,5
1654,Kitchens Of India Dal Makhani,Packaged Food,11000,6842.3,285,False,259,5
1655,Aashirvaad Suji Halwa With Jaggery,Packaged Food,5500,3121.41,80,False,140,5
1656,Del Monte Green Chili Sauce,Packaged Food,5500,4055.65,190,False,145,5
1657,Pedigree Dog Food Adult Chicken & Veg,Packaged Food,66000,43610.19,3000,False,130,5
1658,Kellogg's Original Corn Flakes,Packaged Food,18500,11305.44,475,False,121,5
1659,Pedigree Puppy Dry Dog Food Food Chicken & Milk,Packaged Food,69000,43428.34,3000,False,104,5
1660,Kitchens Of India Rajma Masala,Packaged Food,11000,7033.85,285,False,151,5
1661,Kitchen Of India Ready-To-Eat Pindi Channa,Packaged Food,11000,7371.31,285,False,244,5
1662,Figaro Pitted Black Olive,Packaged Food,17900,11691.13,450,False,117,5
1663,Cantina Tabasco Red Sauce,Packaged Food,14000,10274.3,60,False,153,5
1664,Mother's Recipe Pickle - Mixed,Packaged Food,14900,9675.95,500,False,219,5
1665,Nestle Cerelac Baby Cereal with Milk 5 Grains & Vegetables from 18 to 24 Month,Packaged Food,27900,20881.24,300,False,216,5
1666,Pedigree Meat Jerky Adult Dog Treat Barbecued Chicken,Packaged Food,14000,10083.99,80,False,125,5
1667,Veeba Peri Peri Sauce,Packaged Food,16100,9526.4,300,False,203,5
1668,Pantai Sriracha Yellow Chilli Sauce,Packaged Food,22500,16562.68,200,False,102,5
1669,Praakritik Organic Jumbo Rolled Oats,Packaged Food,19000,10892.19,500,False,104,5
1670,Ching's Secret Just Soak - Whole Wheat Veg Hakka Noodles,Packaged Food,12300,8775.93,600,False,178,5
1671,Pantai Spring Roll Sauce,Packaged Food,27500,17218.43,200,False,111,5
1672,MTR Vermicelli Payasam,Packaged Food,7500,5441.96,180,False,163,5
1673,Bagrrys Corn Flakes,Packaged Food,35000,25326.4,880,False,114,5
1674,MTR Ready To Eat Palak Paneer,Packaged Food,13500,9601.0,300,False,190,5
1675,Del Monte Red Chili Sauce,Packaged Food,5500,3894.03,190,False,265,5
1676,Kitchens of India Mutter Paneer Mix,Packaged Food,12000,7331.23,285,False,260,5
1677,Pantai Green Curry Paste,Packaged Food,6000,3397.1,50,False,206,5
1678,The Laughing Cow Cheese Spread Plain,Packaged Food,11000,6936.56,180,False,255,5
1679,MTR Dal Fry,Packaged Food,11000,6431.75,300,False,130,5
1680,Pantai Fish Sauce,Packaged Food,27500,18947.23,200,False,262,5
1681,Cantina Beans Mexican Beans,Packaged Food,25000,15480.5,410,False,177,5
1682,Ching's Secret Manchurian Instant Noodle,Packaged Food,11400,8494.39,480,False,257,5
1683,Remia Salad Italian Dressing,Packaged Food,23000,15598.47,250,False,199,5
1684,Yummiez Veg Cheese Fingers Pouch,Packaged Food,23000,16433.41,400,False,209,5
1685,MTR Dal Makhani,Packaged Food,11000,6341.55,300,False,186,5
1686,MTR Ready to Eat Pav Bhaji,Packaged Food,11000,7946.43,300,False,234,5
1687,Weikfield Tomato Salsa Instant Pasta,Packaged Food,2500,1836.38,77,False,146,5
1688,Nestlé CERELAC Baby Cereal with Milk,Packaged Food,27200,17609.62,300,False,219,5
1689,Remia Salad Caesar Dressing,Packaged Food,25000,16781.26,250,False,185,5
1690,Bagrrys Fruit N Fibre Muesli Mixed Fruit,Packaged Food,33000,23197.74,500,False,210,5
1691,MTR Paneer Butter Masala & Veg Pulao,Packaged Food,17500,10236.94,375,False,151,5
1692,Sundrop Cocoa Nut Hazelnut Chocolatey Spread,Packaged Food,12000,7806.16,160,False,226,5
1693,Moi Soi Manchurian Sauce - For Stir Fry Marinade Spread & Dip,Packaged Food,28000,17632.51,175,False,157,5
1694,Pedigree Dog Food Adult Meat & Rice,Packaged Food,66000,38232.14,3000,False,170,5
1695,Pantai Sriracha Green Chilli Sauce,Packaged Food,22500,14028.9,200,False,106,5
1696,Pantai Chilli Garlic Sauce,Packaged Food,27500,15499.95,200,False,206,5
1697,Pantai Dark Soy Sauce,Packaged Food,27500,15266.97,200,False,139,5
1698,Yoga Bar Peanut Butter Dark Chocolate Jar,Packaged Food,24900,14368.13,400,False,201,5
1699,Cantina Tabasco Green Sauce,Packaged Food,14000,10396.72,60,False,183,5
1700,Pantai Pad Thai Sauce (Non-Veg),Packaged Food,32500,21446.94,200,False,257,5
1701,Pantai Sweet Chilli Sauce,Packaged Food,27500,20437.02,200,False,174,5
1702,Ching's Secret Schezwan Instant Noodle,Packaged Food,11400,7256.1,480,False,238,5
1703,Yummiez Chicken Garlic Fingers Pouch,Packaged Food,25000,15309.08,400,False,235,5
1704,Pediasure Premium Chocolate Powdered Health Drink,Packaged Food,61000,39724.93,400,False,246,5
1705,Chings Secret Hot Garlic Instant Noodles,Packaged Food,9100,5804.91,60,False,241,5
1706,Godrej Yummiez Cheese Corn Nuggets,Packaged Food,23000,13136.06,400,False,163,5
1707,Pantai Hot Chilli Sauce,Packaged Food,27500,18649.54,200,False,198,5
1708,Knorr International Mexican Tomato Corn Soup,Packaged Food,6500,3855.85,52,False,234,5
1709,Bagrry's Fruit Fibre Muesli Mixed Fruit,Packaged Food,59500,40098.1,1000,False,107,5
1710,MTR Roasted Vermicelli,Packaged Food,10500,7140.42,850,False,131,5
1711,Maggi 2-Minute Instant Noodles - Masala,Packaged Food,4400,2553.78,280,False,190,5
1712,"Kurkure Green Chutney, Rajasthani Style",Packaged Food,2000,1124.54,90,False,134,5
1713,Kellogg's Chocos Combo Pack,Packaged Food,6000,4236.91,156,False,171,5
1714,Kissan Mixed Fruit Jam,Packaged Food,15500,9950.38,500,False,106,5
1715,Lijjat Urad Papad,Packaged Food,6000,3369.8,200,False,162,5
1716,Amul Cheese Spread Yummy Plain,Packaged Food,8500,6366.27,200,False,103,5
1717,Mother's Recipe Ginger And Garlic Paste,Packaged Food,5000,2807.78,200,False,266,5
1718,Maggi Magic Cubes Chicken,Packaged Food,4000,2756.03,40,False,246,5
1719,Pedigree Puppy Chicken Chunks in Gravy,Packaged Food,3500,2613.58,70,False,221,5
1720,The Whole Truth Peanut Butter - Unsweetened & Crunchy,Packaged Food,18500,11059.97,325,False,171,5
1721,Ching's Chow Mein Hakka Noodles Masala,Packaged Food,1000,578.45,20,False,237,5
1722,Safal Frozen Mixed Vegetables,Packaged Food,6000,3445.66,500,False,209,5
1723,Safal Frozen Corn,Packaged Food,4100,2503.69,200,False,209,5
1724,Amul Cheese Spread Spicy Garlic,Packaged Food,8500,4846.78,200,False,136,5
1725,Ching's Secret Veg Hakka Noodles,Packaged Food,10700,7366.23,600,False,196,5
1726,Saffola Oats 100 % Natural,Packaged Food,1500,843.69,38,False,197,5
1727,Lijjat Moong Papad,Packaged Food,6000,3911.31,200,False,98,5
1728,Mothers Recipe Papad - Sabudana With Rock Salt,Packaged Food,3100,2322.95,70,False,168,5
1729,Maggi Chilly Chow Cuppa Noodles,Packaged Food,5000,3563.97,70,False,244,5
1730,Veeba Favourites Eggless Burger Mayonnaise,Packaged Food,6900,4644.0,250,False,104,5
1731,Sunfeast Yippee! Magic Masala Noodles,Packaged Food,4800,2934.0,240,False,108,5
1732,Top Ramen Masala,Packaged Food,9100,6140.49,560,False,179,5
1733,Kelloggs Corn Flakes With Real Strawberry Pure,Packaged Food,26500,17368.32,575,False,269,5
1734,Mother's Recipe Potato Papad,Packaged Food,3100,1969.17,70,False,115,5
1735,Mothers Recipe Rice Papad Ajwain,Packaged Food,2400,1382.74,75,False,243,5
1736,Chef's Basket Durum Wheat Penne Pasta,Packaged Food,16000,11637.13,500,False,243,5
1737,Dabur Hommade - Imli Sauce Saunth,Packaged Food,2000,1279.91,100,False,263,5
1738,Zorabian Chicken Kheema Parathas,Packaged Food,19000,11189.57,300,False,181,5
1739,Sunfeast Pasta Treat Pack of Tomato Cheese,Packaged Food,2800,1745.95,65,False,266,5
1740,Safal Frozen - Sweet Corn,Packaged Food,16000,10125.22,1000,False,171,5
1741,MTR Vegetable Upma,Packaged Food,2500,1788.77,60,False,270,5
1742,Del Monte Original Blend Tomato Ketchup Pouch,Packaged Food,12000,8360.67,950,False,220,5
1743,Del Monte Natural Vinegar,Packaged Food,5500,3871.24,180,False,131,5
1744,Del Monte Eggless Mayo,Packaged Food,13500,7454.78,500,False,108,5
1745,ITC Master Chef Cheesy Corn Triangles,Packaged Food,16000,10131.69,320,False,106,5
1746,Mother's Recipe Mixed Pickle,Packaged Food,11500,7432.09,400,False,250,5
1747,Godrej Yummiez Chicken Breakfast Salami,Packaged Food,15000,8307.58,250,False,165,5
1748,Hershey's Cocoa + Almond Spread,Packaged Food,29500,17757.9,350,False,266,5
1749,Maggi Special Masala Spicy Yummy Noodles,Packaged Food,7200,5054.82,280,False,152,5
1750,Del Monte Schezwan Sauce,Packaged Food,5500,3175.82,190,False,220,5
1751,Yummiez Green Peas,Packaged Food,13500,8870.34,500,False,196,5
1752,Yummiez Green Peas,Packaged Food,25000,14826.01,1000,False,138,5
1753,Yummiez American Sweet Corn,Packaged Food,8500,4695.61,400,False,144,5
1754,Dr Oetker Cucumber & Carrot Sandwich Spread Veg,Packaged Food,7900,4726.1,250,False,243,5
1755,Del Monte Pitted Green Olives,Packaged Food,25000,18629.37,450,False,188,5
1756,Maggi 2 Minute Masala Noodles,Ice Cream & Desserts,1200,852.37,70,True,131,4
1757,iD Idli & Dosa Batter,Ice Cream & Desserts,8000,5935.32,1000,True,111,4
1758,iD Malabar Parota,Ice Cream & Desserts,8000,5180.57,400,True,159,4
1759,iD Wheat Lachha Paratha,Ice Cream & Desserts,8000,4575.58,400,True,176,4
1760,McCain Aloo Tikki,Ice Cream & Desserts,11000,7255.51,400,True,177,4
1761,McCain Smiles Cripsy Happy Potatoes,Ice Cream & Desserts,12000,7690.51,415,True,66,4
1762,McCain Veggie Burger Patty,Ice Cream & Desserts,11500,8267.02,360,True,105,4
1763,McCain Veggie Fingers,Ice Cream & Desserts,11700,6664.51,400,True,105,4
1764,Amul Delicious Fat Spread - Cholesterol Free,Ice Cream & Desserts,1800,1165.77,100,True,159,4
1765,Whiskas Wet  Meal (Adult - Cat Food)  Chicken in Gravy,Ice Cream & Desserts,3500,2030.03,85,True,75,4
1766,McCain Chilli Garlic Potato Bites Crunchy Potato Nuggets,Ice Cream & Desserts,12500,7686.69,420,True,83,4
1767,Ching's Secret Instant Hot Garlic Noodles,Ice Cream & Desserts,1500,1046.21,60,True,120,4
1768,Veeba Eggless Mayonnaise,Ice Cream & Desserts,7900,5097.11,250,True,113,4
1769,Ching's Secret Instant Schezwan Noodles,Ice Cream & Desserts,1500,937.77,60,True,121,4
1770,Veeba Pasta And Pizza Sauce,Ice Cream & Desserts,7500,4716.71,280,True,60,4
1771,Top Ramen  Noodles Curry Veg Pouch,Ice Cream & Desserts,2000,1283.78,70,True,108,4
1772,Saffola Veggie Twist Masala Oats,Ice Cream & Desserts,1500,1060.5,38,True,84,4
1773,Unibic Almond & Oats Protein Bar,Ice Cream & Desserts,4000,2913.67,30,True,69,4
1774,Quaker Oats,Ice Cream & Desserts,7900,5854.43,400,True,177,4
1775,Amul Delicious Fat Spread - Cholesterol Free,Ice Cream & Desserts,8800,6224.95,500,True,139,4
1776,McCain French Fries,Ice Cream & Desserts,12000,7356.98,420,True,75,4
1777,Ching's Secret Manchow Instant Soup,Ice Cream & Desserts,1000,687.63,15,True,117,4
1778,McCain Potato Cheese Shotz,Ice Cream & Desserts,13000,8287.77,250,True,131,4
1779,McCain Masala - Fries,Ice Cream & Desserts,12000,7211.21,375,True,88,4
1780,Ching's Secret Schezwan Fried Rice Masala,Ice Cream & Desserts,1500,1077.26,20,True,162,4
1781,McCain New Mini Samosa with Cheese Pizza Style Filling,Ice Cream & Desserts,12000,6692.22,240,True,151,4
1782,McCain Chilli Cheesy Nuggets,Ice Cream & Desserts,13000,9494.58,250,True,65,4
1783,"Whiskas Adult (+1 Year) Dry Cat Food, Ocean Fish Flavour",Ice Cream & Desserts,43000,27618.71,1200,True,75,4
1784,Chings Instant Soup - Hot & Sour,Ice Cream & Desserts,1000,677.44,15,True,79,4
1785,Amul Spray Infant Milk Food,Ice Cream & Desserts,19700,13432.85,500,True,139,4
1786,McCain Smiles - Pudina Chatka,Ice Cream & Desserts,12000,8748.28,375,True,130,4
1787,McCain French Fries Crisp & Delicious,Ice Cream & Desserts,17500,11853.34,750,True,164,4
1788,Ferrero Nutella Hazelnut Spread,Ice Cream & Desserts,22000,14801.31,180,True,137,4
1789,Lijjat Garlic Papad,Ice Cream & Desserts,6000,3379.98,200,True,102,4
1790,Switz Samosa Dough Sheets,Ice Cream & Desserts,9000,5883.13,50,True,85,4
1791,Amul Cheese Spread Creamy,Ice Cream & Desserts,8500,4930.29,180,True,149,4
1792,Maggi Imli Sauce Pichkoo,Ice Cream & Desserts,2200,1534.47,90,True,137,4
1793,Whiskas Kitten (2-12 months) Dry Cat Food Food Ocean Fish,Ice Cream & Desserts,38500,25119.11,1100,True,130,4
1794,Chings Instant Soup - Sweet Corn Veg,Ice Cream & Desserts,1000,686.05,15,True,92,4
1795,Whiskas Wet  Meal (Kitten - Cat Food)  Chicken in Gravy,Ice Cream & Desserts,3500,1954.17,85,True,85,4
1796,McCain Crazy Fries Masala MixHot 'n' Tangy,Ice Cream & Desserts,12000,6803.5,400,True,180,4
1797,The Whole Truth Double Cocoa Protein Bar No Sugar,Ice Cream & Desserts,10000,6932.65,52,True,104,4
1798,Amul Happy Treats French Fries,Ice Cream & Desserts,6800,3838.03,425,True,143,4
1799,Ferrero Nutella Hazeulnut Spread,Ice Cream & Desserts,38000,21441.55,350,True,122,4
1800,Veeba Chipolte Southwest Dressing,Ice Cream & Desserts,16100,8893.99,300,True,126,4
1801,Ching's Secret Manchow Noodles Instant Soup,Ice Cream & Desserts,1500,1111.95,20,True,111,4
1802,Yoga Bar Breakfast Protein Bar - Blueberry Pie,Ice Cream & Desserts,5000,3487.51,50,True,127,4
1803,Quaker Oats,Ice Cream & Desserts,19900,12350.94,1000,True,85,4
1804,The Whole Truth Mini Protein Bar - Coconut Cocoa No Added Sugar,Ice Cream & Desserts,5500,3351.19,27,True,134,4
1805,Switz Spring Roll Dough Sheets,Ice Cream & Desserts,9000,5579.47,1160,True,61,4
1806,Unibic Fruit & Nut Real Cranberries & Almonds Protein Bar,Ice Cream & Desserts,4000,2819.72,30,True,73,4
1807,Ching's Secret Tomato Instant Soup,Ice Cream & Desserts,1000,682.27,16,True,167,4
1808,Chef's Basket Durum Wheat Elbow Pasta,Ice Cream & Desserts,16000,9392.63,500,True,89,4
1809,Sunfeast Yippee! Mood Masala Noodles,Ice Cream & Desserts,6000,3508.93,260,True,108,4
1810,MTR Breakfast Khatta Meetha Poha Mix,Ice Cream & Desserts,2500,1424.2,60,True,71,4
1811,Kellogg's Crunchy Fruit & Nut Breakfast Cereals Muesli,Ice Cream & Desserts,44500,30351.69,750,True,149,4
1812,Ching's Secret Chilli Vinegar,Ice Cream & Desserts,5000,3514.37,170,True,103,4
1813,Ching's Red Chilli Sauce,Ice Cream & Desserts,5500,3316.55,200,True,92,4
1814,Amul Lite Spread,Ice Cream & Desserts,4000,2216.76,100,True,72,4
1815,Borges Durum Wheat Fusilli Pasta,Ice Cream & Desserts,25000,14160.86,500,True,137,4
1816,The Whole Truth Cranberry Mini Protein Bar No Sugar,Ice Cream & Desserts,5500,4089.65,27,True,147,4
1817,The Whole Truth Mini Protein Bar - Coffee Cocoa No Added Sugar,Ice Cream & Desserts,5500,3349.99,27,True,157,4
1818,Maggi Hot & Sweet Tomato Chilli Sauce,Ice Cream & Desserts,11500,8094.21,500,True,167,4
1819,Sunfeast YiPPee! Noodles - Magic Masala,Ice Cream & Desserts,9600,6479.35,540,True,85,4
1820,Chef's Basket Durum Wheat Fusilli Pasta,Ice Cream & Desserts,16000,10022.21,500,True,80,4
1821,Top Ramen Chicken Noodles,Ice Cream & Desserts,6000,3546.82,280,True,87,4
1822,Veeba Cheese and Chilli Sandwich Spread,Ice Cream & Desserts,8900,5111.07,275,True,107,4
1823,Chings Secret Chowmein Hakka Noodles Masala,Ice Cream & Desserts,4400,2961.21,60,True,159,4
1824,Safal Frozen - Mixed Vegetables,Ice Cream & Desserts,11000,7754.19,1000,True,99,4
1825,MTR 3 Min Poha,Ice Cream & Desserts,2500,1696.95,60,True,125,4
1826,Ching's Manchurian Instant Noodles,Ice Cream & Desserts,1500,984.09,60,True,165,4
1827,The Whole Truth Peanut Cocoa Mini Protein Bar No Sugar,Ice Cream & Desserts,5500,3071.15,27,True,132,4
1828,Gits Pav Bhaji Ready to Eat,Ice Cream & Desserts,11000,8180.68,300,True,146,4
1829,McCain New Mini Samosa with Cheese Corn Style Filling,Ice Cream & Desserts,12000,8516.91,240,True,138,4
1830,Lijjat Udad Mini Papad,Ice Cream & Desserts,6000,3651.39,200,True,136,4
1831,McCain Herb & Garlic Crazy Fries Masala Mix,Ice Cream & Desserts,12000,8951.93,400,True,82,4
1832,Yoga Bar Multigrain Energy Bar Nuts And Seeds,Ice Cream & Desserts,4000,2681.51,38,True,140,4
1833,"Ching's Secret Sauce, Green Chilli",Ice Cream & Desserts,5500,3665.66,190,True,107,4
1834,Veeba Pizza Topping,Ice Cream & Desserts,7500,5247.11,280,True,61,4
1835,Switz Paratha Puff,Ice Cream & Desserts,11000,7835.89,400,True,143,4
1836,"New Kellogg's Muesli with 21% Fruit, Nut & Seeds",Ice Cream & Desserts,32500,22142.11,500,True,79,4
1837,The Whole Truth Double Cocoa Mini Protein Bar No Sugar,Ice Cream & Desserts,5500,3165.91,27,True,118,4
1838,Sunfeast Yippee Tricolor Pasta Seasoning,Ice Cream & Desserts,2800,1729.43,65,True,105,4
1839,Wingreens Cheesy Chipotle Sauce,Ice Cream & Desserts,9900,7282.61,130,True,62,4
1840,Maggi Rich Tomato Ketchup,Ice Cream & Desserts,10500,6246.69,500,True,114,4
1841,The Whole Truth Dark Chocolate Peanut Butter - Creamy,Ice Cream & Desserts,23500,14674.19,325,True,71,4
1842,Godrej Yummiez Chicken Nuggets,Ice Cream & Desserts,32500,20683.5,500,True,99,4
1843,Go Cheese  Spread Plain,Ice Cream & Desserts,9900,6315.02,200,True,125,4
1844,Kellogg's Real Almond & Honey Corn Flakes,Ice Cream & Desserts,17500,11770.29,300,True,159,4
1845,The Whole Truth Vegan Almond Choco Fudge Energy Bar No Sugar,Ice Cream & Desserts,6000,4431.69,40,True,137,4
1846,Prasuma Vegetable Momos,Ice Cream & Desserts,27000,16149.74,24,True,75,4
1847,MTR Upma,Ice Cream & Desserts,5000,2871.5,160,True,142,4
1848,Ching's Schezwan Masala Instant Noodles,Ice Cream & Desserts,6000,3536.96,240,True,93,4
1849,The Whole Truth Cranberry Protein Bar No Sugar,Ice Cream & Desserts,10000,7273.85,52,True,103,4
1850,Saffola Yummy Masala Noodles,Ice Cream & Desserts,2000,1358.32,46,True,169,4
1851,Veeba English Mustard,Ice Cream & Desserts,7400,4493.14,300,True,65,4
1852,Dabur Hommade Tamarind Paste,Ice Cream & Desserts,4800,3423.31,200,True,136,4
1853,Yoga Bar Breakfast Muesli - Almond Caramel (No Added Sugar),Ice Cream & Desserts,32500,23473.9,400,True,123,4
1854,The Whole Truth Mini Protein Bar - Peanut Butter No Added Sugar,Ice Cream & Desserts,5500,3956.17,27,True,159,4
1855,ITC Master Chef Crispy Chicken Fries,Ice Cream & Desserts,17000,12474.35,280,True,81,4
1856,Kelloggs Corn Flakes,Ice Cream & Desserts,9900,5944.44,250,True,77,4
1857,Nissin Cup Noodles Tangy Tomato,Ice Cream & Desserts,5000,3505.04,70,True,71,4
1858,Smith & Jones White Pasta Sauce Mix,Ice Cream & Desserts,4000,2568.43,46,True,111,4
1859,Sunfeast Yippee! Pasta Treat - Sour Cream Onion,Ice Cream & Desserts,2800,2011.52,65,True,177,4
1860,Mothers Recipe Tamrind Date Chutney,Ice Cream & Desserts,5500,3826.34,200,True,153,4
1861,Veeba Mint Mayonnaise,Ice Cream & Desserts,16900,11919.39,300,True,176,4
1862,Mccain Emotibites - Crispy Happy Potato Snack,Ice Cream & Desserts,13000,8856.02,415,True,110,4
1863,The Whole Truth Energy Bar Choco Cranberry Fudge,Ice Cream & Desserts,6000,3512.91,40,True,163,4
1864,Godrej Yummiez Chicken Lucknowi Seekh Kebab,Ice Cream & Desserts,26000,17134.14,400,True,130,4
1865,Prasuma Vegetable Momos,Ice Cream & Desserts,15000,11204.01,580,True,155,4
1866,Mother's Recipe Mixed Pickle,Ice Cream & Desserts,8500,6268.56,300,True,107,4
1867,The Whole Truth Peanut Cocoa Protein Bar No Sugar,Ice Cream & Desserts,10000,5586.35,52,True,78,4
1868,Yoga Bar Breakfast Muesli - Chocolate & Cranberry,Ice Cream & Desserts,32500,18946.3,400,True,65,4
1869,Sunfeast YiPPee! Magic Masala Noodles,Ice Cream & Desserts,7000,4034.42,405,True,143,4
1870,Veeba Sweet Onion Sauce,Ice Cream & Desserts,14100,9802.26,350,True,86,4
1871,Quaker Oats Breakfast Cereals - With Flavour Mix Nutritious Rich Source Of Energy,Ice Cream & Desserts,4900,3496.43,200,True,112,4
1872,Mother's Recipe Tamarind Paste,Ice Cream & Desserts,5000,2963.51,200,True,166,4
1873,Yogabar No Added Sugar Protein Bar Brownie,Ice Cream & Desserts,12500,8139.63,60,True,160,4
1874,Bambino Popular Vermicelli,Ice Cream & Desserts,4000,2872.56,400,True,107,4
1875,Ching's Secret Mix Veg Instant Soup,Ice Cream & Desserts,1000,696.56,15,True,66,4
1876,Mother's Recipe Pickle - Red Stuffed Chilli,Ice Cream & Desserts,14500,9547.49,400,True,118,4
1877,Kellogg's No Added Sugar Muesli,Ice Cream & Desserts,33500,22380.33,500,True,128,4
1878,Veeba Salsa Dip,Ice Cream & Desserts,11900,7754.9,360,True,70,4
1879,Veeba Thousand Island Dressing,Ice Cream & Desserts,14900,9081.69,300,True,74,4
1880,Baggry's Crunchy Muesli Almond Raisins & Honey,Ice Cream & Desserts,13000,8619.06,200,True,123,4
1881,Knorr Chinese Hot And Sour Veg Soup,Ice Cream & Desserts,5500,3782.77,43,True,62,4
1882,Go Cheese Spread - Garlic,Ice Cream & Desserts,9900,7174.18,200,True,128,4
1883,The Whole Truth Peanut Butter With Dates - Creamy No Sugar,Ice Cream & Desserts,21500,14561.05,325,True,82,4
1884,Zorabian Chicken Smoked Ham,Ice Cream & Desserts,20500,14395.6,250,True,112,4
1885,Kissan Pineapple Jam,Ice Cream & Desserts,16500,9603.24,500,True,96,4
1886,Smith & Jones Masala Noodles,Ice Cream & Desserts,8900,5716.57,480,True,68,4
1887,Nestle Nestle Nan Pro Follow-Up Formula,Ice Cream & Desserts,65000,35871.31,400,True,74,4
1888,Sunfeast Yippee! Power Up Atta Noodles,Ice Cream & Desserts,9600,5753.62,280,True,62,4
1889,McCain Super Wedges,Ice Cream & Desserts,12000,8343.51,400,True,152,4
1890,"Kellogg's Crunchy Granola Honey, Almonds, Strawberries & Pumpkin Seeds",Ice Cream & Desserts,33000,24695.95,450,True,129,4
1891,Kellogg's Chocos,Ice Cream & Desserts,13000,7407.86,250,True,76,4
1892,Ching's Secret Just Soak - Whole Wheat Veg Hakka Noodle,Ice Cream & Desserts,3200,2016.96,150,True,85,4
1893,The Whole Truth Vegan Fig Apricot & Orange Energy Bar No Sugar,Ice Cream & Desserts,6000,4260.09,40,True,80,4
1894,Saffola Veggie Twist Masala Oats,Ice Cream & Desserts,19500,11520.74,500,True,131,4
1895,ITC Master Chef Classic Aloo Tikki,Ice Cream & Desserts,8000,5288.14,320,True,80,4
1896,Smith & Jones Pink Pasta Sauce Mix,Ice Cream & Desserts,4000,2786.46,46,True,180,4
1897,Wingreens Farms Chipotle Dip,Ice Cream & Desserts,20000,13463.94,180,True,70,4
1898,Kellogg's Real Almond & Honey Corn Flakes,Ice Cream & Desserts,55000,32318.27,1000,True,97,4
1899,Kellogg's Crunchy Granola Chocolate & Almonds,Ice Cream & Desserts,33000,20495.54,450,True,131,4
1900,Cornitos Cornitos Taco Shells - 6 Inches,Ice Cream & Desserts,16000,11308.13,180,True,165,4
1901,Ching's Secret Singapore Curry Instant Noodles,Ice Cream & Desserts,1500,991.27,60,True,147,4
1902,Mother's Recipe Pickle - Mango,Ice Cream & Desserts,12500,6888.07,400,True,94,4
1903,Godrej Yummiez Chilli Chicken Sausages,Ice Cream & Desserts,16000,11235.17,250,True,178,4
1904,Pedigree Dentastix  Dog Treat Oral Care for Adult Medium Breed,Ice Cream & Desserts,17500,9748.59,180,True,73,4
1905,Maggi Hot & Sweet - Tomato Chilli Sauce,Ice Cream & Desserts,17000,11885.49,1000,True,178,4
1906,Ching's Secret Asian Hot Instant Soup,Ice Cream & Desserts,1500,885.74,15,True,73,4
1907,Kelloggs Chocos Protein And Fibre Of 1 Roti,Ice Cream & Desserts,49900,37006.57,1200,True,69,4
1908,Mother's Recipe Pickle - Mango,Ice Cream & Desserts,14900,9291.46,500,True,71,4
1909,Chings Secret Manchurian Instant Noodle,Ice Cream & Desserts,6000,3692.32,240,True,97,4
1910,Kellogg's Original Corn Flakes,Ice Cream & Desserts,31000,17973.11,875,True,167,4
1911,Ching's Singapore Curry Instant Noodles,Ice Cream & Desserts,6000,3666.73,240,True,178,4
1912,Kellogg's Almonds And Cranberries Granola,Ice Cream & Desserts,33000,23935.9,460,True,169,4
1913,Nestle Ceregrow Multigrain Cereal with Milk and Fruits - 3 to 6 years,Ice Cream & Desserts,29200,21878.59,300,True,93,4
1914,MTR 3 Minute Breakfast - Magic Masala Upma,Ice Cream & Desserts,2500,1559.15,60,True,100,4
1915,Smith & Jones Masala Noodles,Ice Cream & Desserts,6800,4350.11,360,True,69,4
1916,"Knorr Classic Tomato Soup With 100% Real Vegetabls, No Added Preservatives",Ice Cream & Desserts,5500,3819.28,53,True,76,4
1917,Godrej Yummiez Chicken Punjabi Tikka,Ice Cream & Desserts,29500,21453.56,360,True,76,4
1918,Kellogg's Corn Flakes,Ice Cream & Desserts,42500,28415.88,1000,True,126,4
1919,Kelloggs Chocos,Ice Cream & Desserts,17000,10681.19,385,True,121,4
1920,Pedigree Puppy Dry Dog Food Food Chicken & Milk,Ice Cream & Desserts,29000,18343.21,1200,True,154,4
1921,Ching's Secret Lemon Coriander Instant Soup,Ice Cream & Desserts,1500,1033.69,15,True,174,4
1922,Nestle Cerelac Baby Cereal With Milk Wheat-Rice Mixed Fruit,Ice Cream & Desserts,26100,14371.8,300,True,60,4
1923,Kelloggs Chocos - Moons & Stars,Ice Cream & Desserts,66000,44478.58,1200,True,71,4
1924,ITC Master Chef Chicken Galouti Kebab,Ice Cream & Desserts,17000,10558.68,210,True,162,4
1925,Yogabar 100% Pure Peanut Butter Creamy & Yummy Unsweetened,Ice Cream & Desserts,22900,16232.42,400,True,63,4
1926,Kitchens Of India Palak Paneer,Ice Cream & Desserts,13000,7391.78,285,True,101,4
1927,Kelloggs Chocos Fills Double Chocolat,Ice Cream & Desserts,9900,6609.64,175,True,72,4
1928,Soulfull Ragi Bites Choco Fills,Ice Cream & Desserts,16900,10920.69,250,True,157,4
1929,Figaro Sliced Black Olive,Ice Cream & Desserts,17900,12144.53,450,True,165,4
1930,Veeba Barbeque Sauce,Ice Cream & Desserts,14900,8388.26,330,True,144,4
1931,The Whole Truth Vegan Mocha Almond Fudge Energy Bar No Sugar,Ice Cream & Desserts,6000,3995.98,40,True,145,4
1932,"The Whole Truth - Nuts, Fruits & Seeds Muesli",Ice Cream & Desserts,32500,21524.65,350,True,180,4
1933,Pantai Green Curry Paste,Ice Cream & Desserts,15000,9931.98,114,True,63,4
1934,Kelloggs Special K,Ice Cream & Desserts,21000,14084.65,435,True,141,4
1935,Moi Soi Sichuan Chilli Oil- For Stir Fry Marinade Spread & Dip,Ice Cream & Desserts,28000,19188.22,175,True,128,4
1936,Mother's Recipe Madras Appalam,Ice Cream & Desserts,5000,3554.99,100,True,78,4
1937,Top Ramen Masala Oat Masala,Ice Cream & Desserts,8000,4831.71,280,True,61,4
1938,Saffola Everyday Peppy Tomato Masala Oats,Ice Cream & Desserts,19500,13942.69,500,True,71,4
1939,"Ching's Secret Instant Noodles, Hot Garlic",Ice Cream & Desserts,6000,3897.91,240,True,140,4
1940,Kitchens Of India Chicken Chettinad,Ice Cream & Desserts,20000,11308.23,285,True,133,4
1941,Nestle Cerelac Wheat - Stage 1,Ice Cream & Desserts,19000,10672.49,300,True,157,4
1942,Sumeru Aloo Paratha,Ice Cream & Desserts,11900,7340.49,400,True,65,4
1943,ITC Master Chef Veggie Pizza Pocket,Ice Cream & Desserts,17000,12018.65,340,True,67,4
1944,Wingreens Farms Tangy Cheese Pita Chips & Mexican Salsa Dip,Ice Cream & Desserts,6000,4149.22,70,True,110,4
1945,Ching's Secret Manchow Soup,Ice Cream & Desserts,5500,3892.48,55,True,70,4
1946,Veeba Carrot & Cucumber Sandwich Spread,Ice Cream & Desserts,8500,5554.36,250,True,122,4
1947,Kellogg's Real Almond & Honey Corn Flakes,Ice Cream & Desserts,37000,23607.47,650,True,116,4
1948,Kitchens Of India Mughlai Paneer,Ice Cream & Desserts,16000,9271.85,285,True,71,4
1949,Ching's Secret Just Soak - Veg Hakka Noodles,Ice Cream & Desserts,3000,1846.92,150,True,132,4
1950,Ching's Secret Chowmein Hakka Noodles Masala,Ice Cream & Desserts,6000,3820.82,100,True,61,4
1951,The Whole Truth Dark Chocolate Peanut Butter - Crunchy,Ice Cream & Desserts,23500,13341.42,325,True,67,4
1952,Mother's Recipe Bhel Puri Chutney,Ice Cream & Desserts,5500,3267.67,200,True,70,4
1953,Kelloggs Chocos Moon & Stars,Ice Cream & Desserts,33000,22098.29,680,True,112,4
1954,Mother's Recipe Lime Pickle,Ice Cream & Desserts,12000,8365.59,400,True,159,4
1955,Kitchens of India Dal Makhani,Ice Cream & Desserts,11000,8246.36,285,True,69,4
1956,Pantai Light Soy Sauce,Ice Cream & Desserts,27500,20257.12,200,True,144,4
1957,Ching's Secret Sweet Corn Soup,Ice Cream & Desserts,5500,3731.82,55,True,143,4
1958,"Top Ramen Noodles, Atta",Ice Cream & Desserts,8000,5074.0,280,True,171,4
1959,Cantina Tortilla Dip Sauce Sour Creamy Tex Mex,Ice Cream & Desserts,22500,15237.8,190,True,67,4
1960,Dabur Hommade - Rajasthan Ki Garlic Chutne,Ice Cream & Desserts,6500,4596.35,200,True,95,4
1961,MTR Seviyan Vermicelli,Ice Cream & Desserts,4200,2409.4,400,True,152,4
1962,Pantai Oyster Sauce,Ice Cream & Desserts,27500,17379.48,200,True,165,4
1963,Go Cheese Spread - Four Pepper (Soft & Creamy),Ice Cream & Desserts,9900,7107.81,200,True,135,4
1964,MTR Ready To Eat Paneer Butter Masala,Ice Cream & Desserts,13500,8461.35,300,True,73,4
1965,Nestle Lactogen Stage 2 Follow-up Formula Powder,Ice Cream & Desserts,34000,22588.73,400,True,171,4
1966,Kellogg's Crunchy Bites Chocos,Ice Cream & Desserts,19000,12683.52,375,True,113,4
1967,Veeba Hot Sweet Tomato Chilli Sauce,Ice Cream & Desserts,10400,6103.71,500,True,173,4
1968,Borges Durum Wheat Pasta Superior Quality,Ice Cream & Desserts,25000,15561.18,500,True,144,4
1969,Funfoods Peanut Butter Crunchy,Ice Cream & Desserts,16900,10425.65,400,True,145,4
1970,Pantai Red Curry Paste,Ice Cream & Desserts,6000,3331.44,50,True,80,4
1971,ITC Master Chef Chicken Seekh Kabab,Ice Cream & Desserts,32500,18032.25,500,True,167,4
1972,Del Monte Pizza & Pasta Sauce Spout Pack,Ice Cream & Desserts,9900,7091.76,400,True,109,4
1973,Pantai Sriracha Red Chilli Sauce,Ice Cream & Desserts,22500,13603.82,200,True,153,4
1974,Hershey's Cocoa Spread,Ice Cream & Desserts,29500,19281.66,350,True,98,4
1975,Maggi Ghee Tadka Upma Express Pouch,Ice Cream & Desserts,2500,1524.36,65,True,79,4
1976,Ching's Secret Manchurian Noodles,Ice Cream & Desserts,9100,6717.04,360,True,147,4
1977,Kellogg's All Bran Wheat Flakes,Ice Cream & Desserts,22000,13240.91,425,True,146,4
1978,Yummiez Chicken Breakfast Sausages,Ice Cream & Desserts,15000,9538.97,250,True,66,4
1979,Pantai Red Curry Paste,Ice Cream & Desserts,15000,10868.19,114,True,68,4
1980,Bagrrys Muesli Crunchy Fruit & Nut With Cranberries,Ice Cream & Desserts,33000,23706.76,400,True,60,4
1981,Quaker Oats Pouch,Ice Cream & Desserts,27600,16207.28,1500,True,85,4
1982,Prasuma Momos -  Cheesy Spicy Veg,Ice Cream & Desserts,29500,20960.6,24,True,97,4
1983,Veeba Sriracha Chilli Garlic Sauce,Ice Cream & Desserts,14900,9560.4,320,True,97,4
1984,Ching's Secret Just Soak - Veg Hakka Noodles,Ice Cream & Desserts,11500,7435.83,600,True,177,4
1985,Moi Soi Kung Pao Sauce - For Stir Fry Marinade Spread & Dip,Ice Cream & Desserts,28000,16147.49,175,True,120,4
1986,Figaro Plain Green Olive,Ice Cream & Desserts,17900,10133.55,450,True,103,4
1987,Mother's Recipe Gujrati Gorkeri Pickle,Ice Cream & Desserts,14000,9738.23,500,True,145,4
1988,Kellogg's Muesli 20% Nuts Delight,Ice Cream & Desserts,32000,20777.35,500,True,103,4
1989,Borges Farfalle Durum Wheat Pasta,Ice Cream & Desserts,25000,15934.25,500,True,133,4
1990,Kellogg's Chocos,Ice Cream & Desserts,29900,20807.46,700,True,178,4
1991,Nestle Nan Pro 4 Follow Up Formula Powder For Older Infants,Ice Cream & Desserts,62000,43592.36,400,True,121,4
1992,Veeba Truly Tomato Ketchup,Ice Cream & Desserts,9900,5759.64,500,True,65,4
1993,Ching's Secret Green Chilli Sauce,Ice Cream & Desserts,8500,5712.38,680,True,76,4
1994,MTR Roasted Vermicelli,Ice Cream & Desserts,5500,3173.89,400,True,110,4
1995,Mother's Recipe Punjabi Teekha Mang Pickle,Ice Cream & Desserts,12000,8403.3,400,True,173,4
1996,Ching's Secret Hot Garlic Instant Noodles,Ice Cream & Desserts,11400,7767.86,480,True,97,4
1997,Kellogg's Real Honey Corn Flakes,Ice Cream & Desserts,29000,21498.36,630,True,83,4
1998,ITC Master Chef Lebanese Falafel Kebab,Ice Cream & Desserts,13000,7329.29,230,True,110,4
1999,Kelloggs Chocos Fills Double Chocolaty,Ice Cream & Desserts,18500,10386.1,250,True,69,4
2000,Organic India Apple Cider Vinegar,Ice Cream & Desserts,59500,36083.03,500,True,179,4
2001,Masala Oats Masala & Coriander,Ice Cream & Desserts,19500,11745.65,500,True,131,4
2002,Ching's Secret  Noodles - Pad Thai Lemongras,Ice Cream & Desserts,20000,11987.92,130,True,80,4
2003,Bagrrys Fruit and Nut Muesli with Cranberries,Ice Cream & Desserts,49900,36489.42,750,True,179,4
2004,Kitchens Of India Yellow Dal Tadka,Ice Cream & Desserts,11000,6599.0,285,True,129,4
2005,Soulfull Vanilla Fills - Ragi Bites,Ice Cream & Desserts,16900,10214.19,250,True,144,4
2006,Pantai Teriyaki Sauce with Garlic,Ice Cream & Desserts,32500,22811.09,200,True,116,4
2007,Whiskas Adult Pocket Tuna Cat Food,Ice Cream & Desserts,41000,26237.87,1200,True,98,4
2008,Kitchens Of India Chicken Darbari,Ice Cream & Desserts,20000,14106.84,285,True,147,4
2009,Soulfull Millet Muesli Fruit & Nut Almonds & Real Fruits,Ice Cream & Desserts,29900,16835.89,400,True,92,4
2010,Smith & Jones Red Pasta Sauce Mix,Ice Cream & Desserts,4000,2590.06,46,True,118,4
2011,Kellogg's Muesli Nuts Delight,Ice Cream & Desserts,42500,23660.72,750,True,77,4
2012,Kitchens of India Dal Bukhara Gravy Mix,Ice Cream & Desserts,11000,6187.84,285,True,115,4
2013,The Whole Truth Peanut Butter - Sweetened & Crunchy,Ice Cream & Desserts,21500,15722.68,325,True,151,4
2014,Remia Mayonnaise,Ice Cream & Desserts,23000,13290.53,241,True,116,4
2015,Ching's Secret Green Chilli Sauce,Ice Cream & Desserts,10500,6893.08,425,True,175,4
2016,Bagrrys Fruit N Fibre Muesli - Strawberry,Ice Cream & Desserts,59500,37617.04,1000,True,155,4
2017,Ching's Secret Tomato Oats Instant Soup,Ice Cream & Desserts,1500,929.2,20,True,135,4
2018,Kellogg's Special K Original Corn Flakes,Ice Cream & Desserts,14000,10219.53,290,True,107,4
2019,Moi Soi  Black Bean Sauce - Dip Spread Stir Fry & Marinade,Ice Cream & Desserts,28000,15522.21,175,True,101,4
2020,Tong Garden Wasabi Green Peas,Ice Cream & Desserts,17500,11948.26,150,True,86,4
2021,Ching's Secret Red Chilli Sauce,Ice Cream & Desserts,10500,7798.13,440,True,133,4
2022,Ching's Instant Hot and Sour Soup,Ice Cream & Desserts,5500,3641.19,55,True,169,4
2023,Ching's Secret Noodles - Pad Thai Original,Ice Cream & Desserts,20000,14747.29,130,True,180,4
2024,Aashirvaad Instant Meals - Khatta Meetha Pohaa With Millets,Ice Cream & Desserts,5500,3082.48,80,True,111,4
2025,Del Monte Black Sliced Olives,Ice Cream & Desserts,25000,15843.97,450,True,101,4
2026,Kitchens Of India Murgh Methi,Ice Cream & Desserts,22000,13244.69,285,True,91,4
2027,Nestle Cerelac 5 Grains & Fruits Cereal,Ice Cream & Desserts,28800,20049.53,300,True,165,4
2028,The Whole Truth - 5 Grain Muesli No Added Sugar,Ice Cream & Desserts,32500,24253.43,350,True,85,4
2029,Ching's Secret  Pad Thai Noodles Green Curry,Ice Cream & Desserts,20000,12026.12,130,True,84,4
2030,Aashirvaad Suji Halwa With Jaggery,Ice Cream & Desserts,7500,5106.26,70,True,134,4
2031,Mother's Recipe Mango Pickle,Ice Cream & Desserts,12000,7075.43,400,True,82,4
2032,Ching's Secret Pad Thai Noodles - Extra Hot Thai Chilli,Ice Cream & Desserts,20000,13261.32,130,True,157,4
2033,Kellogg's Special K Original Corn Flakes,Ice Cream & Desserts,39900,25647.18,900,True,116,4
2034,Knorr Sweet Corn Chicken Soup,Ice Cream & Desserts,5500,4094.21,42,True,111,4
2035,Ching's Secret Tomato Soup,Ice Cream & Desserts,5500,3694.38,55,True,163,4
2036,Funfoods Peanut Butter Creamy,Ice Cream & Desserts,16900,10476.33,400,True,146,4
2037,Japanese Choice Udon Noodles,Ice Cream & Desserts,29500,16898.17,250,True,152,4
2038,Kelloggs Muesli - With 22% Fruit Magic,Ice Cream & Desserts,32000,18567.98,500,True,90,4
2039,Dabur Hommade - Kalonji Tamatar Ki Chutney,Ice Cream & Desserts,6500,3867.91,200,True,123,4
2040,Kitchens Of India Dal Makhani,Ice Cream & Desserts,11000,6602.13,285,True,130,4
2041,Aashirvaad Suji Halwa With Jaggery,Ice Cream & Desserts,5500,3960.68,80,True,163,4
2042,Del Monte Green Chili Sauce,Ice Cream & Desserts,5500,3642.35,190,True,92,4
2043,Pedigree Dog Food Adult Chicken & Veg,Ice Cream & Desserts,66000,43208.76,3000,True,144,4
2044,Kellogg's Original Corn Flakes,Ice Cream & Desserts,18500,10599.64,475,True,61,4
2045,Pedigree Puppy Dry Dog Food Food Chicken & Milk,Ice Cream & Desserts,69000,49819.93,3000,True,77,4
2046,Kitchens Of India Rajma Masala,Ice Cream & Desserts,11000,7640.19,285,True,106,4
2047,Kitchen Of India Ready-To-Eat Pindi Channa,Ice Cream & Desserts,11000,6198.87,285,True,92,4
2048,Figaro Pitted Black Olive,Ice Cream & Desserts,17900,12379.05,450,True,160,4
2049,Cantina Tabasco Red Sauce,Ice Cream & Desserts,14000,9221.91,60,True,157,4
2050,Mother's Recipe Pickle - Mixed,Ice Cream & Desserts,14900,8438.54,500,True,143,4
2051,Nestle Cerelac Baby Cereal with Milk 5 Grains & Vegetables from 18 to 24 Month,Ice Cream & Desserts,27900,17902.32,300,True,94,4
2052,Pedigree Meat Jerky Adult Dog Treat Barbecued Chicken,Ice Cream & Desserts,14000,9057.15,80,True,110,4
2053,Veeba Peri Peri Sauce,Ice Cream & Desserts,16100,9388.79,300,True,173,4
2054,Pantai Sriracha Yellow Chilli Sauce,Ice Cream & Desserts,22500,16630.64,200,True,177,4
2055,Praakritik Organic Jumbo Rolled Oats,Ice Cream & Desserts,19000,13679.91,500,True,77,4
2056,Ching's Secret Just Soak - Whole Wheat Veg Hakka Noodles,Ice Cream & Desserts,12300,8410.79,600,True,169,4
2057,Pantai Spring Roll Sauce,Ice Cream & Desserts,27500,17667.63,200,True,147,4
2058,MTR Vermicelli Payasam,Ice Cream & Desserts,7500,4742.65,180,True,131,4
2059,Bagrrys Corn Flakes,Ice Cream & Desserts,35000,23806.81,880,True,89,4
2060,MTR Ready To Eat Palak Paneer,Ice Cream & Desserts,13500,8897.67,300,True,103,4
2061,Del Monte Red Chili Sauce,Ice Cream & Desserts,5500,3093.5,190,True,112,4
2062,Kitchens of India Mutter Paneer Mix,Ice Cream & Desserts,12000,7830.01,285,True,69,4
2063,Pantai Green Curry Paste,Ice Cream & Desserts,6000,4267.68,50,True,146,4
2064,The Laughing Cow Cheese Spread Plain,Ice Cream & Desserts,11000,7060.33,180,True,111,4
2065,MTR Dal Fry,Ice Cream & Desserts,11000,6164.3,300,True,108,4
2066,Pantai Fish Sauce,Ice Cream & Desserts,27500,19449.53,200,True,70,4
2067,Cantina Beans Mexican Beans,Ice Cream & Desserts,25000,14756.82,410,True,125,4
2068,Ching's Secret Manchurian Instant Noodle,Ice Cream & Desserts,11400,6859.66,480,True,117,4
2069,Remia Salad Italian Dressing,Ice Cream & Desserts,23000,13407.65,250,True,149,4
2070,Yummiez Veg Cheese Fingers Pouch,Ice Cream & Desserts,23000,14168.99,400,True,95,4
2071,MTR Dal Makhani,Ice Cream & Desserts,11000,7714.85,300,True,92,4
2072,MTR Ready to Eat Pav Bhaji,Ice Cream & Desserts,11000,7192.65,300,True,106,4
2073,Weikfield Tomato Salsa Instant Pasta,Ice Cream & Desserts,2500,1477.44,77,True,72,4
2074,Nestlé CERELAC Baby Cereal with Milk,Ice Cream & Desserts,27200,19735.4,300,True,99,4
2075,Remia Salad Caesar Dressing,Ice Cream & Desserts,25000,18147.91,250,True,148,4
2076,Bagrrys Fruit N Fibre Muesli Mixed Fruit,Ice Cream & Desserts,33000,23895.82,500,True,127,4
2077,MTR Paneer Butter Masala & Veg Pulao,Ice Cream & Desserts,17500,10460.79,375,True,101,4
2078,Sundrop Cocoa Nut Hazelnut Chocolatey Spread,Ice Cream & Desserts,12000,7682.97,160,True,78,4
2079,Moi Soi Manchurian Sauce - For Stir Fry Marinade Spread & Dip,Ice Cream & Desserts,28000,20915.94,175,True,141,4
2080,Pedigree Dog Food Adult Meat & Rice,Ice Cream & Desserts,66000,46490.56,3000,True,160,4
2081,Pantai Sriracha Green Chilli Sauce,Ice Cream & Desserts,22500,12497.25,200,True,153,4
2082,Pantai Chilli Garlic Sauce,Ice Cream & Desserts,27500,15483.63,200,True,78,4
2083,Pantai Dark Soy Sauce,Ice Cream & Desserts,27500,17676.62,200,True,117,4
2084,Yoga Bar Peanut Butter Dark Chocolate Jar,Ice Cream & Desserts,24900,18222.92,400,True,82,4
2085,Cantina Tabasco Green Sauce,Ice Cream & Desserts,14000,9208.37,60,True,113,4
2086,Pantai Pad Thai Sauce (Non-Veg),Ice Cream & Desserts,32500,21110.78,200,True,139,4
2087,Pantai Sweet Chilli Sauce,Ice Cream & Desserts,27500,15705.11,200,True,124,4
2088,Ching's Secret Schezwan Instant Noodle,Ice Cream & Desserts,11400,7767.46,480,True,71,4
2089,Yummiez Chicken Garlic Fingers Pouch,Ice Cream & Desserts,25000,17860.52,400,True,83,4
2090,Pediasure Premium Chocolate Powdered Health Drink,Ice Cream & Desserts,61000,38191.12,400,True,93,4
2091,Chings Secret Hot Garlic Instant Noodles,Ice Cream & Desserts,9100,6416.61,60,True,112,4
2092,Godrej Yummiez Cheese Corn Nuggets,Ice Cream & Desserts,23000,17086.59,400,True,180,4
2093,Pantai Hot Chilli Sauce,Ice Cream & Desserts,27500,16245.72,200,True,67,4
2094,Knorr International Mexican Tomato Corn Soup,Ice Cream & Desserts,6500,4255.33,52,True,77,4
2095,Bagrry's Fruit Fibre Muesli Mixed Fruit,Ice Cream & Desserts,59500,36141.94,1000,True,116,4
2096,MTR Roasted Vermicelli,Ice Cream & Desserts,10500,7439.99,850,True,171,4
2097,Maggi 2-Minute Instant Noodles - Masala,Ice Cream & Desserts,4400,2928.28,280,True,64,4
2098,"Kurkure Green Chutney, Rajasthani Style",Ice Cream & Desserts,2000,1353.83,90,True,85,4
2099,Kellogg's Chocos Combo Pack,Ice Cream & Desserts,6000,4257.5,156,True,89,4
2100,Kissan Mixed Fruit Jam,Ice Cream & Desserts,15500,9752.51,500,True,113,4
2101,Lijjat Urad Papad,Ice Cream & Desserts,6000,4398.11,200,True,72,4
2102,Amul Cheese Spread Yummy Plain,Ice Cream & Desserts,8500,5581.15,200,True,142,4
2103,Mother's Recipe Ginger And Garlic Paste,Ice Cream & Desserts,5000,2907.95,200,True,88,4
2104,Maggi Magic Cubes Chicken,Ice Cream & Desserts,4000,2756.72,40,True,62,4
2105,Pedigree Puppy Chicken Chunks in Gravy,Ice Cream & Desserts,3500,2480.28,70,True,149,4
2106,The Whole Truth Peanut Butter - Unsweetened & Crunchy,Ice Cream & Desserts,18500,11347.02,325,True,163,4
2107,Ching's Chow Mein Hakka Noodles Masala,Ice Cream & Desserts,1000,721.44,20,True,117,4
2108,Safal Frozen Mixed Vegetables,Ice Cream & Desserts,6000,4387.37,500,True,135,4
2109,Safal Frozen Corn,Ice Cream & Desserts,4100,2482.06,200,True,61,4
2110,Amul Cheese Spread Spicy Garlic,Ice Cream & Desserts,8500,6346.99,200,True,134,4
2111,Ching's Secret Veg Hakka Noodles,Ice Cream & Desserts,10700,6186.12,600,True,167,4
2112,Saffola Oats 100 % Natural,Ice Cream & Desserts,1500,885.6,38,True,87,4
2113,Lijjat Moong Papad,Ice Cream & Desserts,6000,3521.07,200,True,141,4
2114,Mothers Recipe Papad - Sabudana With Rock Salt,Ice Cream & Desserts,3100,2259.27,70,True,136,4
2115,Maggi Chilly Chow Cuppa Noodles,Ice Cream & Desserts,5000,3404.29,70,True,160,4
2116,Veeba Favourites Eggless Burger Mayonnaise,Ice Cream & Desserts,6900,4004.9,250,True,145,4
2117,Sunfeast Yippee! Magic Masala Noodles,Ice Cream & Desserts,4800,3062.71,240,True,135,4
2118,Top Ramen Masala,Ice Cream & Desserts,9100,6124.84,560,True,61,4
2119,Kelloggs Corn Flakes With Real Strawberry Pure,Ice Cream & Desserts,26500,15017.36,575,True,160,4
2120,Mother's Recipe Potato Papad,Ice Cream & Desserts,3100,2252.1,70,True,66,4
2121,Mothers Recipe Rice Papad Ajwain,Ice Cream & Desserts,2400,1705.73,75,True,85,4
2122,Chef's Basket Durum Wheat Penne Pasta,Ice Cream & Desserts,16000,10416.66,500,True,149,4
2123,Dabur Hommade - Imli Sauce Saunth,Ice Cream & Desserts,2000,1486.85,100,True,147,4
2124,Zorabian Chicken Kheema Parathas,Ice Cream & Desserts,19000,12037.49,300,True,135,4
2125,Sunfeast Pasta Treat Pack of Tomato Cheese,Ice Cream & Desserts,2800,2091.1,65,True,75,4
2126,Safal Frozen - Sweet Corn,Ice Cream & Desserts,16000,10937.34,1000,True,82,4
2127,MTR Vegetable Upma,Ice Cream & Desserts,2500,1692.34,60,True,99,4
2128,Del Monte Original Blend Tomato Ketchup Pouch,Ice Cream & Desserts,12000,6998.29,950,True,119,4
2129,Del Monte Natural Vinegar,Ice Cream & Desserts,5500,3995.12,180,True,132,4
2130,Del Monte Eggless Mayo,Ice Cream & Desserts,13500,8579.22,500,True,91,4
2131,ITC Master Chef Cheesy Corn Triangles,Ice Cream & Desserts,16000,9319.15,320,True,74,4
2132,Mother's Recipe Mixed Pickle,Ice Cream & Desserts,11500,6354.0,400,True,160,4
2133,Godrej Yummiez Chicken Breakfast Salami,Ice Cream & Desserts,15000,9929.27,250,True,72,4
2134,Hershey's Cocoa + Almond Spread,Ice Cream & Desserts,29500,19336.66,350,True,64,4
2135,Maggi Special Masala Spicy Yummy Noodles,Ice Cream & Desserts,7200,4995.87,280,True,134,4
2136,Del Monte Schezwan Sauce,Ice Cream & Desserts,5500,4004.28,190,True,133,4
2137,Yummiez Green Peas,Ice Cream & Desserts,13500,7639.4,500,True,111,4
2138,Yummiez Green Peas,Ice Cream & Desserts,25000,17407.48,1000,True,136,4
2139,Yummiez American Sweet Corn,Ice Cream & Desserts,8500,4993.6,400,True,100,4
2140,Dr Oetker Cucumber & Carrot Sandwich Spread Veg,Ice Cream & Desserts,7900,5700.92,250,True,112,4
2141,Del Monte Pitted Green Olives,Ice Cream & Desserts,25000,17845.32,450,True,169,4
2142,Maggi 2 Minute Masala Noodles,Chocolates & Candies,1200,789.79,70,False,297,4
2143,iD Idli & Dosa Batter,Chocolates & Candies,8000,5536.39,1000,False,262,4
2144,iD Malabar Parota,Chocolates & Candies,8000,4902.96,400,False,225,4
2145,iD Wheat Lachha Paratha,Chocolates & Candies,8000,5153.87,400,False,246,4
2146,McCain Aloo Tikki,Chocolates & Candies,11000,7857.6,400,False,126,4
2147,McCain Smiles Cripsy Happy Potatoes,Chocolates & Candies,12000,7702.24,415,False,159,4
2148,McCain Veggie Burger Patty,Chocolates & Candies,11500,7147.94,360,False,275,4
2149,McCain Veggie Fingers,Chocolates & Candies,11700,7591.46,400,False,279,4
2150,Amul Delicious Fat Spread - Cholesterol Free,Chocolates & Candies,1800,1288.17,100,False,218,4
2151,Whiskas Wet  Meal (Adult - Cat Food)  Chicken in Gravy,Chocolates & Candies,3500,2159.65,85,False,262,4
2152,McCain Chilli Garlic Potato Bites Crunchy Potato Nuggets,Chocolates & Candies,12500,7309.4,420,False,359,4
2153,Ching's Secret Instant Hot Garlic Noodles,Chocolates & Candies,1500,1038.6,60,False,347,4
2154,Veeba Eggless Mayonnaise,Chocolates & Candies,7900,5650.05,250,False,204,4
2155,Ching's Secret Instant Schezwan Noodles,Chocolates & Candies,1500,855.19,60,False,317,4
2156,Veeba Pasta And Pizza Sauce,Chocolates & Candies,7500,4484.81,280,False,184,4
2157,Top Ramen  Noodles Curry Veg Pouch,Chocolates & Candies,2000,1156.79,70,False,251,4
2158,Saffola Veggie Twist Masala Oats,Chocolates & Candies,1500,929.38,38,False,130,4
2159,Unibic Almond & Oats Protein Bar,Chocolates & Candies,4000,2560.28,30,False,227,4
2160,Quaker Oats,Chocolates & Candies,7900,5528.15,400,False,145,4
2161,Amul Delicious Fat Spread - Cholesterol Free,Chocolates & Candies,8800,5986.02,500,False,308,4
2162,McCain French Fries,Chocolates & Candies,12000,8090.23,420,False,284,4
2163,Ching's Secret Manchow Instant Soup,Chocolates & Candies,1000,620.47,15,False,270,4
2164,McCain Potato Cheese Shotz,Chocolates & Candies,13000,9337.76,250,False,340,4
2165,McCain Masala - Fries,Chocolates & Candies,12000,7731.09,375,False,204,4
2166,Ching's Secret Schezwan Fried Rice Masala,Chocolates & Candies,1500,1118.73,20,False,359,4
2167,McCain New Mini Samosa with Cheese Pizza Style Filling,Chocolates & Candies,12000,8121.94,240,False,356,4
2168,McCain Chilli Cheesy Nuggets,Chocolates & Candies,13000,7478.29,250,False,356,4
2169,"Whiskas Adult (+1 Year) Dry Cat Food, Ocean Fish Flavour",Chocolates & Candies,43000,29465.13,1200,False,360,4
2170,Chings Instant Soup - Hot & Sour,Chocolates & Candies,1000,615.02,15,False,338,4
2171,Amul Spray Infant Milk Food,Chocolates & Candies,19700,13539.13,500,False,350,4
2172,McCain Smiles - Pudina Chatka,Chocolates & Candies,12000,6767.14,375,False,287,4
2173,McCain French Fries Crisp & Delicious,Chocolates & Candies,17500,10237.09,750,False,324,4
2174,Ferrero Nutella Hazelnut Spread,Chocolates & Candies,22000,15865.24,180,False,270,4
2175,Lijjat Garlic Papad,Chocolates & Candies,6000,3572.62,200,False,242,4
2176,Switz Samosa Dough Sheets,Chocolates & Candies,9000,6456.67,50,False,263,4
2177,Amul Cheese Spread Creamy,Chocolates & Candies,8500,5149.77,180,False,341,4
2178,Maggi Imli Sauce Pichkoo,Chocolates & Candies,2200,1492.87,90,False,308,4
2179,Whiskas Kitten (2-12 months) Dry Cat Food Food Ocean Fish,Chocolates & Candies,38500,26519.96,1100,False,187,4
2180,Chings Instant Soup - Sweet Corn Veg,Chocolates & Candies,1000,652.53,15,False,223,4
2181,Whiskas Wet  Meal (Kitten - Cat Food)  Chicken in Gravy,Chocolates & Candies,3500,2138.72,85,False,199,4
2182,McCain Crazy Fries Masala MixHot 'n' Tangy,Chocolates & Candies,12000,7110.35,400,False,278,4
2183,The Whole Truth Double Cocoa Protein Bar No Sugar,Chocolates & Candies,10000,5566.38,52,False,172,4
2184,Amul Happy Treats French Fries,Chocolates & Candies,6800,4153.37,425,False,225,4
2185,Ferrero Nutella Hazeulnut Spread,Chocolates & Candies,38000,25864.04,350,False,272,4
2186,Veeba Chipolte Southwest Dressing,Chocolates & Candies,16100,11876.34,300,False,163,4
2187,Ching's Secret Manchow Noodles Instant Soup,Chocolates & Candies,1500,1086.36,20,False,259,4
2188,Yoga Bar Breakfast Protein Bar - Blueberry Pie,Chocolates & Candies,5000,3516.06,50,False,209,4
2189,Quaker Oats,Chocolates & Candies,19900,14083.02,1000,False,220,4
2190,The Whole Truth Mini Protein Bar - Coconut Cocoa No Added Sugar,Chocolates & Candies,5500,3756.48,27,False,359,4
2191,Switz Spring Roll Dough Sheets,Chocolates & Candies,9000,5418.52,1160,False,216,4
2192,Unibic Fruit & Nut Real Cranberries & Almonds Protein Bar,Chocolates & Candies,4000,2925.76,30,False,339,4
2193,Ching's Secret Tomato Instant Soup,Chocolates & Candies,1000,684.15,16,False,128,4
2194,Chef's Basket Durum Wheat Elbow Pasta,Chocolates & Candies,16000,10593.41,500,False,131,4
2195,Sunfeast Yippee! Mood Masala Noodles,Chocolates & Candies,6000,3433.19,260,False,188,4
2196,MTR Breakfast Khatta Meetha Poha Mix,Chocolates & Candies,2500,1598.53,60,False,301,4
2197,Kellogg's Crunchy Fruit & Nut Breakfast Cereals Muesli,Chocolates & Candies,44500,28572.19,750,False,363,4
2198,Ching's Secret Chilli Vinegar,Chocolates & Candies,5000,3614.56,170,False,301,4
2199,Ching's Red Chilli Sauce,Chocolates & Candies,5500,3626.31,200,False,147,4
2200,Amul Lite Spread,Chocolates & Candies,4000,2504.32,100,False,175,4
2201,Borges Durum Wheat Fusilli Pasta,Chocolates & Candies,25000,18634.0,500,False,218,4
2202,The Whole Truth Cranberry Mini Protein Bar No Sugar,Chocolates & Candies,5500,3146.79,27,False,316,4
2203,The Whole Truth Mini Protein Bar - Coffee Cocoa No Added Sugar,Chocolates & Candies,5500,3489.8,27,False,345,4
2204,Maggi Hot & Sweet Tomato Chilli Sauce,Chocolates & Candies,11500,6421.66,500,False,229,4
2205,Sunfeast YiPPee! Noodles - Magic Masala,Chocolates & Candies,9600,6700.62,540,False,345,4
2206,Chef's Basket Durum Wheat Fusilli Pasta,Chocolates & Candies,16000,11737.84,500,False,196,4
2207,Top Ramen Chicken Noodles,Chocolates & Candies,6000,3636.04,280,False,222,4
2208,Veeba Cheese and Chilli Sandwich Spread,Chocolates & Candies,8900,6422.85,275,False,225,4
2209,Chings Secret Chowmein Hakka Noodles Masala,Chocolates & Candies,4400,2677.15,60,False,228,4
2210,Safal Frozen - Mixed Vegetables,Chocolates & Candies,11000,8053.69,1000,False,231,4
2211,MTR 3 Min Poha,Chocolates & Candies,2500,1751.98,60,False,177,4
2212,Ching's Manchurian Instant Noodles,Chocolates & Candies,1500,1066.47,60,False,197,4
2213,The Whole Truth Peanut Cocoa Mini Protein Bar No Sugar,Chocolates & Candies,5500,3044.81,27,False,194,4
2214,Gits Pav Bhaji Ready to Eat,Chocolates & Candies,11000,8168.18,300,False,161,4
2215,McCain New Mini Samosa with Cheese Corn Style Filling,Chocolates & Candies,12000,8344.01,240,False,285,4
2216,Lijjat Udad Mini Papad,Chocolates & Candies,6000,3665.7,200,False,187,4
2217,McCain Herb & Garlic Crazy Fries Masala Mix,Chocolates & Candies,12000,8590.55,400,False,300,4
2218,Yoga Bar Multigrain Energy Bar Nuts And Seeds,Chocolates & Candies,4000,2425.22,38,False,152,4
2219,"Ching's Secret Sauce, Green Chilli",Chocolates & Candies,5500,3985.03,190,False,190,4
2220,Veeba Pizza Topping,Chocolates & Candies,7500,4293.87,280,False,175,4
2221,Switz Paratha Puff,Chocolates & Candies,11000,7598.11,400,False,224,4
2222,"New Kellogg's Muesli with 21% Fruit, Nut & Seeds",Chocolates & Candies,32500,21389.54,500,False,319,4
2223,The Whole Truth Double Cocoa Mini Protein Bar No Sugar,Chocolates & Candies,5500,3131.19,27,False,220,4
2224,Sunfeast Yippee Tricolor Pasta Seasoning,Chocolates & Candies,2800,1675.46,65,False,170,4
2225,Wingreens Cheesy Chipotle Sauce,Chocolates & Candies,9900,5469.56,130,False,193,4
2226,Maggi Rich Tomato Ketchup,Chocolates & Candies,10500,6759.41,500,False,290,4
2227,The Whole Truth Dark Chocolate Peanut Butter - Creamy,Chocolates & Candies,23500,14340.95,325,False,240,4
2228,Godrej Yummiez Chicken Nuggets,Chocolates & Candies,32500,21764.32,500,False,262,4
2229,Go Cheese  Spread Plain,Chocolates & Candies,9900,6033.53,200,False,285,4
2230,Kellogg's Real Almond & Honey Corn Flakes,Chocolates & Candies,17500,10674.72,300,False,262,4
2231,The Whole Truth Vegan Almond Choco Fudge Energy Bar No Sugar,Chocolates & Candies,6000,4191.83,40,False,124,4
2232,Prasuma Vegetable Momos,Chocolates & Candies,27000,15109.97,24,False,340,4
2233,MTR Upma,Chocolates & Candies,5000,3652.89,160,False,202,4
2234,Ching's Schezwan Masala Instant Noodles,Chocolates & Candies,6000,4322.72,240,False,301,4
2235,The Whole Truth Cranberry Protein Bar No Sugar,Chocolates & Candies,10000,6835.61,52,False,170,4
2236,Saffola Yummy Masala Noodles,Chocolates & Candies,2000,1337.29,46,False,129,4
2237,Veeba English Mustard,Chocolates & Candies,7400,5390.61,300,False,259,4
2238,Dabur Hommade Tamarind Paste,Chocolates & Candies,4800,2817.92,200,False,365,4
2239,Yoga Bar Breakfast Muesli - Almond Caramel (No Added Sugar),Chocolates & Candies,32500,18388.3,400,False,123,4
2240,The Whole Truth Mini Protein Bar - Peanut Butter No Added Sugar,Chocolates & Candies,5500,3288.46,27,False,214,4
2241,ITC Master Chef Crispy Chicken Fries,Chocolates & Candies,17000,12051.57,280,False,265,4
2242,Kelloggs Corn Flakes,Chocolates & Candies,9900,5513.65,250,False,199,4
2243,Nissin Cup Noodles Tangy Tomato,Chocolates & Candies,5000,3332.81,70,False,351,4
2244,Smith & Jones White Pasta Sauce Mix,Chocolates & Candies,4000,2996.35,46,False,155,4
2245,Sunfeast Yippee! Pasta Treat - Sour Cream Onion,Chocolates & Candies,2800,2019.19,65,False,144,4
2246,Mothers Recipe Tamrind Date Chutney,Chocolates & Candies,5500,3598.59,200,False,334,4
2247,Veeba Mint Mayonnaise,Chocolates & Candies,16900,9510.11,300,False,323,4
2248,Mccain Emotibites - Crispy Happy Potato Snack,Chocolates & Candies,13000,9311.57,415,False,217,4
2249,The Whole Truth Energy Bar Choco Cranberry Fudge,Chocolates & Candies,6000,4018.77,40,False,283,4
2250,Godrej Yummiez Chicken Lucknowi Seekh Kebab,Chocolates & Candies,26000,14897.65,400,False,220,4
2251,Prasuma Vegetable Momos,Chocolates & Candies,15000,8531.57,580,False,314,4
2252,Mother's Recipe Mixed Pickle,Chocolates & Candies,8500,6221.37,300,False,128,4
2253,The Whole Truth Peanut Cocoa Protein Bar No Sugar,Chocolates & Candies,10000,6838.4,52,False,180,4
2254,Yoga Bar Breakfast Muesli - Chocolate & Cranberry,Chocolates & Candies,32500,23265.36,400,False,172,4
2255,Sunfeast YiPPee! Magic Masala Noodles,Chocolates & Candies,7000,5080.57,405,False,265,4
2256,Veeba Sweet Onion Sauce,Chocolates & Candies,14100,9367.4,350,False,290,4
2257,Quaker Oats Breakfast Cereals - With Flavour Mix Nutritious Rich Source Of Energy,Chocolates & Candies,4900,3202.1,200,False,282,4
2258,Mother's Recipe Tamarind Paste,Chocolates & Candies,5000,3180.43,200,False,182,4
2259,Yogabar No Added Sugar Protein Bar Brownie,Chocolates & Candies,12500,7667.37,60,False,240,4
2260,Bambino Popular Vermicelli,Chocolates & Candies,4000,2547.68,400,False,345,4
2261,Ching's Secret Mix Veg Instant Soup,Chocolates & Candies,1000,704.78,15,False,224,4
2262,Mother's Recipe Pickle - Red Stuffed Chilli,Chocolates & Candies,14500,9720.58,400,False,325,4
2263,Kellogg's No Added Sugar Muesli,Chocolates & Candies,33500,24404.91,500,False,123,4
2264,Veeba Salsa Dip,Chocolates & Candies,11900,7600.24,360,False,212,4
2265,Veeba Thousand Island Dressing,Chocolates & Candies,14900,10004.13,300,False,288,4
2266,Baggry's Crunchy Muesli Almond Raisins & Honey,Chocolates & Candies,13000,8791.4,200,False,292,4
2267,Knorr Chinese Hot And Sour Veg Soup,Chocolates & Candies,5500,3675.87,43,False,297,4
2268,Go Cheese Spread - Garlic,Chocolates & Candies,9900,6836.21,200,False,326,4
2269,The Whole Truth Peanut Butter With Dates - Creamy No Sugar,Chocolates & Candies,21500,12845.96,325,False,147,4
2270,Zorabian Chicken Smoked Ham,Chocolates & Candies,20500,13375.69,250,False,289,4
2271,Kissan Pineapple Jam,Chocolates & Candies,16500,9418.94,500,False,199,4
2272,Smith & Jones Masala Noodles,Chocolates & Candies,8900,5579.43,480,False,195,4
2273,Nestle Nestle Nan Pro Follow-Up Formula,Chocolates & Candies,65000,42089.67,400,False,235,4
2274,Sunfeast Yippee! Power Up Atta Noodles,Chocolates & Candies,9600,6532.27,280,False,188,4
2275,McCain Super Wedges,Chocolates & Candies,12000,8881.27,400,False,217,4
2276,"Kellogg's Crunchy Granola Honey, Almonds, Strawberries & Pumpkin Seeds",Chocolates & Candies,33000,22114.3,450,False,353,4
2277,Kellogg's Chocos,Chocolates & Candies,13000,9083.34,250,False,120,4
2278,Ching's Secret Just Soak - Whole Wheat Veg Hakka Noodle,Chocolates & Candies,3200,2084.01,150,False,286,4
2279,The Whole Truth Vegan Fig Apricot & Orange Energy Bar No Sugar,Chocolates & Candies,6000,4060.92,40,False,215,4
2280,Saffola Veggie Twist Masala Oats,Chocolates & Candies,19500,11001.64,500,False,337,4
2281,ITC Master Chef Classic Aloo Tikki,Chocolates & Candies,8000,4807.03,320,False,136,4
2282,Smith & Jones Pink Pasta Sauce Mix,Chocolates & Candies,4000,2489.48,46,False,231,4
2283,Wingreens Farms Chipotle Dip,Chocolates & Candies,20000,12889.97,180,False,210,4
2284,Kellogg's Real Almond & Honey Corn Flakes,Chocolates & Candies,55000,30752.14,1000,False,207,4
2285,Kellogg's Crunchy Granola Chocolate & Almonds,Chocolates & Candies,33000,19074.16,450,False,282,4
2286,Cornitos Cornitos Taco Shells - 6 Inches,Chocolates & Candies,16000,9685.81,180,False,293,4
2287,Ching's Secret Singapore Curry Instant Noodles,Chocolates & Candies,1500,1116.46,60,False,289,4
2288,Mother's Recipe Pickle - Mango,Chocolates & Candies,12500,7703.37,400,False,365,4
2289,Godrej Yummiez Chilli Chicken Sausages,Chocolates & Candies,16000,10342.53,250,False,286,4
2290,Pedigree Dentastix  Dog Treat Oral Care for Adult Medium Breed,Chocolates & Candies,17500,10311.34,180,False,209,4
2291,Maggi Hot & Sweet - Tomato Chilli Sauce,Chocolates & Candies,17000,11426.65,1000,False,168,4
2292,Ching's Secret Asian Hot Instant Soup,Chocolates & Candies,1500,909.2,15,False,309,4
2293,Kelloggs Chocos Protein And Fibre Of 1 Roti,Chocolates & Candies,49900,29510.79,1200,False,157,4
2294,Mother's Recipe Pickle - Mango,Chocolates & Candies,14900,9734.39,500,False,270,4
2295,Chings Secret Manchurian Instant Noodle,Chocolates & Candies,6000,3306.61,240,False,269,4
2296,Kellogg's Original Corn Flakes,Chocolates & Candies,31000,17097.52,875,False,251,4
2297,Ching's Singapore Curry Instant Noodles,Chocolates & Candies,6000,3562.88,240,False,296,4
2298,Kellogg's Almonds And Cranberries Granola,Chocolates & Candies,33000,18392.36,460,False,178,4
2299,Nestle Ceregrow Multigrain Cereal with Milk and Fruits - 3 to 6 years,Chocolates & Candies,29200,16690.87,300,False,320,4
2300,MTR 3 Minute Breakfast - Magic Masala Upma,Chocolates & Candies,2500,1544.43,60,False,187,4
2301,Smith & Jones Masala Noodles,Chocolates & Candies,6800,4831.52,360,False,318,4
2302,"Knorr Classic Tomato Soup With 100% Real Vegetabls, No Added Preservatives",Chocolates & Candies,5500,3654.25,53,False,334,4
2303,Godrej Yummiez Chicken Punjabi Tikka,Chocolates & Candies,29500,19249.74,360,False,249,4
2304,Kellogg's Corn Flakes,Chocolates & Candies,42500,25869.65,1000,False,168,4
2305,Kelloggs Chocos,Chocolates & Candies,17000,12517.96,385,False,335,4
2306,Pedigree Puppy Dry Dog Food Food Chicken & Milk,Chocolates & Candies,29000,18252.69,1200,False,351,4
2307,Ching's Secret Lemon Coriander Instant Soup,Chocolates & Candies,1500,851.13,15,False,245,4
2308,Nestle Cerelac Baby Cereal With Milk Wheat-Rice Mixed Fruit,Chocolates & Candies,26100,17576.09,300,False,342,4
2309,Kelloggs Chocos - Moons & Stars,Chocolates & Candies,66000,37802.67,1200,False,358,4
2310,ITC Master Chef Chicken Galouti Kebab,Chocolates & Candies,17000,10523.76,210,False,278,4
2311,Yogabar 100% Pure Peanut Butter Creamy & Yummy Unsweetened,Chocolates & Candies,22900,14918.95,400,False,230,4
2312,Kitchens Of India Palak Paneer,Chocolates & Candies,13000,9422.98,285,False,287,4
2313,Kelloggs Chocos Fills Double Chocolat,Chocolates & Candies,9900,6422.22,175,False,167,4
2314,Soulfull Ragi Bites Choco Fills,Chocolates & Candies,16900,11668.63,250,False,170,4
2315,Figaro Sliced Black Olive,Chocolates & Candies,17900,13399.28,450,False,162,4
2316,Veeba Barbeque Sauce,Chocolates & Candies,14900,8586.84,330,False,217,4
2317,The Whole Truth Vegan Mocha Almond Fudge Energy Bar No Sugar,Chocolates & Candies,6000,3629.68,40,False,302,4
2318,"The Whole Truth - Nuts, Fruits & Seeds Muesli",Chocolates & Candies,32500,20439.74,350,False,335,4
2319,Pantai Green Curry Paste,Chocolates & Candies,15000,9515.48,114,False,296,4
2320,Kelloggs Special K,Chocolates & Candies,21000,13276.29,435,False,243,4
2321,Moi Soi Sichuan Chilli Oil- For Stir Fry Marinade Spread & Dip,Chocolates & Candies,28000,20482.62,175,False,337,4
2322,Mother's Recipe Madras Appalam,Chocolates & Candies,5000,3464.03,100,False,199,4
2323,Top Ramen Masala Oat Masala,Chocolates & Candies,8000,5372.65,280,False,304,4
2324,Saffola Everyday Peppy Tomato Masala Oats,Chocolates & Candies,19500,11931.55,500,False,230,4
2325,"Ching's Secret Instant Noodles, Hot Garlic",Chocolates & Candies,6000,4288.55,240,False,324,4
2326,Kitchens Of India Chicken Chettinad,Chocolates & Candies,20000,14820.24,285,False,262,4
2327,Nestle Cerelac Wheat - Stage 1,Chocolates & Candies,19000,13570.55,300,False,146,4
2328,Sumeru Aloo Paratha,Chocolates & Candies,11900,6548.72,400,False,315,4
2329,ITC Master Chef Veggie Pizza Pocket,Chocolates & Candies,17000,11513.76,340,False,327,4
2330,Wingreens Farms Tangy Cheese Pita Chips & Mexican Salsa Dip,Chocolates & Candies,6000,3361.36,70,False,311,4
2331,Ching's Secret Manchow Soup,Chocolates & Candies,5500,3308.37,55,False,341,4
2332,Veeba Carrot & Cucumber Sandwich Spread,Chocolates & Candies,8500,4776.19,250,False,355,4
2333,Kellogg's Real Almond & Honey Corn Flakes,Chocolates & Candies,37000,24818.09,650,False,277,4
2334,Kitchens Of India Mughlai Paneer,Chocolates & Candies,16000,10997.09,285,False,283,4
2335,Ching's Secret Just Soak - Veg Hakka Noodles,Chocolates & Candies,3000,1718.69,150,False,314,4
2336,Ching's Secret Chowmein Hakka Noodles Masala,Chocolates & Candies,6000,3760.61,100,False,333,4
2337,The Whole Truth Dark Chocolate Peanut Butter - Crunchy,Chocolates & Candies,23500,15069.31,325,False,232,4
2338,Mother's Recipe Bhel Puri Chutney,Chocolates & Candies,5500,3430.96,200,False,205,4
2339,Kelloggs Chocos Moon & Stars,Chocolates & Candies,33000,18948.77,680,False,233,4
2340,Mother's Recipe Lime Pickle,Chocolates & Candies,12000,7605.47,400,False,361,4
2341,Kitchens of India Dal Makhani,Chocolates & Candies,11000,7702.59,285,False,243,4
2342,Pantai Light Soy Sauce,Chocolates & Candies,27500,15515.54,200,False,168,4
2343,Ching's Secret Sweet Corn Soup,Chocolates & Candies,5500,3113.2,55,False,195,4
2344,"Top Ramen Noodles, Atta",Chocolates & Candies,8000,4967.63,280,False,174,4
2345,Cantina Tortilla Dip Sauce Sour Creamy Tex Mex,Chocolates & Candies,22500,16612.77,190,False,332,4
2346,Dabur Hommade - Rajasthan Ki Garlic Chutne,Chocolates & Candies,6500,4444.14,200,False,175,4
2347,MTR Seviyan Vermicelli,Chocolates & Candies,4200,2880.08,400,False,315,4
2348,Pantai Oyster Sauce,Chocolates & Candies,27500,17115.56,200,False,214,4
2349,Go Cheese Spread - Four Pepper (Soft & Creamy),Chocolates & Candies,9900,6620.45,200,False,163,4
2350,MTR Ready To Eat Paneer Butter Masala,Chocolates & Candies,13500,7452.35,300,False,278,4
2351,Nestle Lactogen Stage 2 Follow-up Formula Powder,Chocolates & Candies,34000,23025.45,400,False,305,4
2352,Kellogg's Crunchy Bites Chocos,Chocolates & Candies,19000,13920.49,375,False,206,4
2353,Veeba Hot Sweet Tomato Chilli Sauce,Chocolates & Candies,10400,6994.15,500,False,365,4
2354,Borges Durum Wheat Pasta Superior Quality,Chocolates & Candies,25000,18118.49,500,False,300,4
2355,Funfoods Peanut Butter Crunchy,Chocolates & Candies,16900,11742.03,400,False,203,4
2356,Pantai Red Curry Paste,Chocolates & Candies,6000,3444.67,50,False,326,4
2357,ITC Master Chef Chicken Seekh Kabab,Chocolates & Candies,32500,23740.95,500,False,270,4
2358,Del Monte Pizza & Pasta Sauce Spout Pack,Chocolates & Candies,9900,5576.56,400,False,275,4
2359,Pantai Sriracha Red Chilli Sauce,Chocolates & Candies,22500,14777.85,200,False,135,4
2360,Hershey's Cocoa Spread,Chocolates & Candies,29500,17063.61,350,False,284,4
2361,Maggi Ghee Tadka Upma Express Pouch,Chocolates & Candies,2500,1380.85,65,False,268,4
2362,Ching's Secret Manchurian Noodles,Chocolates & Candies,9100,5773.1,360,False,326,4
2363,Kellogg's All Bran Wheat Flakes,Chocolates & Candies,22000,13398.18,425,False,264,4
2364,Yummiez Chicken Breakfast Sausages,Chocolates & Candies,15000,9708.0,250,False,361,4
2365,Pantai Red Curry Paste,Chocolates & Candies,15000,9981.6,114,False,156,4
2366,Bagrrys Muesli Crunchy Fruit & Nut With Cranberries,Chocolates & Candies,33000,18438.68,400,False,196,4
2367,Quaker Oats Pouch,Chocolates & Candies,27600,15858.98,1500,False,266,4
2368,Prasuma Momos -  Cheesy Spicy Veg,Chocolates & Candies,29500,19520.99,24,False,277,4
2369,Veeba Sriracha Chilli Garlic Sauce,Chocolates & Candies,14900,9217.64,320,False,164,4
2370,Ching's Secret Just Soak - Veg Hakka Noodles,Chocolates & Candies,11500,8002.1,600,False,265,4
2371,Moi Soi Kung Pao Sauce - For Stir Fry Marinade Spread & Dip,Chocolates & Candies,28000,19052.83,175,False,325,4
2372,Figaro Plain Green Olive,Chocolates & Candies,17900,12872.26,450,False,181,4
2373,Mother's Recipe Gujrati Gorkeri Pickle,Chocolates & Candies,14000,9638.98,500,False,283,4
2374,Kellogg's Muesli 20% Nuts Delight,Chocolates & Candies,32000,20351.56,500,False,219,4
2375,Borges Farfalle Durum Wheat Pasta,Chocolates & Candies,25000,17114.83,500,False,331,4
2376,Kellogg's Chocos,Chocolates & Candies,29900,18091.78,700,False,171,4
2377,Nestle Nan Pro 4 Follow Up Formula Powder For Older Infants,Chocolates & Candies,62000,37898.29,400,False,138,4
2378,Veeba Truly Tomato Ketchup,Chocolates & Candies,9900,7007.19,500,False,228,4
2379,Ching's Secret Green Chilli Sauce,Chocolates & Candies,8500,5433.91,680,False,163,4
2380,MTR Roasted Vermicelli,Chocolates & Candies,5500,3903.22,400,False,126,4
2381,Mother's Recipe Punjabi Teekha Mang Pickle,Chocolates & Candies,12000,8573.81,400,False,291,4
2382,Ching's Secret Hot Garlic Instant Noodles,Chocolates & Candies,11400,8225.24,480,False,236,4
2383,Kellogg's Real Honey Corn Flakes,Chocolates & Candies,29000,21266.48,630,False,187,4
2384,ITC Master Chef Lebanese Falafel Kebab,Chocolates & Candies,13000,8270.56,230,False,153,4
2385,Kelloggs Chocos Fills Double Chocolaty,Chocolates & Candies,18500,11354.81,250,False,313,4
2386,Organic India Apple Cider Vinegar,Chocolates & Candies,59500,39653.17,500,False,188,4
2387,Masala Oats Masala & Coriander,Chocolates & Candies,19500,12172.57,500,False,174,4
2388,Ching's Secret  Noodles - Pad Thai Lemongras,Chocolates & Candies,20000,13404.3,130,False,129,4
2389,Bagrrys Fruit and Nut Muesli with Cranberries,Chocolates & Candies,49900,34486.75,750,False,343,4
2390,Kitchens Of India Yellow Dal Tadka,Chocolates & Candies,11000,7564.49,285,False,161,4
2391,Soulfull Vanilla Fills - Ragi Bites,Chocolates & Candies,16900,10560.99,250,False,160,4
2392,Pantai Teriyaki Sauce with Garlic,Chocolates & Candies,32500,18959.59,200,False,324,4
2393,Whiskas Adult Pocket Tuna Cat Food,Chocolates & Candies,41000,26080.34,1200,False,350,4
2394,Kitchens Of India Chicken Darbari,Chocolates & Candies,20000,11570.38,285,False,316,4
2395,Soulfull Millet Muesli Fruit & Nut Almonds & Real Fruits,Chocolates & Candies,29900,21767.78,400,False,241,4
2396,Smith & Jones Red Pasta Sauce Mix,Chocolates & Candies,4000,2476.7,46,False,257,4
2397,Kellogg's Muesli Nuts Delight,Chocolates & Candies,42500,24687.91,750,False,129,4
2398,Kitchens of India Dal Bukhara Gravy Mix,Chocolates & Candies,11000,6105.99,285,False,221,4
2399,The Whole Truth Peanut Butter - Sweetened & Crunchy,Chocolates & Candies,21500,14602.04,325,False,338,4
2400,Remia Mayonnaise,Chocolates & Candies,23000,15579.75,241,False,307,4
2401,Ching's Secret Green Chilli Sauce,Chocolates & Candies,10500,6490.27,425,False,247,4
2402,Bagrrys Fruit N Fibre Muesli - Strawberry,Chocolates & Candies,59500,33578.37,1000,False,298,4
2403,Ching's Secret Tomato Oats Instant Soup,Chocolates & Candies,1500,947.89,20,False,268,4
2404,Kellogg's Special K Original Corn Flakes,Chocolates & Candies,14000,8571.41,290,False,255,4
2405,Moi Soi  Black Bean Sauce - Dip Spread Stir Fry & Marinade,Chocolates & Candies,28000,19191.88,175,False,312,4
2406,Tong Garden Wasabi Green Peas,Chocolates & Candies,17500,11745.23,150,False,211,4
2407,Ching's Secret Red Chilli Sauce,Chocolates & Candies,10500,6540.65,440,False,232,4
2408,Ching's Instant Hot and Sour Soup,Chocolates & Candies,5500,3264.68,55,False,350,4
2409,Ching's Secret Noodles - Pad Thai Original,Chocolates & Candies,20000,14952.14,130,False,197,4
2410,Aashirvaad Instant Meals - Khatta Meetha Pohaa With Millets,Chocolates & Candies,5500,3524.4,80,False,204,4
2411,Del Monte Black Sliced Olives,Chocolates & Candies,25000,17191.37,450,False,149,4
2412,Kitchens Of India Murgh Methi,Chocolates & Candies,22000,12718.43,285,False,332,4
2413,Nestle Cerelac 5 Grains & Fruits Cereal,Chocolates & Candies,28800,18637.0,300,False,168,4
2414,The Whole Truth - 5 Grain Muesli No Added Sugar,Chocolates & Candies,32500,18053.99,350,False,128,4
2415,Ching's Secret  Pad Thai Noodles Green Curry,Chocolates & Candies,20000,13021.82,130,False,264,4
2416,Aashirvaad Suji Halwa With Jaggery,Chocolates & Candies,7500,5571.03,70,False,188,4
2417,Mother's Recipe Mango Pickle,Chocolates & Candies,12000,7522.1,400,False,177,4
2418,Ching's Secret Pad Thai Noodles - Extra Hot Thai Chilli,Chocolates & Candies,20000,11155.98,130,False,304,4
2419,Kellogg's Special K Original Corn Flakes,Chocolates & Candies,39900,22192.03,900,False,181,4
2420,Knorr Sweet Corn Chicken Soup,Chocolates & Candies,5500,3451.79,42,False,342,4
2421,Ching's Secret Tomato Soup,Chocolates & Candies,5500,3201.03,55,False,171,4
2422,Funfoods Peanut Butter Creamy,Chocolates & Candies,16900,9373.93,400,False,308,4
2423,Japanese Choice Udon Noodles,Chocolates & Candies,29500,20686.66,250,False,159,4
2424,Kelloggs Muesli - With 22% Fruit Magic,Chocolates & Candies,32000,20534.55,500,False,285,4
2425,Dabur Hommade - Kalonji Tamatar Ki Chutney,Chocolates & Candies,6500,3951.02,200,False,290,4
2426,Kitchens Of India Dal Makhani,Chocolates & Candies,11000,8030.18,285,False,182,4
2427,Aashirvaad Suji Halwa With Jaggery,Chocolates & Candies,5500,3152.75,80,False,266,4
2428,Del Monte Green Chili Sauce,Chocolates & Candies,5500,4076.51,190,False,347,4
2429,Pedigree Dog Food Adult Chicken & Veg,Chocolates & Candies,66000,40444.36,3000,False,169,4
2430,Kellogg's Original Corn Flakes,Chocolates & Candies,18500,13462.09,475,False,280,4
2431,Pedigree Puppy Dry Dog Food Food Chicken & Milk,Chocolates & Candies,69000,46270.61,3000,False,260,4
2432,Kitchens Of India Rajma Masala,Chocolates & Candies,11000,7868.76,285,False,197,4
2433,Kitchen Of India Ready-To-Eat Pindi Channa,Chocolates & Candies,11000,8214.83,285,False,216,4
2434,Figaro Pitted Black Olive,Chocolates & Candies,17900,10877.49,450,False,309,4
2435,Cantina Tabasco Red Sauce,Chocolates & Candies,14000,10391.18,60,False,340,4
2436,Mother's Recipe Pickle - Mixed,Chocolates & Candies,14900,9355.66,500,False,162,4
2437,Nestle Cerelac Baby Cereal with Milk 5 Grains & Vegetables from 18 to 24 Month,Chocolates & Candies,27900,17496.16,300,False,296,4
2438,Pedigree Meat Jerky Adult Dog Treat Barbecued Chicken,Chocolates & Candies,14000,8653.08,80,False,155,4
2439,Veeba Peri Peri Sauce,Chocolates & Candies,16100,10598.33,300,False,241,4
2440,Pantai Sriracha Yellow Chilli Sauce,Chocolates & Candies,22500,13068.65,200,False,227,4
2441,Praakritik Organic Jumbo Rolled Oats,Chocolates & Candies,19000,12554.1,500,False,129,4
2442,Ching's Secret Just Soak - Whole Wheat Veg Hakka Noodles,Chocolates & Candies,12300,8097.59,600,False,214,4
2443,Pantai Spring Roll Sauce,Chocolates & Candies,27500,19315.46,200,False,125,4
2444,MTR Vermicelli Payasam,Chocolates & Candies,7500,5375.47,180,False,176,4
2445,Bagrrys Corn Flakes,Chocolates & Candies,35000,22333.09,880,False,248,4
2446,MTR Ready To Eat Palak Paneer,Chocolates & Candies,13500,8241.3,300,False,190,4
2447,Del Monte Red Chili Sauce,Chocolates & Candies,5500,3310.27,190,False,305,4
2448,Kitchens of India Mutter Paneer Mix,Chocolates & Candies,12000,7067.1,285,False,338,4
2449,Pantai Green Curry Paste,Chocolates & Candies,6000,3369.18,50,False,140,4
2450,The Laughing Cow Cheese Spread Plain,Chocolates & Candies,11000,6803.39,180,False,211,4
2451,MTR Dal Fry,Chocolates & Candies,11000,6644.54,300,False,246,4
2452,Pantai Fish Sauce,Chocolates & Candies,27500,20440.3,200,False,199,4
2453,Cantina Beans Mexican Beans,Chocolates & Candies,25000,16538.54,410,False,175,4
2454,Ching's Secret Manchurian Instant Noodle,Chocolates & Candies,11400,7061.79,480,False,357,4
2455,Remia Salad Italian Dressing,Chocolates & Candies,23000,15320.15,250,False,334,4
2456,Yummiez Veg Cheese Fingers Pouch,Chocolates & Candies,23000,13290.3,400,False,235,4
2457,MTR Dal Makhani,Chocolates & Candies,11000,7026.9,300,False,267,4
2458,MTR Ready to Eat Pav Bhaji,Chocolates & Candies,11000,7427.72,300,False,349,4
2459,Weikfield Tomato Salsa Instant Pasta,Chocolates & Candies,2500,1619.45,77,False,301,4
2460,Nestlé CERELAC Baby Cereal with Milk,Chocolates & Candies,27200,17145.68,300,False,144,4
2461,Remia Salad Caesar Dressing,Chocolates & Candies,25000,18719.24,250,False,275,4
2462,Bagrrys Fruit N Fibre Muesli Mixed Fruit,Chocolates & Candies,33000,23960.08,500,False,124,4
2463,MTR Paneer Butter Masala & Veg Pulao,Chocolates & Candies,17500,11806.92,375,False,239,4
2464,Sundrop Cocoa Nut Hazelnut Chocolatey Spread,Chocolates & Candies,12000,7966.51,160,False,140,4
2465,Moi Soi Manchurian Sauce - For Stir Fry Marinade Spread & Dip,Chocolates & Candies,28000,18875.7,175,False,137,4
2466,Pedigree Dog Food Adult Meat & Rice,Chocolates & Candies,66000,38957.32,3000,False,294,4
2467,Pantai Sriracha Green Chilli Sauce,Chocolates & Candies,22500,14153.12,200,False,317,4
2468,Pantai Chilli Garlic Sauce,Chocolates & Candies,27500,15342.03,200,False,176,4
2469,Pantai Dark Soy Sauce,Chocolates & Candies,27500,17740.5,200,False,212,4
2470,Yoga Bar Peanut Butter Dark Chocolate Jar,Chocolates & Candies,24900,16399.26,400,False,138,4
2471,Cantina Tabasco Green Sauce,Chocolates & Candies,14000,8337.7,60,False,247,4
2472,Pantai Pad Thai Sauce (Non-Veg),Chocolates & Candies,32500,24141.19,200,False,216,4
2473,Pantai Sweet Chilli Sauce,Chocolates & Candies,27500,20127.0,200,False,312,4
2474,Ching's Secret Schezwan Instant Noodle,Chocolates & Candies,11400,7916.49,480,False,356,4
2475,Yummiez Chicken Garlic Fingers Pouch,Chocolates & Candies,25000,16416.93,400,False,250,4
2476,Pediasure Premium Chocolate Powdered Health Drink,Chocolates & Candies,61000,44163.62,400,False,289,4
2477,Chings Secret Hot Garlic Instant Noodles,Chocolates & Candies,9100,5242.79,60,False,140,4
2478,Godrej Yummiez Cheese Corn Nuggets,Chocolates & Candies,23000,16286.35,400,False,346,4
2479,Pantai Hot Chilli Sauce,Chocolates & Candies,27500,15811.51,200,False,352,4
2480,Knorr International Mexican Tomato Corn Soup,Chocolates & Candies,6500,4607.47,52,False,159,4
2481,Bagrry's Fruit Fibre Muesli Mixed Fruit,Chocolates & Candies,59500,36006.63,1000,False,186,4
2482,MTR Roasted Vermicelli,Chocolates & Candies,10500,7616.89,850,False,272,4
2483,Maggi 2-Minute Instant Noodles - Masala,Chocolates & Candies,4400,3250.76,280,False,246,4
2484,"Kurkure Green Chutney, Rajasthani Style",Chocolates & Candies,2000,1159.52,90,False,356,4
2485,Kellogg's Chocos Combo Pack,Chocolates & Candies,6000,3855.21,156,False,349,4
2486,Kissan Mixed Fruit Jam,Chocolates & Candies,15500,11566.06,500,False,356,4
2487,Lijjat Urad Papad,Chocolates & Candies,6000,3880.09,200,False,174,4
2488,Amul Cheese Spread Yummy Plain,Chocolates & Candies,8500,6143.03,200,False,331,4
2489,Mother's Recipe Ginger And Garlic Paste,Chocolates & Candies,5000,3338.73,200,False,299,4
2490,Maggi Magic Cubes Chicken,Chocolates & Candies,4000,2500.26,40,False,291,4
2491,Pedigree Puppy Chicken Chunks in Gravy,Chocolates & Candies,3500,2125.05,70,False,228,4
2492,The Whole Truth Peanut Butter - Unsweetened & Crunchy,Chocolates & Candies,18500,10926.93,325,False,217,4
2493,Ching's Chow Mein Hakka Noodles Masala,Chocolates & Candies,1000,702.36,20,False,332,4
2494,Safal Frozen Mixed Vegetables,Chocolates & Candies,6000,3763.85,500,False,303,4
2495,Safal Frozen Corn,Chocolates & Candies,4100,2674.25,200,False,302,4
2496,Amul Cheese Spread Spicy Garlic,Chocolates & Candies,8500,5511.95,200,False,231,4
2497,Ching's Secret Veg Hakka Noodles,Chocolates & Candies,10700,7120.38,600,False,334,4
2498,Saffola Oats 100 % Natural,Chocolates & Candies,1500,1084.67,38,False,317,4
2499,Lijjat Moong Papad,Chocolates & Candies,6000,4476.89,200,False,234,4
2500,Mothers Recipe Papad - Sabudana With Rock Salt,Chocolates & Candies,3100,1957.7,70,False,236,4
2501,Maggi Chilly Chow Cuppa Noodles,Chocolates & Candies,5000,3577.52,70,False,324,4
2502,Veeba Favourites Eggless Burger Mayonnaise,Chocolates & Candies,6900,4850.05,250,False,360,4
2503,Sunfeast Yippee! Magic Masala Noodles,Chocolates & Candies,4800,3190.59,240,False,206,4
2504,Top Ramen Masala,Chocolates & Candies,9100,6745.01,560,False,320,4
2505,Kelloggs Corn Flakes With Real Strawberry Pure,Chocolates & Candies,26500,15637.51,575,False,200,4
2506,Mother's Recipe Potato Papad,Chocolates & Candies,3100,1772.74,70,False,185,4
2507,Mothers Recipe Rice Papad Ajwain,Chocolates & Candies,2400,1729.9,75,False,138,4
2508,Chef's Basket Durum Wheat Penne Pasta,Chocolates & Candies,16000,10205.28,500,False,330,4
2509,Dabur Hommade - Imli Sauce Saunth,Chocolates & Candies,2000,1438.79,100,False,254,4
2510,Zorabian Chicken Kheema Parathas,Chocolates & Candies,19000,13843.74,300,False,237,4
2511,Sunfeast Pasta Treat Pack of Tomato Cheese,Chocolates & Candies,2800,1574.98,65,False,310,4
2512,Safal Frozen - Sweet Corn,Chocolates & Candies,16000,11627.09,1000,False,161,4
2513,MTR Vegetable Upma,Chocolates & Candies,2500,1599.16,60,False,161,4
2514,Del Monte Original Blend Tomato Ketchup Pouch,Chocolates & Candies,12000,7825.04,950,False,178,4
2515,Del Monte Natural Vinegar,Chocolates & Candies,5500,3714.25,180,False,139,4
2516,Del Monte Eggless Mayo,Chocolates & Candies,13500,9926.23,500,False,192,4
2517,ITC Master Chef Cheesy Corn Triangles,Chocolates & Candies,16000,8861.17,320,False,136,4
2518,Mother's Recipe Mixed Pickle,Chocolates & Candies,11500,7421.74,400,False,146,4
2519,Godrej Yummiez Chicken Breakfast Salami,Chocolates & Candies,15000,10313.17,250,False,294,4
2520,Hershey's Cocoa + Almond Spread,Chocolates & Candies,29500,20488.97,350,False,121,4
2521,Maggi Special Masala Spicy Yummy Noodles,Chocolates & Candies,7200,4957.25,280,False,182,4
2522,Del Monte Schezwan Sauce,Chocolates & Candies,5500,3172.88,190,False,181,4
2523,Yummiez Green Peas,Chocolates & Candies,13500,8233.37,500,False,219,4
2524,Yummiez Green Peas,Chocolates & Candies,25000,15543.58,1000,False,138,4
2525,Yummiez American Sweet Corn,Chocolates & Candies,8500,6042.54,400,False,136,4
2526,Dr Oetker Cucumber & Carrot Sandwich Spread Veg,Chocolates & Candies,7900,4785.44,250,False,188,4
2527,Del Monte Pitted Green Olives,Chocolates & Candies,25000,14803.52,450,False,286,4
2528,Arden Eggs White,"Meats, Fish & Eggs",9700,7192.45,696,True,2,3
2529,Arden Eggs White,"Meats, Fish & Eggs",6500,3586.52,348,True,1,3
2530,Arden Eggs Brown,"Meats, Fish & Eggs",8500,6371.3,348,True,2,3
2531,Godrej Real Good Chicken Whole Pre-Cut,"Meats, Fish & Eggs",30000,20560.93,1000,True,3,3
2532,Zorabian Chicken Breast Boneless,"Meats, Fish & Eggs",14500,10377.56,250,True,3,3
2533,Godrej Real Good Chicken Curry Cut,"Meats, Fish & Eggs",17500,10656.17,500,True,1,3
2534,TGFC Chicken Curry Cut Fresh,"Meats, Fish & Eggs",24900,13766.29,500,True,3,3
2535,Arden Desi Eggs,"Meats, Fish & Eggs",11000,7673.31,348,True,1,3
2536,Godrej Real Good Chicken Breast Boneless,"Meats, Fish & Eggs",27500,19712.8,450,True,2,3
2537,Fresh Chicken Boneless Cubes (Halal),"Meats, Fish & Eggs",21500,15009.05,500,True,1,3
2538,Godrej Real Good Chicken Kheema,"Meats, Fish & Eggs",25500,14753.54,450,True,1,3
2539,Suguna Sharp Egg,"Meats, Fish & Eggs",7200,5044.94,348,True,2,3
2540,TGFC Bombay Duck Whole Cleaned,"Meats, Fish & Eggs",31900,22450.73,500,True,1,3
2541,Zorabian Pre Cut Chicken Skinless (Half),"Meats, Fish & Eggs",16500,11248.18,500,True,1,3
2542,Godrej Real Good Chicken Drumstick,"Meats, Fish & Eggs",26500,18635.41,500,True,3,3
2543,Suguna Active - DHA,"Meats, Fish & Eggs",7200,5178.13,348,True,2,3
2544,Godrej Real Good Chicken Marinated Lollipop,"Meats, Fish & Eggs",20000,13454.42,580,True,1,3
2545,Godrej Yummiez Chicken Nuggets,"Meats, Fish & Eggs",32500,18450.93,500,True,2,3
2546,Eastern Chicken Masala,"Meats, Fish & Eggs",7000,4532.68,100,True,2,3
2547,Ching's Chicken Chilli Masala,"Meats, Fish & Eggs",1000,565.53,20,True,1,3
2548,Fresh Chicken Whole Leg - Skinless (Halal),"Meats, Fish & Eggs",16500,10419.89,500,True,3,3
2549,Ceres Foods Fish Mustard Instant Liquid Masala,"Meats, Fish & Eggs",22000,13891.27,200,True,2,3
2550,TGFC Tilapia Curry Cut,"Meats, Fish & Eggs",25900,14586.93,500,True,1,3
2551,Godrej Yummiez Chicken Lucknowi Seekh Kebab,"Meats, Fish & Eggs",26000,16113.87,400,True,2,3
2552,Godrej Real Good Marinated Hot & Grill Chicken,"Meats, Fish & Eggs",24500,14018.89,450,True,3,3
2553,Everest Meat Masala Powder,"Meats, Fish & Eggs",7400,5266.19,100,True,3,3
2554,Suguna Heart- Omega3,"Meats, Fish & Eggs",7200,5324.67,348,True,3,3
2555,Everest Powder - Egg Curry Masala,"Meats, Fish & Eggs",4000,2257.85,50,True,1,3
2556,TGFC Chicken Boneless Fresh Whole,"Meats, Fish & Eggs",26100,19340.7,500,True,1,3
2557,Zorabian Chicken Smoked Ham,"Meats, Fish & Eggs",20500,13417.56,250,True,3,3
2558,Suguna Fit Egg,"Meats, Fish & Eggs",12000,7318.96,348,True,1,3
2559,Everest Tandoori Chicken Masala,"Meats, Fish & Eggs",3900,2204.95,50,True,3,3
2560,Godrej Yummiez Chilli Chicken Sausages,"Meats, Fish & Eggs",16000,10402.0,250,True,1,3
2561,Godrej Yummiez Chicken Punjabi Tikka,"Meats, Fish & Eggs",29500,20912.64,360,True,3,3
2562,Eastern Fish Masala,"Meats, Fish & Eggs",4800,3318.8,100,True,2,3
2563,TGFC Catla Bengali Cut,"Meats, Fish & Eggs",29000,16241.31,500,True,3,3
2564,Godrej Real Good Chicken Leg Boneless,"Meats, Fish & Eggs",27500,15525.96,450,True,3,3
2565,TGFC Rohu Bengali Cut,"Meats, Fish & Eggs",24900,15701.31,500,True,1,3
2566,Godrej Real Good Chicken Lollypop,"Meats, Fish & Eggs",17500,10658.52,580,True,1,3
2567,Godrej Real Good Chicken Liver Sealed,"Meats, Fish & Eggs",7500,4473.58,200,True,1,3
2568,Everest Tandoori Chicken Masala,"Meats, Fish & Eggs",7400,4485.89,100,True,1,3
2569,Fresh Mutton Mince - Kheema (Halal),"Meats, Fish & Eggs",51500,36600.87,500,True,1,3
2570,Fresh Mutton Curry Cut Cubes (Halal),"Meats, Fish & Eggs",46500,34216.82,500,True,1,3
2571,Ceres Foods Laal Maas Instant Liquid Masala,"Meats, Fish & Eggs",22000,13882.45,200,True,2,3
2572,Godrej Real Good Chicken Legs,"Meats, Fish & Eggs",21000,15355.67,116,True,3,3
2573,Yummiez Chicken Breakfast Sausages,"Meats, Fish & Eggs",15000,9214.49,250,True,3,3
2574,TGFC Basa Fillets,"Meats, Fish & Eggs",32900,21229.96,500,True,3,3
2575,Zorabian Chicken Legs Skinless,"Meats, Fish & Eggs",21000,12499.32,450,True,2,3
2576,Ceres Foods Nalli Nihari Instant Liquid Masala,"Meats, Fish & Eggs",22000,14918.09,200,True,3,3
2577,Yummiez Chicken Garlic Fingers Pouch,"Meats, Fish & Eggs",25000,18644.91,400,True,2,3
2578,Suhana Spice Mix - Chicken Biryani,"Meats, Fish & Eggs",6600,4426.61,50,True,2,3
2579,Suguna Nourish Egg,"Meats, Fish & Eggs",6200,3853.69,696,True,2,3
2580,Fresh Chicken Curry Cut - Skinless (Halal),"Meats, Fish & Eggs",14000,9513.89,500,True,3,3
2581,Zorabian Chicken Breast Boneless,"Meats, Fish & Eggs",14500,8331.47,450,True,2,3
2582,Zorabian Chicken Kheema Parathas,"Meats, Fish & Eggs",19000,13826.9,300,True,3,3
2583,Fresh Chicken Mince - Kheema (Halal),"Meats, Fish & Eggs",21500,13988.26,500,True,3,3
2584,Godrej Real Good Chicken Boneless Cubes,"Meats, Fish & Eggs",27500,17596.42,450,True,1,3
2585,Suguna Vitamin D Egg,"Meats, Fish & Eggs",7500,5003.8,348,True,1,3
2586,Suguna Nourish Egg,"Meats, Fish & Eggs",7200,4859.69,348,True,2,3
2587,Zorabian Chicken Mince,"Meats, Fish & Eggs",25000,14108.88,450,True,2,3
2588,Zorabian Chicken Leg Boneless,"Meats, Fish & Eggs",25000,17163.09,450,True,3,3
2589,Godrej Yummiez Chicken Breakfast Salami,"Meats, Fish & Eggs",15000,8975.8,250,True,2,3
2590,Zorabian Chicken Cubes,"Meats, Fish & Eggs",27000,18705.34,500,True,2,3
2591,Britannia Good Day Cashew Cookies,Biscuits,1000,714.51,60,False,160,5
2592,Britannia 50-50 Maska Chaska Biscuits,Biscuits,3200,2274.53,120,False,253,5
2593,Dukes Waffy Chocolate Wafers,Biscuits,4500,2972.25,60,False,235,5
2594,Britannia Nutri Choice Digestive Biscuit,Biscuits,4500,2943.15,200,False,127,5
2595,Britannia Goodday Chocochip Cookies,Biscuits,12000,6942.9,400,False,226,5
2596,Britannia Good Day Pista Badam,Biscuits,4500,3172.81,200,False,268,5
2597,Cadbury Chocobakes Chocolate Filled Cookies,Biscuits,3000,1812.85,75,False,124,5
2598,Dukes Waffy Strawberry Roll,Biscuits,15000,9740.09,250,False,171,5
2599,Parle Monaco Classic Salty Biscuits,Biscuits,7000,4247.98,400,False,222,5
2600,Dukes Waffy Orange Wafers,Biscuits,4500,2595.45,60,False,231,5
2601,Britannia Good Day Pista Badam,Biscuits,2000,1351.82,100,False,247,5
2602,Britannia Milk Bikis Biscuits Packet,Biscuits,2000,1121.73,200,False,93,5
2603,Britannia Toastea (Premium Bake Rusk),Biscuits,6500,4548.24,400,False,256,5
2604,Dukes Waffy Strawberry Wafers,Biscuits,4500,2760.83,60,False,242,5
2605,Britannia Toastea Premium Bake Rusk,Biscuits,3500,1925.09,182,False,245,5
2606,Lotte Choco Pie,Biscuits,8000,5217.81,168,False,239,5
2607,Bauli Moonfils Choco Veg Puff Roll,Biscuits,1500,839.06,45,False,248,5
2608,Sunfeast Dark Fantasy Choco Fills Cookies Packet,Biscuits,15000,9078.51,300,False,112,5
2609,Britannia 50-50 Maska Chaska Biscuit,Biscuits,7500,5185.46,300,False,137,5
2610,Britannnia 50-50 Sweet & Salty Biscuit,Biscuits,2500,1406.34,200,False,237,5
2611,Britannia Good Day Chunky Cookies,Biscuits,5000,3589.34,120,False,214,5
2612,Sunfeast Marie Light,Biscuits,2300,1266.76,200,False,255,5
2613,Britannia Bourbon Biscuit Buy 4 Get 1 Free,Biscuits,8000,4794.92,500,False,144,5
2614,The Bake Shop Whole Wheat Oats Khari,Biscuits,6500,4538.18,200,False,157,5
2615,Britannia Nutri Choice Oats Milk Almond Biscuit,Biscuits,2500,1533.14,75,False,177,5
2616,Sunfeast Dark Fantasy Choco Creme,Biscuits,8000,4563.03,300,False,90,5
2617,Lotte Choco Pie Chocolate Cake,Biscuits,2500,1555.12,56,False,224,5
2618,Sunfeast Mom's Magic Cashew & Almond Cookies Packet,Biscuits,3000,1812.24,200,False,184,5
2619,Unibic SugarFree - Oatmeal Cookies,Biscuits,5000,3592.71,75,False,229,5
2620,Parle Hide & Seek Cookies With Added Almonds,Biscuits,3000,1838.01,100,False,195,5
2621,Unibic Fruit & Nut Cookies,Biscuits,2500,1769.47,67,False,222,5
2622,Sunfeast Yumfills Whoopie Pie,Biscuits,14000,10197.24,253,False,197,5
2623,Britannia Toastea Premium Bake Rusk,Biscuits,11000,7004.4,700,False,267,5
2624,McVitie's Marie biscuits with Goodness of Calcium,Biscuits,3000,2195.97,250,False,131,5
2625,Britannia Treat Croissant Vanilla Creme Roll,Biscuits,2000,1250.93,47,False,191,5
2626,Unibic Honey Oatmeal Cookies,Biscuits,2500,1857.04,75,False,213,5
2627,Britannia Good Day Choco Chip Cookies,Biscuits,3000,1703.57,100,False,229,5
2628,The Bake Shop Masala Cheese Crackers,Biscuits,9500,6530.34,100,False,192,5
2629,Britannia Pure Magic Vanilla Creme Biscuit,Biscuits,3500,2270.67,100,False,235,5
2630,Open Secret Assorted Story Box,Biscuits,10500,6589.06,75,False,163,5
2631,Cadbury Oreo Dipped Biscuit,Biscuits,7000,4735.8,150,False,197,5
2632,Sunfeast Farmlite Oats & Almonds Biscuits Packet,Biscuits,6000,4144.63,150,False,211,5
2633,Unibic SugarFree - Butter Cookies,Biscuits,5000,2754.36,75,False,106,5
2634,Britannia Good Day Cashew Cookies Packet,Biscuits,12000,7000.69,600,False,160,5
2635,Dukes Sour & Cream Onion Nibbles Baked,Biscuits,5500,3809.35,150,False,151,5
2636,Parle Hide & Seek Choco Rolls,Biscuits,5000,3416.39,120,False,130,5
2637,Britannia Treat Creme Wafers - Vanilla,Biscuits,4500,3344.44,60,False,208,5
2638,Parle Rusk Elaichi,Biscuits,4800,3370.6,300,False,251,5
2639,Lotte Choco Pie,Biscuits,14000,10362.16,336,False,134,5
2640,Sunfeast Mom's Magic Cashew & Almond Biscuits,Biscuits,12000,8286.1,600,False,147,5
2641,Unibic Cashew Cookies,Biscuits,2500,1524.03,75,False,268,5
2642,Parle Monaco Jeffs Zeera Biscuit,Biscuits,6000,3426.44,200,False,215,5
2643,"Unibic Snack Bar - Multigrain, Choco",Biscuits,4000,2825.46,30,False,251,5
2644,The Bake Shop Methi Khari Simply Delicious,Biscuits,6500,4412.39,200,False,133,5
2645,Britannia Treat Jimjam Family Pack (Buy 4 Get 1 Free),Biscuits,10000,5596.37,500,False,104,5
2646,Open Secret Choco Almond Tiffin Pack,Biscuits,3500,2177.04,25,False,167,5
2647,Lotte Choco Pie,Biscuits,15000,11120.4,696,False,159,5
2648,Baker Street Suji Rusk Large Pack,Biscuits,3000,1950.24,200,False,267,5
2649,Parle Hide & Seek Choco Rolls,Biscuits,3000,1909.64,75,False,190,5
2650,Sunfeast Dark Fantasy Vanilla Creme,Biscuits,8000,5132.32,300,False,249,5
2651,Britannia Treat Burst Choco Creme Fills,Biscuits,3000,1775.33,120,False,92,5
2652,Parle Milano Mixed Berries Cookies,Biscuits,3500,2183.1,75,False,175,5
2653,Karachi Bakery Cashew Biscuits,Biscuits,21000,13103.22,400,False,163,5
2654,Britannia Pure Magic Choco Lush Cookies,Biscuits,12000,6725.65,300,False,140,5
2655,Britannia Treart Creme Wafers Chocolate,Biscuits,4500,3165.81,60,False,156,5
2656,Unibic Daily Digestive (Multigrain Cookies),Biscuits,3000,1899.9,75,False,165,5
2657,Cadbury Chocobakes Choc Filled Cookies,Biscuits,6000,4286.62,150,False,182,5
2658,The Bake Shop Whole Wheat Multigrain Toast (Rusk),Biscuits,6000,4320.42,200,False,265,5
2659,Unibic Choco Kiss Cookies,Biscuits,4500,2665.79,75,False,234,5
2660,Britannia Treat Creme Wafers - Orange,Biscuits,4500,3066.62,60,False,96,5
2661,Bauli Moonfills Pack of 4,Biscuits,6000,3866.74,180,False,102,5
2662,Unibic Oatmeal Digestive Cookies,Biscuits,5000,3630.16,150,False,209,5
2663,Orion Choco Pie - Chocolate Coated Soft Biscuit,Biscuits,15000,8897.22,336,False,155,5
2664,Britannia Good Day Cashew Cookies Pack Of 6,Biscuits,12000,8226.75,120,False,93,5
2665,Parle Fab Bourbon,Biscuits,3000,2014.65,150,False,227,5
2666,Open Secret White Choco Tiffin Pack,Biscuits,3500,2131.71,25,False,177,5
2667,The Bake Shop Whole Wheat Bread Sticks,Biscuits,6000,3463.92,100,False,106,5
2668,Unibic Assorted Cookies,Biscuits,14900,10136.89,450,False,141,5
2669,The Bake Shop Milk & Raisin Toast (Rusk),Biscuits,6000,4186.32,200,False,223,5
2670,Lotte Choco Pie Cocoa Pie,Biscuits,9000,5518.13,168,False,158,5
2671,Bauli Moonfils Veg - Strawberry,Biscuits,1500,1018.45,45,False,226,5
2672,The Bake Shop Masala Lavash,Biscuits,7500,4717.7,100,False,110,5
2673,Britannia Good Day Nut Cookies,Biscuits,3000,2077.92,120,False,113,5
2674,Sunfeast Mom's Magic Rich Butter Cookies,Biscuits,3000,1769.53,200,False,93,5
2675,The Bake Shop Whole Wheat Toast (Rusk),Biscuits,6000,4368.26,200,False,241,5
2676,Open Secret Peanut Butter Story Box,Biscuits,10500,6378.56,75,False,92,5
2677,Open Secret White Choco Story Box,Biscuits,10500,6547.35,75,False,157,5
2678,The Bake Shop Whole Wheat Multigrain Lavash,Biscuits,7500,4212.14,100,False,190,5
2679,McVitie's Oat Cookies,Biscuits,4500,2575.36,120,False,257,5
2680,Britannia Tiger Krunch Biscuits,Biscuits,12000,7838.07,400,False,265,5
2681,McVitie's Butter Cookies,Biscuits,3000,1810.56,200,False,143,5
2682,Bauli Moonfils Strawberry,Biscuits,1500,1075.64,45,False,124,5
2683,Britannia Good Day Butter Cookies,Biscuits,8000,4423.51,600,False,145,5
2684,Parle Hide & Seek Choco Rolls,Biscuits,6000,3754.91,120,False,197,5
2685,The Bake Shop Jeera Ajwain Bread Sticks,Biscuits,6000,3704.81,100,False,129,5
2686,Parle Fab!o Vanilla Creme Sandwich Biscuit,Biscuits,3000,1661.6,120,False,157,5
2687,Sunfeast Farmlite Nuts Digestive,Biscuits,7000,4024.12,250,False,135,5
2688,Britannia Pure Magic - Chocolush,Biscuits,3500,2214.55,100,False,167,5
2689,The Bake Shop Maska & Multigrain Cheese Crackers,Biscuits,13000,8431.45,100,False,230,5
2690,Britannia Nutri Choice Ragi Cookies,Biscuits,7000,4416.01,150,False,244,5
2691,Sunfeast Farmlite 5 Seed Digestive,Biscuits,6000,3937.13,250,False,95,5
2692,Dukes Nibbles - Ranch Crackers,Biscuits,5000,3345.13,150,False,106,5
2693,Danish Butter Cookies,Biscuits,35000,19319.47,400,False,253,5
2694,The Bake Shop Sesame Seed Crackers,Biscuits,13000,8356.65,100,False,188,5
2695,Good Day Butter Cookies,Biscuits,1000,742.7,75,False,170,5
2696,Britannia Marie Gold Biscuits Packet,Biscuits,3000,1961.42,250,False,91,5
2697,Britannia Good Day Cashew Cookies,Biscuits,2000,1371.02,100,False,166,5
2698,Sunfeast Dark Fantasy Choco Fills,Biscuits,3500,2143.3,75,False,269,5
2699,Britannia Nutri Choice Digestive Biscuits Packet,Biscuits,2500,1762.0,100,False,155,5
2700,Britannia Classic Little Hearts,Biscuits,2500,1761.46,75,False,141,5
2701,Britannia Good Day Cashew Cookies Packet,Biscuits,4000,2617.04,200,False,181,5
2702,Britannia Nice Time Biscuit,Biscuits,2500,1863.01,150,False,260,5
2703,Britannia Milk Bikis Cream Biscuit,Biscuits,4500,2588.0,200,False,111,5
2704,Britannia Bourbon Chocolate Cream Biscuits,Biscuits,3500,1936.86,150,False,200,5
2705,Dukes Waffy Chocolate Wafer Rolls,Biscuits,15000,10560.47,250,False,196,5
2706,Britannia Milk Bikis Milky Sandwich,Biscuits,2500,1778.58,120,False,156,5
2707,Britannia Marie Gold Biscuit,Biscuits,2800,1607.32,200,False,229,5
2708,Britannia Marie Gold (Buy 4 Get 1 Free),Biscuits,8000,4824.93,600,False,158,5
2709,Britannia 50-50 Maska Chaska Biscuit,Biscuits,1000,553.51,46,False,173,5
2710,Unibic Choco Nut Cookies,Biscuits,2500,1521.65,75,False,192,5
2711,Britannia Vita Marie Gold Biscuit,Biscuits,4500,3170.83,300,False,128,5
2712,The Bake Shop Maska Khari,Biscuits,6500,4248.35,200,False,102,5
2713,Parle Fab! Jam-In Cream Filled,Biscuits,3500,2168.67,150,False,130,5
2714,Sunfeast Nice Biscuit,Biscuits,2500,1560.87,150,False,146,5
2715,Britannia Nutrichoice 5 Grain Digestive Biscuits,Biscuits,7500,4127.03,200,False,270,5
2716,Cadbury Oreo Strawberry Bicuits,Biscuits,3000,1829.88,120,False,101,5
2717,Sunfeast Mom's Magic Cashew & Almond Biscuit,Biscuits,1000,679.29,60,False,102,5
2718,Britannia Roll Yo! Strawberry Swiss Roll,Biscuits,1000,744.84,28,False,209,5
2719,Bauli Moonfils Choco Cream (With Egg),Biscuits,1500,1079.12,45,False,186,5
2720,Britannia Nutri Choice Oats Choco Almond Biscuit,Biscuits,2500,1386.8,100,False,146,5
2721,Britannia Nutri Choice Cracker Sugar Free Biscuit,Biscuits,3500,2553.99,300,False,129,5
2722,Cadbury Oreo Chocolatey Sandwich Biscuits Family Pack,Biscuits,8000,5653.12,300,False,207,5
2723,Bauli Moonfils Orange Puff Roll,Biscuits,1500,1059.11,45,False,169,5
2724,Britannia Treat Jimjam Cream Biscuits,Biscuits,2500,1604.0,100,False,217,5
2725,Britannia Toastea Premium Bake Rusk,Biscuits,5000,3148.01,300,False,262,5
2726,The Bake Shop Jeera Khari,Biscuits,6500,3968.79,200,False,124,5
2727,"Cadbury Oreo Creme Biscuit - Vanilla, Original 120 g",Biscuits,3000,1689.42,120,False,92,5
2728,Britannia Good Day Cashew Cookies,Biscuits,23000,13699.88,1000,False,209,5
2729,Bauli Moonfils - Vanilla,Biscuits,1500,898.98,45,False,94,5
2730,Britannia Roll Yo! Choco Swiss Roll (With Egg),Biscuits,1000,646.82,28,False,100,5
2731,Britannia Milk Bikis Cream Biscuit,Biscuits,7000,4896.42,500,False,215,5
2732,Open Secret Choco Almond Story Box,Biscuits,10500,6770.0,75,False,160,5
2733,Parle Monaco Sixer Salted Biscuits,Biscuits,6000,3369.41,200,False,206,5
2734,Sunfeast Dark Fantasy Bourbon Bliss,Biscuits,3500,2595.45,150,False,227,5
2735,Patanjali Atta Doodh Rusk,Biscuits,4000,2954.18,300,False,195,5
2736,Clove Sensitive Toothpaste with Anti-Sensitivity & Fluoride Formulation,Personal Care,16000,11312.61,80,False,480,2
2737,Dettol Original Germ Protection Alcohol Based Hand Sanitizer,Personal Care,2500,1870.66,50,False,526,2
2738,Colgate Visible White Toothpaste,Personal Care,11500,7577.31,100,False,431,2
2739,Dettol SKincare Handwash Value Refill,Personal Care,10900,8093.84,750,False,564,2
2740,Savlon Herbal Sensitive Liquid Handwash Refill Pouch,Personal Care,11500,6498.89,750,False,395,2
2741,Colgate Total 12 Whole Mouth Protection Toothpaste,Personal Care,12000,7477.63,120,False,439,2
2742,Lux International Creamy White Soap Bar,Personal Care,3500,2082.77,75,False,601,2
2743,Colgate Herbal Toothpaste,Personal Care,11400,6716.5,200,False,691,2
2744,Nivea Men Deodorant Fresh Active 48h Long lasting Freshness,Personal Care,22500,13008.61,150,False,430,2
2745,Dabur Meswak Toothpaste,Personal Care,5800,3912.0,100,False,434,2
2746,Colgate Max Fresh Cooling Crystals Toothpaste,Personal Care,10100,7133.27,150,False,661,2
2747,Indulekha Bhringa Hair Oil,Personal Care,43200,28756.5,100,False,384,2
2748,Colgate Sensitive Soft Bristles Toothbrush,Personal Care,5000,2896.96,58,False,590,2
2749,Pears Pure & Gentle Glycerin Bath Soap,Personal Care,7500,5341.69,125,False,563,2
2750,Vaseline Skin Protecting Jelly,Personal Care,7900,5349.81,50,False,403,2
2751,Dettol Original Germ Protection Bathing Soap Bar,Personal Care,16600,10418.71,375,False,509,2
2752,Dettol Intense Cool Soap (B4G1),Personal Care,26000,17805.48,625,False,409,2
2753,Livon Anti-Frizz Serum,Personal Care,25000,15049.52,100,False,690,2
2754,Lifebuoy Germ Protection Care Soap Bar,Personal Care,3000,1857.12,100,False,455,2
2755,Lux International Creamy White Soap Bar,Personal Care,7000,5134.48,125,False,602,2
2756,Godrej Nupur  100% Pure Henna (Mehendi),Personal Care,1000,608.1,18,False,434,2
2757,Glow & Lovely Advanced Multivitamin Face Cream,Personal Care,21300,13717.15,110,False,530,2
2758,Set Wet Style Vertical Hold Hair Gel,Personal Care,5000,3640.14,50,False,494,2
2759,"Godrej Expert Rich Crème, Natural Black",Personal Care,3000,2074.63,20,False,578,2
2760,Nycil Germ Expert Cool Herbal Talc,Personal Care,13000,7311.73,150,False,704,2
2761,Godrej Expert Creme Hair Natural Brown Colour,Personal Care,3000,1738.38,20,False,453,2
2762,Veet Sensitive Skin Hair Removal Cream,Personal Care,13500,7446.17,50,False,699,2
2763,Closeup Everfresh+ Anti-Germ Gel Toothpaste Red Hot,Personal Care,5000,3380.92,80,False,616,2
2764,Pears Pure And Gentle Value Pack Of 3 Bathing Soap,Personal Care,19900,12726.74,375,False,713,2
2765,Gillette Presto Ready Shaver 5 Cartridges,Personal Care,8800,5076.32,290,False,436,2
2766,Closeup Everfresh+ Anti-Germ Gel Toothpaste Red Hot,Personal Care,16000,11865.39,300,False,529,2
2767,"Godrej Expert Rich Crème, Dark Brown",Personal Care,3000,1967.8,20,False,413,2
2768,Nivea Soft Light Moisturizer for Face Hand & Body Non-Sticky Cream with Vitamin E & Jojoba Oil,Personal Care,18500,11070.01,100,False,416,2
2769,Fiama Gel Bar Celebration Pack Buy 4 Get 1 Free,Personal Care,29000,18853.5,625,False,653,2
2770,Gillette Sensitive Shaving Foam,Personal Care,22500,15433.29,418,False,642,2
2771,Dove Hair Fall Rescue Shampoo,Personal Care,15000,8478.72,180,False,478,2
2772,Gillette Mach 3 Mens Razor Blades,Personal Care,49900,30186.54,232,False,603,2
2773,Palmolive Aroma Absolute Relax Shower Gel,Personal Care,19900,14156.72,250,False,497,2
2774,Godrej Protekt Germ Fighter Handwash,Personal Care,9900,6355.14,750,False,638,2
2775,Dettol Hand Sanitizer,Personal Care,10000,6593.15,200,False,530,2
2776,Dabur Amla Hair Oil,Personal Care,8800,5601.76,180,False,657,2
2777,Dettol Original Liquid Handwash,Personal Care,8900,4973.14,200,False,607,2
2778,L'Oreal Paris Total Repair 5 Conditioner,Personal Care,19900,11604.68,192,False,684,2
2779,Patanjali Saundarya Aloe Vera Gel,Personal Care,9000,5751.97,150,False,502,2
2780,Head & Shoulders 2 In 1 Anti Dandruff Shampoo Conditioner,Personal Care,19500,11540.82,180,False,443,2
2781,Clean & Clear Pimple Clearing Face Wash,Personal Care,13000,7279.95,80,False,534,2
2782,Himalaya Anti Dandruff Shampoo,Personal Care,14000,10062.22,200,False,487,2
2783,Stayfree Secure Dry Cover Regular Sanitary Pad With Wings,Personal Care,3000,2238.72,406,False,540,2
2784,Savlon Moisture Shield Hand Wash,Personal Care,9900,7015.42,750,False,664,2
2785,Dove Intense Repair Conditioner,Personal Care,19000,13694.38,175,False,446,2
2786,Dabur Gulabari Rose Glow Face Cleanse,Personal Care,7500,4487.97,100,False,451,2
2787,Parachute Jasmine Hair Oil,Personal Care,8200,6085.43,190,False,589,2
2788,Johnson's Baby Skincare Wipes,Personal Care,7900,4656.14,1160,False,380,2
2789,Dettol Skincare Liquid Hand Wash,Personal Care,7900,5848.26,200,False,674,2
2790,Old Spice Original Lather Shaving Cream,Personal Care,7500,5617.23,70,False,722,2
2791,Veet Hair Removal Cream Dry Skin,Personal Care,13500,9346.65,50,False,527,2
2792,L'Oreal Paris Total Repair 5 Shampoo,Personal Care,26500,19775.06,396,False,462,2
2793,Fiama Menthol & Magnolia Cooling Gel Bar Soap,Personal Care,16000,10622.53,375,False,520,2
2794,Nivea Lip Balm Original Care for 24h Moisture with Shea Butter & Natural Oils,Personal Care,14000,8426.72,5,False,366,2
2795,Oral-B Charcoal Deep Clean Stain Removal Toothbrush Soft,Personal Care,9900,6310.25,232,False,714,2
2796,Neutrogena Ultra Sheer Dry Touch SPF 50+ Sunblock Sunscreen Lotion,Personal Care,25000,16717.8,30,False,533,2
2797,Clinic Plus Strong & Long Health Shampoo,Personal Care,49900,28174.35,650,False,679,2
2798,Johnson's Baby No More Tears Baby Shampoo,Personal Care,9800,6609.79,100,False,689,2
2799,Colgate Zig Zag Toothbrush,Personal Care,12000,8954.83,348,False,456,2
2800,Savlon Moisture Shield Germ Protection Handwash Refill (Buy 1 Get 1 Free),Personal Care,18900,11113.61,1500,False,545,2
2801,Colgate Sensitive Everyday Protection Anticavity Toothpaste,Personal Care,7500,5313.89,40,False,595,2
2802,Whisper Ultra Soft XL+ Sanitary Pads,Personal Care,33000,24142.13,30,False,665,2
2803,Garnier Colour Naturals Hair Colour - 1 Natural Black,Personal Care,8000,5909.92,60,False,512,2
2804,Axe Pulse Men's Deodorant,Personal Care,21000,15582.57,150,False,644,2
2805,Colgate Zigzag Charcoal Soft Bristle Toothbrush - 4 Pcs,Personal Care,9900,6477.49,232,False,553,2
2806,Whisper Ultra Clean Wings XL+  Pouch,Personal Care,44900,33471.23,44,False,711,2
2807,Whisper Choice Regular Sanitary Pads,Personal Care,9000,6313.16,1160,False,714,2
2808,Axe Dark Temptation Men's Deodorant,Personal Care,21000,12229.02,150,False,678,2
2809,Head & Shoulders Anti-Dandruff Smooth & Silky Shampoo,Personal Care,15000,9680.7,180,False,492,2
2810,Clinic Plus Strength & Shine Shampoo With Egg Protein,Personal Care,10500,7283.5,175,False,371,2
2811,Engage M1 Perfume Spray for Men,Personal Care,21000,12588.83,120,False,411,2
2812,Tresemme Keratin Smooth Conditioner,Personal Care,38000,25768.68,340,False,417,2
2813,"Garnier Color Naturals Crème Hair Color, Shade 5 Light Brown",Personal Care,18000,12299.76,100,False,551,2
2814,Origami Aloe Vera Wipes,Personal Care,7500,4369.05,25,False,402,2
2815,"Engage Drizzle Deodorant For Women, Floral And Lavender, Skin Friendly",Personal Care,19500,12928.83,150,False,590,2
2816,Gellette Presto Ready Shaver,Personal Care,2000,1408.65,58,False,417,2
2817,Colgate Max Fresh Plax Mouthwash - Fresh Mint,Personal Care,15000,9746.69,250,False,588,2
2818,Colgate Zig Zag Charcoal Medium Toothbrush 4 Pcs,Personal Care,9900,5468.96,232,False,518,2
2819,Godrej Protekt,Personal Care,9900,5462.9,750,False,412,2
2820,Colgate Total Charcoal Anticavity Toothpaste,Personal Care,11000,6835.46,120,False,715,2
2821,Colgate Kids 0-2 Extra Soft Tooth Brush,Personal Care,3000,2205.72,58,False,511,2
2822,Gillete Mach3,Personal Care,26000,15489.12,116,False,428,2
2823,Maybelline New York Colossal Kajal Black,Personal Care,14900,10085.4,0,False,713,2
2824,Godrej Cinthol Lime Talc,Personal Care,5500,3269.28,100,False,546,2
2825,Hamam Soap Bar Neem Tulsi and Aloe Vera,Personal Care,5800,3563.14,150,False,489,2
2826,"Godrej Expert Rich Crème, Burgundy",Personal Care,3300,2374.71,20,False,543,2
2827,Colgate Gentle Sensitive+ Toothbrush Pack Of 4,Personal Care,12000,8349.27,232,False,403,2
2828,Nivea Creme All Season Multi-Purpose Cream,Personal Care,17500,9958.9,100,False,624,2
2829,Oral-B Charcoal Deep Clean Stain Removal Toothbrush Medium,Personal Care,9900,6293.83,232,False,367,2
2830,Mamaearth 100% Natural Berry Blast Kids Toothpaste,Personal Care,14900,8281.93,50,False,428,2
2831,HImalaya Gentle Baby Wipes,Personal Care,20000,12923.56,72,False,393,2
2832,Stayfree Dry Max All Night XL Dry Cover Sanitary Pads,Personal Care,34000,23204.55,28,False,375,2
2833,"L'Oreal Paris Excellence Creme Hair Color, 1 Black",Personal Care,62000,35569.43,172,False,461,2
2834,Fem Fairness Naturals Saffron Skin Bleach,Personal Care,8500,5166.1,64,False,722,2
2835,Engage Woman Blush Body Deo Spray,Personal Care,19500,12276.56,150,False,567,2
2836,Dove Pink Rosa Beauty Bathinhg Bar,Personal Care,6000,4403.44,100,False,385,2
2837,Sebamed Cleansing Bar,Personal Care,9900,7411.64,100,False,403,2
2838,Pampers Premium Care Pants - Large,Personal Care,109900,61432.15,44,False,587,2
2839,Nivea Women Deodorant Fresh Natural Long Lasting Freshness & 48h Protection,Personal Care,19900,13973.81,150,False,466,2
2840,"L'Oreal Paris Excellence Creme Hair Color, 3 Dark Brown/Natural Darkest Brown",Personal Care,62000,38709.38,172,False,410,2
2841,Patanjali Kesh Kanti Natural Hair Cleanser,Personal Care,7500,4713.69,200,False,430,2
2842,Godrej No.1 Bathing Soap  Lime & Aloe Vera,Personal Care,14900,10442.71,600,False,455,2
2843,Pantene Advanced Control Hair Fall Solution Shampoo,Personal Care,12000,8804.22,180,False,528,2
2844,Veet Full Body Waxing Kit For Dry Skin,Personal Care,23500,17394.36,1160,False,475,2
2845,Johnson's Baby Skincare Wipes,Personal Care,24500,16302.9,72,False,702,2
2846,Gillette Lemon Lime Shaving Foam,Personal Care,19900,12366.34,196,False,487,2
2847,Old Spice After Shave Lotion Musk,Personal Care,21500,15211.46,100,False,557,2
2848,Whisper Ultra Soft Air Fresh Sanitary Pads (XL) with Wings,Personal Care,31500,18906.31,30,False,463,2
2849,Himalaya Baby Powder,Personal Care,8000,5302.52,100,False,655,2
2850,Fiama Men's Refreshing Pulse Shower Gel,Personal Care,22500,13988.6,250,False,523,2
2851,Whisper Ultra Clean XL Plus Sanitary Pad,Personal Care,17500,11923.21,870,False,467,2
2852,Johnson's Baby Powder,Personal Care,14300,8552.54,200,False,645,2
2853,Dove Cream Beauty Bathing Bar,Personal Care,23500,13825.49,125,False,407,2
2854,Patanjali Kesh Kanti Shikakai Hair Cleanser,Personal Care,9500,6969.65,200,False,448,2
2855,L'Oreal Paris Color Protect Conditioner,Personal Care,19900,11350.18,192,False,555,2
2856,Nivea Men Active Clean with Active Charcoal Shower Gel for Body Face & Hair,Personal Care,19900,12958.71,250,False,415,2
2857,L'Oreal 6 Oil Nourish Conditioner,Personal Care,13500,8021.3,192,False,574,2
2858,Godrej Easy Natural Black Hair Colour,Personal Care,2500,1394.46,20,False,490,2
2859,Dabur Gulabari Rose Water Daily Glow,Personal Care,8000,4457.63,250,False,433,2
2860,Himalaya Purifying Neem Face Wash,Personal Care,17000,9945.75,150,False,629,2
2861,Fem Fairness Naturals Gold Skin Bleach,Personal Care,6500,4701.8,24,False,622,2
2862,Whisper Choice Ultra XL Sanitary Pad,Personal Care,13300,8066.39,1160,False,552,2
2863,Dove Dandruff Care Shampoo,Personal Care,15800,11693.45,180,False,594,2
2864,Head & Shoulders Anti Dandruff Anti Hairfall Shampoo,Personal Care,28500,18990.25,340,False,553,2
2865,L'Oreal Casting Creme Ebony Black Hair Color,Personal Care,55000,35052.76,159,False,374,2
2866,Mamaearth Onion Hair Oil,Personal Care,39900,26574.11,150,False,478,2
2867,L'Oreal Paris Casting Creme Gloss Hair Color (Dark Brown 400),Personal Care,55000,35933.68,159,False,440,2
2868,Palmolive Naturals Sea Minerals Liquid Hand Wash,Personal Care,9900,6947.38,250,False,528,2
2869,Oral-B Extra Soft Bristles Sensitive,Personal Care,9800,5943.69,232,False,449,2
2870,Engage M3 Perfume Spray for Men,Personal Care,20000,12412.2,120,False,413,2
2871,Mamaearth Deeply Nourishing wash for Babies,Personal Care,19900,14503.5,200,False,690,2
2872,Dettol Original Soap (B4G1),Personal Care,26000,19221.57,625,False,541,2
2873,Woodward's Gripe Water,Personal Care,7500,5463.84,200,False,582,2
2874,"MamyPoko Pants Extra Absorb Diapers, New Born",Personal Care,29900,18953.3,28,False,553,2
2875,Johnson's Baby Soap,Personal Care,7000,4942.51,100,False,710,2
2876,Engage M4 Perfume Spray For Men,Personal Care,20000,12905.34,120,False,594,2
2877,Fem Fairness Naturals Hair Removal Cream Fair & Soft - Gold,Personal Care,6500,4221.8,40,False,619,2
2878,Dove Hair Fall Rescue Conditioner,Personal Care,19000,11227.78,175,False,600,2
2879,Himalaya Anti Hair Fall Shampoo,Personal Care,13000,8686.94,200,False,390,2
2880,Fiama Peach & Avocado Gel Bar,Personal Care,17600,10335.2,375,False,436,2
2881,Pears Pure & Gentle Value Pack Of 4 Bathing Soap,Personal Care,12500,7703.91,75,False,625,2
2882,Fiama Fresh Hand Wash,Personal Care,15000,10815.09,400,False,618,2
2883,Palmolive Black Orchid And Milk Liquid Hand Wash,Personal Care,9900,5855.01,250,False,635,2
2884,Oral-B Criss Cross Medium Toothbrush (Buy 2 Get 2 Free),Personal Care,16000,9027.71,232,False,487,2
2885,Gillette Mach 3 Turbo Razor,Personal Care,34900,19676.67,58,False,508,2
2886,Himalaya Baby Lotion,Personal Care,16500,12179.59,200,False,621,2
2887,Head & Shoulders 2-in-1 Cool Menthol Anti Dandruff Shampoo + Conditioner,Personal Care,37500,24426.9,340,False,508,2
2888,Sunsilk Lusciously Thick & Long Shampoo,Personal Care,24900,15733.87,340,False,623,2
2889,Fiama Di Wills Men's Refreshing Pulse Shower Gel,Personal Care,22500,16023.95,250,False,411,2
2890,Sebamed Anti - Dandruff Shampoo,Personal Care,60000,43029.91,200,False,715,2
2891,Listerine Cool Mint Mouthwash - Mild Taste,Personal Care,15000,9246.57,250,False,377,2
2892,"L'Oreal Paris Excellence Creme Hair Color, 4.25 Aishwarya's Brown",Personal Care,62000,42700.86,172,False,572,2
2893,Himalaya Gentle Baby Bath,Personal Care,16500,11619.71,200,False,675,2
2894,"L'Oreal Paris Casting Creme Gloss Hair Color, Medium Brown 500",Personal Care,55000,37451.16,160,False,599,2
2895,L'Oreal Paris Color Protect Shampoo,Personal Care,28200,16365.0,360,False,513,2
2896,Fiama Di Wills Lemongrass & Jojoba Gel Bar,Personal Care,17600,12763.11,375,False,686,2
2897,Colgate Plax Peppermint Mouthwash,Personal Care,15000,9867.28,250,False,519,2
2898,Dove Daily Shine Conditioner,Personal Care,9000,5458.45,80,False,530,2
2899,Patanjali Kesh Kanti Anti Dandruff Hair Cleanser,Personal Care,11000,6985.5,200,False,454,2
2900,Old Spice Original After Shave Lotion,Personal Care,25000,13937.86,150,False,550,2
2901,Dove Hair Fall Rescue Shampoo,Personal Care,13700,7885.36,180,False,682,2
2902,Dettol Clinical Strength Hand Sanitizer Liquid,Personal Care,25000,17577.73,500,False,722,2
2903,Nivea Soft Light Moisturizer for Face Hand & Body Non-Sticky Cream with Vitamin E & Jojoba Oil,Personal Care,39900,21945.09,300,False,538,2
2904,Comfy Baby Pants XL 12-17 kg,Personal Care,42900,27169.13,24,False,581,2
2905,Dettol Liquid Handwash With Free Liquid,Personal Care,9900,6479.57,200,False,628,2
2906,Nivea Body Milk Lotion for Very Dry Skin,Personal Care,39900,22380.98,400,False,461,2
2907,Lakme Sun Expert,Personal Care,22500,16753.85,60,False,481,2
2908,Head & shoulders Anti Dandruff Shampoo Cool Menthol,Personal Care,17000,10118.83,180,False,563,2
2909,Godrej Nupur Henna,Personal Care,7500,4581.3,150,False,684,2
2910,Johnson's Baby Lotion,Personal Care,10000,6107.89,100,False,385,2
2911,Maybelline New York Colossal Kajal Super Black,Personal Care,30000,17882.5,0,False,564,2
2912,Stayfree Dry-Max All Night Ultra-Dry Sanitary Pad,Personal Care,9000,4952.65,406,False,705,2
2913,Dove Daily Shine Shampoo,Personal Care,64500,44883.55,650,False,612,2
2914,Godrej Easy 5 Minute Natural Brown 4 Hair Colour,Personal Care,2900,2155.77,20,False,640,2
2915,Colgate Sensitive Plus Enamel Toothpaste Tube,Personal Care,14000,8328.02,160,False,628,2
2916,Colgate Max Fresh Peppermint Toothpaste,Personal Care,18200,12423.49,300,False,422,2
2917,Pond's Light Moisturiser,Personal Care,30900,21579.92,250,False,666,2
2918,Engage Mate For Man Deo Spray,Personal Care,19500,14033.86,150,False,395,2
2919,Pantene Advanced Hair Fall Solution Shampoo - Total Damage Care,Personal Care,12000,7614.31,180,False,613,2
2920,Whisper Choice Regular Wing Sanitary Pad,Personal Care,3000,1831.76,406,False,457,2
2921,Colgate Slim Soft Charcoal Toothbrush,Personal Care,15000,9225.89,232,False,629,2
2922,Fiama Scents Juniper & Geranium Body Wash,Personal Care,19900,13781.23,250,False,635,2
2923,Mamaearth Ubtan Body Lotion,Personal Care,39900,28462.9,400,False,458,2
2924,Godrej Aer Power Pocket - Long Lasting Bathroom Fragrance Floral Delight,Personal Care,5500,3224.78,10,False,518,2
2925,Himalaya Anti-Hair Fall Shampoo,Personal Care,23000,14356.33,400,False,649,2
2926,Nivea Soft Light Moisturizer for Face Hand & Body Non-Sticky Cream with Vitamin E & Jojoba Oil,Personal Care,31000,22642.03,200,False,444,2
2927,Engage M2 Perfume Spray For Men,Personal Care,20000,14226.77,120,False,656,2
2928,Mamaearth Ubtan Face Scrub Turmeric & Walnut,Personal Care,34900,26069.31,100,False,448,2
2929,Himalaya Purifying Neem Face Wash Tube,Personal Care,27000,18922.94,300,False,729,2
2930,Johnson's Baby Top To Toe Bath Body Wash,Personal Care,16500,10372.54,210,False,401,2
2931,Gillette Mach 3 Start,Personal Care,24900,16636.38,116,False,706,2
2932,Scalpe Pro Anti dandruff Shampoo 100ml,Personal Care,18500,12620.75,100,False,691,2
2933,Johnson's Baby Cream,Personal Care,15000,8485.37,100,False,596,2
2934,Johnson's Baby Soap,Personal Care,10500,6918.44,150,False,457,2
2935,Himalaya Gentle Baby Shampoo,Personal Care,32000,22139.65,400,False,700,2
2936,L'Oreal Paris Shine Masque Royal Jelly Hair Colour,Personal Care,55000,32090.53,88,False,466,2
2937,Engage Rush Deodorant For Men,Personal Care,19000,13416.4,150,False,530,2
2938,Clean & Clear Foaming Face Wash,Personal Care,14000,9334.56,100,False,523,2
2939,Dettol Lather Shaving Cream,Personal Care,7500,5553.33,78,False,378,2
2940,Gillette Classic Regular Pre Shave Foam,Personal Care,19900,11113.84,196,False,589,2
2941,Dove Daily Shine Conditioner,Personal Care,19000,11458.24,175,False,437,2
2942,Johnson's Baby Shampoo,Personal Care,18000,12065.59,200,False,613,2
2943,Park Avenue Beer Shampoo,Personal Care,15500,9444.34,180,False,455,2
2944,Pantene Advanced Hair Fall Solution Silky Smooth Care Shampoo,Personal Care,12000,8314.62,180,False,580,2
2945,Fem Fairness Naturals Hair Removal Cream Fair & Soft - Rose,Personal Care,6500,4561.71,40,False,454,2
2946,Sunsilk Stunning Black Shine Shampoo,Personal Care,55500,31662.93,650,False,393,2
2947,Dabur Meswak Toothpaste,Personal Care,10000,6527.71,200,False,669,2
2948,Patanjali Kesh Kanti Reetha Hair Cleanser,Personal Care,8500,5540.11,200,False,584,2
2949,Nivea Lip Balm Soft Rose for 24h Moisture with Natural Oils Delicate Rose Shine,Personal Care,18500,11541.34,5,False,692,2
2950,Santoor Total Skin Care Soap With Sandal & Turmeric,Personal Care,18000,13258.53,600,False,579,2
2951,"L'Oreal Paris Excellence Creme Hair Color, 4 Natural Brown/Natural Dark Brown",Personal Care,62000,44361.08,172,False,585,2
2952,Gillette Pre Shave Foam - Classic Regular Skin,Personal Care,22500,15512.44,418,False,406,2
2953,Fiama Di Wills Shower Gel Patchouli & Macadamia,Personal Care,19900,13788.02,250,False,499,2
2954,Listerine Fresh Burst Mouthwash,Personal Care,14000,8992.81,250,False,406,2
2955,Nivea Cocoa Nourish Body Lotion With Coconut Oil & Cocoa Butter For Very Dry Skin,Personal Care,29900,21952.55,200,False,528,2
2956,Pantene Hair Fall Control Shampoo,Personal Care,24000,16534.06,340,False,725,2
2957,Fogg Master - Royal Intense,Personal Care,25000,17394.91,120,False,647,2
2958,TRESemme Smooth And Shine Conditioner,Personal Care,22000,15891.44,190,False,422,2
2959,Whisper Ultra Clean XL Plus Sanitary Pad,Personal Care,15500,9374.62,870,False,666,2
2960,"Colgate Kids Toothpaste - 6+ Years, Strawberry Flavour",Personal Care,9300,6616.15,80,False,686,2
2961,Nivea Soft Moisturizing Cream,Personal Care,31000,18260.49,200,False,389,2
2962,Patanjali Kesh Kanti Aloe Vera Hair Cleanser,Personal Care,8500,5262.08,200,False,437,2
2963,Neutrogena Deep Clean Foaming Cleanser,Personal Care,13000,8022.59,50,False,493,2
2964,Clean & Clear Morning Energy Berry Face Wash,Personal Care,15500,11558.43,100,False,451,2
2965,Pampers Premium Care New Baby Pants,Personal Care,32000,23081.84,24,False,694,2
2966,Vaseline Intensive Care Aloe Fresh,Personal Care,22500,15530.26,200,False,517,2
2967,L'Oreal Paris Dream Lengths Shampoo,Personal Care,14900,10361.63,192,False,546,2
2968,Johnson's Baby Oil,Personal Care,11500,7617.77,100,False,489,2
2969,Engage Man Rush Deodorant,Personal Care,19500,14418.65,150,False,431,2
2970,Pantene Advanced Hair Fall Solution Shampoo - Total Damage Care,Personal Care,26400,17140.25,340,False,370,2
2971,Whisper Daily Liners Clean and Fresh,Personal Care,10500,6574.09,1160,False,489,2
2972,Himalaya Men Pimple Clear Neem Face Wash,Personal Care,18000,10486.93,100,False,678,2
2973,Pantene Adv Hairfall Solution Conditioner Silky Smooth,Personal Care,19000,13437.58,200,False,690,2
2974,Himalaya Prickly Heat Baby Powder,Personal Care,9000,6272.0,100,False,417,2
2975,Mamaearth Daily Moisturizing Lotion For Babies,Personal Care,19900,12474.73,200,False,430,2
2976,Stayfree Advanced XL Ultra Comfort Sanitary napkins with Wings,Personal Care,17500,9713.18,812,False,678,2
2977,Pampers Premium Care Pants - Medium,Personal Care,109900,78886.16,54,False,446,2
2978,Fiama Men's Refreshing Pulse Shower Gel,Personal Care,19900,10990.44,250,False,451,2
2979,Vaseline Original Skin Protecting Jelly,Personal Care,12500,8634.25,100,False,366,2
2980,Clean & Clear Foaming Face Wash,Personal Care,18000,13392.93,150,False,568,2
2981,Fiama Lemongrass and Jojoba Shower Gel,Personal Care,22500,14344.48,250,False,514,2
2982,Oral-B Charcoal Cross Cross Extra Soft Toothbrush (Buy 2 Get 1 Free),Personal Care,18000,10745.9,174,False,657,2
2983,Listerine Fresh Burst Mouthwash,Personal Care,28500,19692.76,500,False,467,2
2984,Veet Full Body Waxing Kit,Personal Care,23500,16765.5,1160,False,388,2
2985,Listerine Original Mouthwash,Personal Care,5500,3626.07,80,False,576,2
2986,Santoor Almond Soft With Sandal & Almond Milk,Personal Care,18000,13381.33,625,False,429,2
2987,Nivea Body Shea Smooth with Shea Butter for Dry Skin,Personal Care,42500,23814.18,400,False,573,2
2988,Neutrogena Deep Clean Facial Cleanser,Personal Care,13000,8462.47,50,False,615,2
2989,"L'Oreal Paris Excellence Creme Hair Color, 3.16 Burgundy",Personal Care,55000,38152.99,159,False,481,2
2990,Johnson's Baby Powder,Personal Care,23500,16979.41,400,False,480,2
2991,Bombay Shaving Company Charcoal Face Wash,Personal Care,24900,14587.69,100,False,601,2
2992,Colgate Kids 2+ Years Extra Soft Toothbrush,Personal Care,2000,1420.0,58,False,469,2
2993,Veet Hair Removal Cream (Normal Skin),Personal Care,13500,8917.31,50,False,623,2
2994,Dove Daily Shine Shampoo,Personal Care,24000,15103.46,340,False,410,2
2995,L'Oreal Anti Hair Fall Conditioner,Personal Care,19900,11469.23,192,False,675,2
2996,Nivea Body Lotion Aloe Hydration For Normal Skin,Personal Care,27500,19884.13,200,False,695,2
2997,Pampers Pants - Large,Personal Care,154900,90067.32,82,False,580,2
2998,"Engage Urge Deodorant For Men, Citrus And Woody, Skin Friendly",Personal Care,19500,11933.17,150,False,665,2
2999,Head & Shoulders 2 In 1 Anti Dandruff Smooth & Silky Shampoo+Conditioner,Personal Care,37500,22800.34,340,False,697,2
3000,Fem Fairness Natural Gold Skin Bleach,Personal Care,8500,6156.4,64,False,388,2
3001,Engage Deo Frost,Personal Care,19500,13348.54,150,False,399,2
3002,Stayfree Secure XL Size Sanitary Napkins,Personal Care,11500,8157.37,1160,False,388,2
3003,Pampers Pants - Medium,Personal Care,69900,41946.54,50,False,392,2
3004,Pampers Active Baby Diapers New Born Extra Small,Personal Care,109900,74179.73,72,False,380,2
3005,"Nivea Creme, All Season Multi-Purpose Cream",Personal Care,17500,11626.11,100,False,423,2
3006,Woodwards Gripe Water,Personal Care,5000,3582.83,130,False,607,2
3007,Clean & Clear Morning Energy Aqua Splash Face Wash,Personal Care,14500,10602.65,100,False,571,2
3008,Sunsilk Lusciously Thick & Long Shampoo,Personal Care,55500,30659.94,650,False,635,2
3009,Mamaearth Skin Correct Face Serum,Personal Care,59900,41019.76,30,False,613,2
3010,Chik Hairfall Prevent Egg Shampoo,Personal Care,17800,9974.54,340,False,631,2
3011,Pantene Silky Smooth Care Shampoo,Personal Care,22500,14844.86,340,False,557,2
3012,"Garnier Skin Naturals, Micellar Cleansing Water",Personal Care,19900,12089.78,125,False,699,2
3013,Set Wet Swag Avatar Deodorant & Body Spray Perfume For Men,Personal Care,19900,12165.97,150,False,582,2
3014,Pampers All Round Protection Pants - Medium,Personal Care,69900,43379.36,50,False,479,2
3015,Set Wet Deodrant Charm Avatar,Personal Care,19900,13417.74,150,False,432,2
3016,Nupur Heena Mehandi,Personal Care,19900,12274.52,500,False,663,2
3017,Head & Shoulders 2-in-1 Active Protect Shampoo,Personal Care,37500,26120.24,340,False,689,2
3018,Gillette Mach 3 Turbo Cartridges,Personal Care,64900,40945.77,232,False,439,2
3019,TRESemme Smooth And Shine Conditioner,Personal Care,21000,11837.08,190,False,467,2
3020,Bombay Shaving Company Sensitive Cartridges,Personal Care,37500,26503.2,116,False,661,2
3021,Himalaya Baby Lotion,Personal Care,30000,18214.55,400,False,542,2
3022,Old Spice Lime Lather Shaving Cream,Personal Care,7500,4774.15,70,False,579,2
3023,Colgate Sensitive Plus Anticavity Toothpaste,Personal Care,14000,9619.24,70,False,679,2
3024,Colgate Toothpaste For Kids Motu Oatlu,Personal Care,9300,5733.37,80,False,403,2
3025,Pantene Total Damage Care Shampoo,Personal Care,12000,6735.81,180,False,623,2
3026,Himalaya Moisturising Aloe Vera Facial Wipes,Personal Care,10000,6247.84,25,False,568,2
3027,Savlon Moisture Shield Hand Wash,Personal Care,6900,5098.34,200,False,371,2
3028,Pampers Active Baby Diapers New Born Extra Small,Personal Care,36000,24420.49,24,False,413,2
3029,Himalaya Anti Dandruff Shampoo,Personal Care,26000,17791.69,400,False,390,2
3030,Himalaya Anti Hair Fall Shampoo,Personal Care,49000,33146.37,700,False,525,2
3031,Johnson's Baby Oil,Personal Care,20000,11795.97,200,False,721,2
3032,Vaseline Intensive Care Deep Moisture Body Lotion,Personal Care,32500,20594.17,400,False,540,2
3033,L'Oreal Paris Dream Lengths Conditioner,Personal Care,19900,13933.74,193,False,443,2
3034,Nivea Soft Light Moisturizing Cream,Personal Care,18500,10550.08,100,False,366,2
3035,Whisper Ultra Soft XL+ Sanitary Pads,Personal Care,55500,33609.17,60,False,496,2
3036,Palmolive Feel The Massage Shower Gel,Personal Care,24900,15071.07,250,False,640,2
3037,L'Oreal Paris Dream Lengths Conditioner,Personal Care,20900,13300.84,193,False,481,2
3038,Head & Shoulders Anti-Dandruff Smooth & Silky Shampoo,Personal Care,28500,21263.1,340,False,528,2
3039,Mamaearth Moisturizing Baby Bath Soap,Personal Care,24900,14031.16,150,False,652,2
3040,Listerine Original Mouthwash,Personal Care,15000,9806.1,250,False,392,2
3041,Himalaya Gentle Baby Shampoo,Personal Care,17000,9959.84,200,False,697,2
3042,Dove Dryness Care Shampoo,Personal Care,26800,19942.83,340,False,365,2
3043,Dove Hair Fall Rescue Shampoo,Personal Care,28000,16034.5,340,False,552,2
3044,Head & Shoulders Anti Dandruff Shampoo Cool Menthol,Personal Care,29500,18606.25,340,False,420,2
3045,Bombay Shaving Company Defender Razor,Personal Care,34500,24066.41,58,False,399,2
3046,"Head & Shoulders Shampoo + Conditioner - 2-In-1, Cool Menthol",Personal Care,36500,25218.25,340,False,476,2
3047,Himalaya Baby Nourishing Massage Oil,Personal Care,20000,12690.91,200,False,650,2
3048,Himalaya Baby Powder,Personal Care,23500,14553.66,400,False,674,2
3049,Fogg Paradise Fragrant Body Spray For Women,Personal Care,25000,15738.06,150,False,400,2
3050,Revive Revive Liquid,Personal Care,7100,4280.27,200,False,581,2
3051,Pantene Hairfall Control Conditioner,Personal Care,19000,11230.27,200,False,444,2
3052,Mamaearth Vitamin C Face Toner,Personal Care,39900,25799.66,200,False,678,2
3053,Himalaya Diaper Rash Cream,Personal Care,8000,4829.65,20,False,447,2
3054,Fogg Royal Fragrance Spray,Personal Care,23000,13972.32,150,False,429,2
3055,Dove Pink Rosa Beauty Bathing Bar,Personal Care,24500,16693.1,100,False,689,2
3056,Dove Dryness Care Conditioner Frizzy & Dry Hair,Personal Care,9000,6693.37,80,False,492,2
3057,Dettol Original Liquid Handwash Refill,Personal Care,10900,7310.93,750,False,671,2
3058,Parachute 100% Pure Coconut Oil,Personal Care,12300,6954.37,300,False,386,2
3059,Stayfree Secure Cottony Soft Cover Sanitary Pad (Regular) with Wings,Personal Care,3000,1695.35,406,False,580,2
3060,Dabur Gulabari Premium Rose Water,Personal Care,4800,3553.37,120,False,471,2
3061,Parachute Advansed Gold Coconut Hair Oil,Personal Care,21500,13103.35,400,False,473,2
3062,Closeup Everfresh+ Anti-Germ Gel Toothpaste Red Hot,Personal Care,9000,5115.72,150,False,721,2
3063,Godrej No.1 Bathing Soap  Lime & Aloe Vera,Personal Care,10000,6698.09,500,False,545,2
3064,Sensodyne Sensitive Fresh Gel Toothpaste,Personal Care,11500,7759.39,75,False,720,2
3065,Whisper Bindazzz Nights XL + Sanitary Pad,Personal Care,9000,6117.31,406,False,528,2
3066,Whisper Choice Sanitary Pad,Personal Care,3200,1931.14,406,False,432,2
3067,"Godrej No.1 Bathing Soap, Jasmine",Personal Care,8400,4645.39,400,False,656,2
3068,Gillette Venus Close & Clean Razor,Personal Care,24900,18500.78,58,False,544,2
3069,Whisper Choice Regular Sanitary Pads,Personal Care,9000,5401.61,58,False,545,2
3070,Stayfree Secure Dry Cover Extra Large Sanitary Pad,Personal Care,4200,2877.86,406,False,533,2
3071,Oxylife Natural Radiance 5 Creme Bleach - With Active Oxygen,Personal Care,8200,5668.87,27,False,386,2
3072,Clean & Clear Morning Energy Lemon Face Wash,Personal Care,14500,9744.02,100,False,430,2
3073,Bajaj Almond Drops Hair Oil,Personal Care,6700,4104.3,100,False,385,2
3074,Bajaj Almond Drops Hair Oil Bottle,Personal Care,13000,7854.85,200,False,464,2
3075,Whisper Bindazzz Night Sanitary Pads XL Plus,Personal Care,18500,12386.37,870,False,664,2
3076,Godrej Cinthol Lime Refreshing Deo Soap,Personal Care,11600,8389.34,400,False,467,2
3077,"MamyPoko Pants Standard Diapers, Extra Large (12 - 17 kg)",Personal Care,39900,29499.94,26,False,411,2
3078,Clove Sensitive Toothpaste with Anti-Sensitivity & Fluoride Formulation,Paan Corner,16000,9138.9,80,True,9,4
3079,Dettol Original Germ Protection Alcohol Based Hand Sanitizer,Paan Corner,2500,1452.41,50,True,7,4
3080,Colgate Visible White Toothpaste,Paan Corner,11500,8497.89,100,True,8,4
3081,Dettol SKincare Handwash Value Refill,Paan Corner,10900,7600.65,750,True,4,4
3082,Savlon Herbal Sensitive Liquid Handwash Refill Pouch,Paan Corner,11500,8355.89,750,True,7,4
3083,Colgate Total 12 Whole Mouth Protection Toothpaste,Paan Corner,12000,7086.32,120,True,3,4
3084,Lux International Creamy White Soap Bar,Paan Corner,3500,2336.31,75,True,10,4
3085,Colgate Herbal Toothpaste,Paan Corner,11400,7868.6,200,True,6,4
3086,Nivea Men Deodorant Fresh Active 48h Long lasting Freshness,Paan Corner,22500,15435.5,150,True,9,4
3087,Dabur Meswak Toothpaste,Paan Corner,5800,3663.46,100,True,5,4
3088,Colgate Max Fresh Cooling Crystals Toothpaste,Paan Corner,10100,5586.1,150,True,3,4
3089,Indulekha Bhringa Hair Oil,Paan Corner,43200,28796.48,100,True,9,4
3090,Colgate Sensitive Soft Bristles Toothbrush,Paan Corner,5000,3003.1,58,True,8,4
3091,Pears Pure & Gentle Glycerin Bath Soap,Paan Corner,7500,4800.38,125,True,3,4
3092,Vaseline Skin Protecting Jelly,Paan Corner,7900,5857.98,50,True,7,4
3093,Dettol Original Germ Protection Bathing Soap Bar,Paan Corner,16600,10454.8,375,True,4,4
3094,Dettol Intense Cool Soap (B4G1),Paan Corner,26000,18666.97,625,True,6,4
3095,Livon Anti-Frizz Serum,Paan Corner,25000,14692.7,100,True,10,4
3096,Lifebuoy Germ Protection Care Soap Bar,Paan Corner,3000,2053.48,100,True,8,4
3097,Lux International Creamy White Soap Bar,Paan Corner,7000,5217.81,125,True,8,4
3098,Godrej Nupur  100% Pure Henna (Mehendi),Paan Corner,1000,570.38,18,True,5,4
3099,Glow & Lovely Advanced Multivitamin Face Cream,Paan Corner,21300,11750.44,110,True,3,4
3100,Set Wet Style Vertical Hold Hair Gel,Paan Corner,5000,3183.58,50,True,5,4
3101,"Godrej Expert Rich Crème, Natural Black",Paan Corner,3000,1705.58,20,True,4,4
3102,Nycil Germ Expert Cool Herbal Talc,Paan Corner,13000,9095.8,150,True,9,4
3103,Godrej Expert Creme Hair Natural Brown Colour,Paan Corner,3000,2198.73,20,True,4,4
3104,Veet Sensitive Skin Hair Removal Cream,Paan Corner,13500,8596.86,50,True,9,4
3105,Closeup Everfresh+ Anti-Germ Gel Toothpaste Red Hot,Paan Corner,5000,3008.71,80,True,5,4
3106,Pears Pure And Gentle Value Pack Of 3 Bathing Soap,Paan Corner,19900,12673.93,375,True,6,4
3107,Gillette Presto Ready Shaver 5 Cartridges,Paan Corner,8800,6113.27,290,True,4,4
3108,Closeup Everfresh+ Anti-Germ Gel Toothpaste Red Hot,Paan Corner,16000,8828.97,300,True,5,4
3109,"Godrej Expert Rich Crème, Dark Brown",Paan Corner,3000,2003.67,20,True,3,4
3110,Nivea Soft Light Moisturizer for Face Hand & Body Non-Sticky Cream with Vitamin E & Jojoba Oil,Paan Corner,18500,12444.18,100,True,5,4
3111,Fiama Gel Bar Celebration Pack Buy 4 Get 1 Free,Paan Corner,29000,19648.59,625,True,5,4
3112,Gillette Sensitive Shaving Foam,Paan Corner,22500,13464.1,418,True,7,4
3113,Dove Hair Fall Rescue Shampoo,Paan Corner,15000,10392.16,180,True,4,4
3114,Gillette Mach 3 Mens Razor Blades,Paan Corner,49900,28357.09,232,True,10,4
3115,Palmolive Aroma Absolute Relax Shower Gel,Paan Corner,19900,11738.1,250,True,6,4
3116,Godrej Protekt Germ Fighter Handwash,Paan Corner,9900,7182.39,750,True,6,4
3117,Dettol Hand Sanitizer,Paan Corner,10000,6977.45,200,True,7,4
3118,Dabur Amla Hair Oil,Paan Corner,8800,4864.19,180,True,9,4
3119,Dettol Original Liquid Handwash,Paan Corner,8900,5337.11,200,True,8,4
3120,L'Oreal Paris Total Repair 5 Conditioner,Paan Corner,19900,11798.34,192,True,9,4
3121,Patanjali Saundarya Aloe Vera Gel,Paan Corner,9000,5437.45,150,True,6,4
3122,Head & Shoulders 2 In 1 Anti Dandruff Shampoo Conditioner,Paan Corner,19500,11690.48,180,True,5,4
3123,Clean & Clear Pimple Clearing Face Wash,Paan Corner,13000,7312.57,80,True,7,4
3124,Himalaya Anti Dandruff Shampoo,Paan Corner,14000,8985.03,200,True,3,4
3125,Stayfree Secure Dry Cover Regular Sanitary Pad With Wings,Paan Corner,3000,2089.64,406,True,4,4
3126,Savlon Moisture Shield Hand Wash,Paan Corner,9900,6646.33,750,True,4,4
3127,Dove Intense Repair Conditioner,Paan Corner,19000,13006.91,175,True,10,4
3128,Dabur Gulabari Rose Glow Face Cleanse,Paan Corner,7500,4246.72,100,True,4,4
3129,Parachute Jasmine Hair Oil,Paan Corner,8200,6070.44,190,True,5,4
3130,Johnson's Baby Skincare Wipes,Paan Corner,7900,5669.82,1160,True,3,4
3131,Dettol Skincare Liquid Hand Wash,Paan Corner,7900,5617.04,200,True,7,4
3132,Old Spice Original Lather Shaving Cream,Paan Corner,7500,5359.48,70,True,7,4
3133,Veet Hair Removal Cream Dry Skin,Paan Corner,13500,9943.32,50,True,4,4
3134,L'Oreal Paris Total Repair 5 Shampoo,Paan Corner,26500,17459.55,396,True,3,4
3135,Fiama Menthol & Magnolia Cooling Gel Bar Soap,Paan Corner,16000,9440.9,375,True,3,4
3136,Nivea Lip Balm Original Care for 24h Moisture with Shea Butter & Natural Oils,Paan Corner,14000,9426.99,5,True,3,4
3137,Oral-B Charcoal Deep Clean Stain Removal Toothbrush Soft,Paan Corner,9900,6915.91,232,True,6,4
3138,Neutrogena Ultra Sheer Dry Touch SPF 50+ Sunblock Sunscreen Lotion,Paan Corner,25000,17439.59,30,True,6,4
3139,Clinic Plus Strong & Long Health Shampoo,Paan Corner,49900,32649.06,650,True,4,4
3140,Johnson's Baby No More Tears Baby Shampoo,Paan Corner,9800,5524.18,100,True,3,4
3141,Colgate Zig Zag Toothbrush,Paan Corner,12000,7490.67,348,True,8,4
3142,Savlon Moisture Shield Germ Protection Handwash Refill (Buy 1 Get 1 Free),Paan Corner,18900,13875.5,1500,True,3,4
3143,Colgate Sensitive Everyday Protection Anticavity Toothpaste,Paan Corner,7500,5001.67,40,True,7,4
3144,Whisper Ultra Soft XL+ Sanitary Pads,Paan Corner,33000,21702.99,30,True,7,4
3145,Garnier Colour Naturals Hair Colour - 1 Natural Black,Paan Corner,8000,4830.17,60,True,4,4
3146,Axe Pulse Men's Deodorant,Paan Corner,21000,13097.49,150,True,8,4
3147,Colgate Zigzag Charcoal Soft Bristle Toothbrush - 4 Pcs,Paan Corner,9900,7217.79,232,True,3,4
3148,Whisper Ultra Clean Wings XL+  Pouch,Paan Corner,44900,30679.84,44,True,9,4
3149,Whisper Choice Regular Sanitary Pads,Paan Corner,9000,6367.3,1160,True,8,4
3150,Axe Dark Temptation Men's Deodorant,Paan Corner,21000,13458.25,150,True,10,4
3151,Head & Shoulders Anti-Dandruff Smooth & Silky Shampoo,Paan Corner,15000,10140.74,180,True,4,4
3152,Clinic Plus Strength & Shine Shampoo With Egg Protein,Paan Corner,10500,6296.61,175,True,7,4
3153,Engage M1 Perfume Spray for Men,Paan Corner,21000,14512.94,120,True,9,4
3154,Tresemme Keratin Smooth Conditioner,Paan Corner,38000,24149.77,340,True,7,4
3155,"Garnier Color Naturals Crème Hair Color, Shade 5 Light Brown",Paan Corner,18000,11493.16,100,True,6,4
3156,Origami Aloe Vera Wipes,Paan Corner,7500,5098.98,25,True,4,4
3157,"Engage Drizzle Deodorant For Women, Floral And Lavender, Skin Friendly",Paan Corner,19500,14376.49,150,True,4,4
3158,Gellette Presto Ready Shaver,Paan Corner,2000,1125.6,58,True,3,4
3159,Colgate Max Fresh Plax Mouthwash - Fresh Mint,Paan Corner,15000,10724.23,250,True,3,4
3160,Colgate Zig Zag Charcoal Medium Toothbrush 4 Pcs,Paan Corner,9900,6023.92,232,True,6,4
3161,Godrej Protekt,Paan Corner,9900,6323.96,750,True,9,4
3162,Colgate Total Charcoal Anticavity Toothpaste,Paan Corner,11000,6098.21,120,True,10,4
3163,Colgate Kids 0-2 Extra Soft Tooth Brush,Paan Corner,3000,1830.63,58,True,5,4
3164,Gillete Mach3,Paan Corner,26000,16913.68,116,True,8,4
3165,Maybelline New York Colossal Kajal Black,Paan Corner,14900,8362.4,0,True,5,4
3166,Godrej Cinthol Lime Talc,Paan Corner,5500,3565.21,100,True,5,4
3167,Hamam Soap Bar Neem Tulsi and Aloe Vera,Paan Corner,5800,4265.45,150,True,4,4
3168,"Godrej Expert Rich Crème, Burgundy",Paan Corner,3300,1884.56,20,True,8,4
3169,Colgate Gentle Sensitive+ Toothbrush Pack Of 4,Paan Corner,12000,8434.66,232,True,4,4
3170,Nivea Creme All Season Multi-Purpose Cream,Paan Corner,17500,11058.85,100,True,10,4
3171,Oral-B Charcoal Deep Clean Stain Removal Toothbrush Medium,Paan Corner,9900,6742.24,232,True,8,4
3172,Mamaearth 100% Natural Berry Blast Kids Toothpaste,Paan Corner,14900,8970.51,50,True,7,4
3173,HImalaya Gentle Baby Wipes,Paan Corner,20000,11637.97,72,True,4,4
3174,Stayfree Dry Max All Night XL Dry Cover Sanitary Pads,Paan Corner,34000,19791.15,28,True,4,4
3175,"L'Oreal Paris Excellence Creme Hair Color, 1 Black",Paan Corner,62000,34974.1,172,True,4,4
3176,Fem Fairness Naturals Saffron Skin Bleach,Paan Corner,8500,4990.6,64,True,9,4
3177,Engage Woman Blush Body Deo Spray,Paan Corner,19500,13315.46,150,True,6,4
3178,Dove Pink Rosa Beauty Bathinhg Bar,Paan Corner,6000,4358.03,100,True,4,4
3179,Sebamed Cleansing Bar,Paan Corner,9900,7056.97,100,True,10,4
3180,Pampers Premium Care Pants - Large,Paan Corner,109900,75504.25,44,True,3,4
3181,Nivea Women Deodorant Fresh Natural Long Lasting Freshness & 48h Protection,Paan Corner,19900,11384.52,150,True,3,4
3182,"L'Oreal Paris Excellence Creme Hair Color, 3 Dark Brown/Natural Darkest Brown",Paan Corner,62000,37685.92,172,True,8,4
3183,Patanjali Kesh Kanti Natural Hair Cleanser,Paan Corner,7500,4589.71,200,True,7,4
3184,Godrej No.1 Bathing Soap  Lime & Aloe Vera,Paan Corner,14900,8939.87,600,True,6,4
3185,Pantene Advanced Control Hair Fall Solution Shampoo,Paan Corner,12000,7836.01,180,True,9,4
3186,Veet Full Body Waxing Kit For Dry Skin,Paan Corner,23500,15442.1,1160,True,8,4
3187,Johnson's Baby Skincare Wipes,Paan Corner,24500,15223.74,72,True,3,4
3188,Gillette Lemon Lime Shaving Foam,Paan Corner,19900,12353.08,196,True,6,4
3189,Old Spice After Shave Lotion Musk,Paan Corner,21500,15387.79,100,True,6,4
3190,Whisper Ultra Soft Air Fresh Sanitary Pads (XL) with Wings,Paan Corner,31500,22297.54,30,True,7,4
3191,Himalaya Baby Powder,Paan Corner,8000,4892.47,100,True,10,4
3192,Fiama Men's Refreshing Pulse Shower Gel,Paan Corner,22500,16487.05,250,True,6,4
3193,Whisper Ultra Clean XL Plus Sanitary Pad,Paan Corner,17500,12959.85,870,True,4,4
3194,Johnson's Baby Powder,Paan Corner,14300,8799.48,200,True,6,4
3195,Dove Cream Beauty Bathing Bar,Paan Corner,23500,14590.8,125,True,7,4
3196,Patanjali Kesh Kanti Shikakai Hair Cleanser,Paan Corner,9500,6185.7,200,True,8,4
3197,L'Oreal Paris Color Protect Conditioner,Paan Corner,19900,14690.66,192,True,7,4
3198,Nivea Men Active Clean with Active Charcoal Shower Gel for Body Face & Hair,Paan Corner,19900,14432.75,250,True,9,4
3199,L'Oreal 6 Oil Nourish Conditioner,Paan Corner,13500,7701.93,192,True,7,4
3200,Godrej Easy Natural Black Hair Colour,Paan Corner,2500,1571.37,20,True,3,4
3201,Dabur Gulabari Rose Water Daily Glow,Paan Corner,8000,5285.39,250,True,4,4
3202,Himalaya Purifying Neem Face Wash,Paan Corner,17000,11060.65,150,True,10,4
3203,Fem Fairness Naturals Gold Skin Bleach,Paan Corner,6500,3827.02,24,True,3,4
3204,Whisper Choice Ultra XL Sanitary Pad,Paan Corner,13300,9599.45,1160,True,8,4
3205,Dove Dandruff Care Shampoo,Paan Corner,15800,10829.13,180,True,5,4
3206,Head & Shoulders Anti Dandruff Anti Hairfall Shampoo,Paan Corner,28500,20451.08,340,True,8,4
3207,L'Oreal Casting Creme Ebony Black Hair Color,Paan Corner,55000,39696.41,159,True,4,4
3208,Mamaearth Onion Hair Oil,Paan Corner,39900,27916.88,150,True,6,4
3209,L'Oreal Paris Casting Creme Gloss Hair Color (Dark Brown 400),Paan Corner,55000,35081.32,159,True,7,4
3210,Palmolive Naturals Sea Minerals Liquid Hand Wash,Paan Corner,9900,6653.88,250,True,5,4
3211,Oral-B Extra Soft Bristles Sensitive,Paan Corner,9800,5704.32,232,True,4,4
3212,Engage M3 Perfume Spray for Men,Paan Corner,20000,13694.58,120,True,3,4
3213,Mamaearth Deeply Nourishing wash for Babies,Paan Corner,19900,11658.43,200,True,7,4
3214,Dettol Original Soap (B4G1),Paan Corner,26000,17908.54,625,True,8,4
3215,Woodward's Gripe Water,Paan Corner,7500,4469.4,200,True,3,4
3216,"MamyPoko Pants Extra Absorb Diapers, New Born",Paan Corner,29900,17147.96,28,True,4,4
3217,Johnson's Baby Soap,Paan Corner,7000,4081.4,100,True,4,4
3218,Engage M4 Perfume Spray For Men,Paan Corner,20000,11007.97,120,True,8,4
3219,Fem Fairness Naturals Hair Removal Cream Fair & Soft - Gold,Paan Corner,6500,4509.36,40,True,5,4
3220,Dove Hair Fall Rescue Conditioner,Paan Corner,19000,13233.12,175,True,8,4
3221,Himalaya Anti Hair Fall Shampoo,Paan Corner,13000,8488.83,200,True,6,4
3222,Fiama Peach & Avocado Gel Bar,Paan Corner,17600,10248.0,375,True,3,4
3223,Pears Pure & Gentle Value Pack Of 4 Bathing Soap,Paan Corner,12500,7083.89,75,True,5,4
3224,Fiama Fresh Hand Wash,Paan Corner,15000,8307.39,400,True,7,4
3225,Palmolive Black Orchid And Milk Liquid Hand Wash,Paan Corner,9900,5773.18,250,True,9,4
3226,Oral-B Criss Cross Medium Toothbrush (Buy 2 Get 2 Free),Paan Corner,16000,11650.74,232,True,6,4
3227,Gillette Mach 3 Turbo Razor,Paan Corner,34900,20880.93,58,True,5,4
3228,Himalaya Baby Lotion,Paan Corner,16500,10244.1,200,True,9,4
3229,Head & Shoulders 2-in-1 Cool Menthol Anti Dandruff Shampoo + Conditioner,Paan Corner,37500,21415.09,340,True,9,4
3230,Sunsilk Lusciously Thick & Long Shampoo,Paan Corner,24900,14802.36,340,True,3,4
3231,Fiama Di Wills Men's Refreshing Pulse Shower Gel,Paan Corner,22500,14711.51,250,True,4,4
3232,Sebamed Anti - Dandruff Shampoo,Paan Corner,60000,40293.03,200,True,7,4
3233,Listerine Cool Mint Mouthwash - Mild Taste,Paan Corner,15000,8986.06,250,True,8,4
3234,"L'Oreal Paris Excellence Creme Hair Color, 4.25 Aishwarya's Brown",Paan Corner,62000,34815.88,172,True,3,4
3235,Himalaya Gentle Baby Bath,Paan Corner,16500,10365.41,200,True,6,4
3236,"L'Oreal Paris Casting Creme Gloss Hair Color, Medium Brown 500",Paan Corner,55000,32826.24,160,True,10,4
3237,L'Oreal Paris Color Protect Shampoo,Paan Corner,28200,16748.28,360,True,9,4
3238,Fiama Di Wills Lemongrass & Jojoba Gel Bar,Paan Corner,17600,13058.72,375,True,6,4
3239,Colgate Plax Peppermint Mouthwash,Paan Corner,15000,10098.9,250,True,9,4
3240,Dove Daily Shine Conditioner,Paan Corner,9000,5952.38,80,True,4,4
3241,Patanjali Kesh Kanti Anti Dandruff Hair Cleanser,Paan Corner,11000,6964.71,200,True,10,4
3242,Old Spice Original After Shave Lotion,Paan Corner,25000,15894.72,150,True,4,4
3243,Dove Hair Fall Rescue Shampoo,Paan Corner,13700,9017.08,180,True,7,4
3244,Dettol Clinical Strength Hand Sanitizer Liquid,Paan Corner,25000,17232.15,500,True,8,4
3245,Nivea Soft Light Moisturizer for Face Hand & Body Non-Sticky Cream with Vitamin E & Jojoba Oil,Paan Corner,39900,27548.13,300,True,7,4
3246,Comfy Baby Pants XL 12-17 kg,Paan Corner,42900,25068.13,24,True,4,4
3247,Dettol Liquid Handwash With Free Liquid,Paan Corner,9900,6435.22,200,True,4,4
3248,Nivea Body Milk Lotion for Very Dry Skin,Paan Corner,39900,25232.43,400,True,6,4
3249,Lakme Sun Expert,Paan Corner,22500,16292.37,60,True,4,4
3250,Head & shoulders Anti Dandruff Shampoo Cool Menthol,Paan Corner,17000,11496.82,180,True,10,4
3251,Godrej Nupur Henna,Paan Corner,7500,4923.76,150,True,10,4
3252,Johnson's Baby Lotion,Paan Corner,10000,5730.79,100,True,5,4
3253,Maybelline New York Colossal Kajal Super Black,Paan Corner,30000,20133.83,0,True,9,4
3254,Stayfree Dry-Max All Night Ultra-Dry Sanitary Pad,Paan Corner,9000,5160.97,406,True,3,4
3255,Dove Daily Shine Shampoo,Paan Corner,64500,39824.96,650,True,4,4
3256,Godrej Easy 5 Minute Natural Brown 4 Hair Colour,Paan Corner,2900,1677.85,20,True,7,4
3257,Colgate Sensitive Plus Enamel Toothpaste Tube,Paan Corner,14000,9637.81,160,True,8,4
3258,Colgate Max Fresh Peppermint Toothpaste,Paan Corner,18200,10760.76,300,True,9,4
3259,Pond's Light Moisturiser,Paan Corner,30900,19416.69,250,True,9,4
3260,Engage Mate For Man Deo Spray,Paan Corner,19500,14218.13,150,True,8,4
3261,Pantene Advanced Hair Fall Solution Shampoo - Total Damage Care,Paan Corner,12000,7090.36,180,True,8,4
3262,Whisper Choice Regular Wing Sanitary Pad,Paan Corner,3000,1954.68,406,True,9,4
3263,Colgate Slim Soft Charcoal Toothbrush,Paan Corner,15000,9507.81,232,True,5,4
3264,Fiama Scents Juniper & Geranium Body Wash,Paan Corner,19900,11017.13,250,True,7,4
3265,Mamaearth Ubtan Body Lotion,Paan Corner,39900,28271.21,400,True,5,4
3266,Godrej Aer Power Pocket - Long Lasting Bathroom Fragrance Floral Delight,Paan Corner,5500,3100.95,10,True,4,4
3267,Himalaya Anti-Hair Fall Shampoo,Paan Corner,23000,14831.57,400,True,3,4
3268,Nivea Soft Light Moisturizer for Face Hand & Body Non-Sticky Cream with Vitamin E & Jojoba Oil,Paan Corner,31000,20526.21,200,True,8,4
3269,Engage M2 Perfume Spray For Men,Paan Corner,20000,13513.71,120,True,10,4
3270,Mamaearth Ubtan Face Scrub Turmeric & Walnut,Paan Corner,34900,24001.65,100,True,7,4
3271,Himalaya Purifying Neem Face Wash Tube,Paan Corner,27000,16217.67,300,True,8,4
3272,Johnson's Baby Top To Toe Bath Body Wash,Paan Corner,16500,9107.93,210,True,5,4
3273,Gillette Mach 3 Start,Paan Corner,24900,17297.75,116,True,6,4
3274,Scalpe Pro Anti dandruff Shampoo 100ml,Paan Corner,18500,12156.93,100,True,4,4
3275,Johnson's Baby Cream,Paan Corner,15000,10758.35,100,True,3,4
3276,Johnson's Baby Soap,Paan Corner,10500,7499.92,150,True,4,4
3277,Himalaya Gentle Baby Shampoo,Paan Corner,32000,22997.29,400,True,6,4
3278,L'Oreal Paris Shine Masque Royal Jelly Hair Colour,Paan Corner,55000,35586.04,88,True,3,4
3279,Engage Rush Deodorant For Men,Paan Corner,19000,11717.79,150,True,6,4
3280,Clean & Clear Foaming Face Wash,Paan Corner,14000,9916.36,100,True,4,4
3281,Dettol Lather Shaving Cream,Paan Corner,7500,4801.94,78,True,5,4
3282,Gillette Classic Regular Pre Shave Foam,Paan Corner,19900,11675.1,196,True,9,4
3283,Dove Daily Shine Conditioner,Paan Corner,19000,13698.9,175,True,4,4
3284,Johnson's Baby Shampoo,Paan Corner,18000,13077.22,200,True,4,4
3285,Park Avenue Beer Shampoo,Paan Corner,15500,9970.56,180,True,4,4
3286,Pantene Advanced Hair Fall Solution Silky Smooth Care Shampoo,Paan Corner,12000,6781.68,180,True,7,4
3287,Fem Fairness Naturals Hair Removal Cream Fair & Soft - Rose,Paan Corner,6500,4079.17,40,True,6,4
3288,Sunsilk Stunning Black Shine Shampoo,Paan Corner,55500,39444.27,650,True,10,4
3289,Dabur Meswak Toothpaste,Paan Corner,10000,7303.55,200,True,6,4
3290,Patanjali Kesh Kanti Reetha Hair Cleanser,Paan Corner,8500,5020.9,200,True,8,4
3291,Nivea Lip Balm Soft Rose for 24h Moisture with Natural Oils Delicate Rose Shine,Paan Corner,18500,10422.8,5,True,6,4
3292,Santoor Total Skin Care Soap With Sandal & Turmeric,Paan Corner,18000,13058.46,600,True,8,4
3293,"L'Oreal Paris Excellence Creme Hair Color, 4 Natural Brown/Natural Dark Brown",Paan Corner,62000,38928.62,172,True,7,4
3294,Gillette Pre Shave Foam - Classic Regular Skin,Paan Corner,22500,14812.92,418,True,5,4
3295,Fiama Di Wills Shower Gel Patchouli & Macadamia,Paan Corner,19900,14797.9,250,True,8,4
3296,Listerine Fresh Burst Mouthwash,Paan Corner,14000,7886.38,250,True,4,4
3297,Nivea Cocoa Nourish Body Lotion With Coconut Oil & Cocoa Butter For Very Dry Skin,Paan Corner,29900,20321.94,200,True,5,4
3298,Pantene Hair Fall Control Shampoo,Paan Corner,24000,13555.71,340,True,9,4
3299,Fogg Master - Royal Intense,Paan Corner,25000,15627.34,120,True,7,4
3300,TRESemme Smooth And Shine Conditioner,Paan Corner,22000,15636.78,190,True,6,4
3301,Whisper Ultra Clean XL Plus Sanitary Pad,Paan Corner,15500,9868.76,870,True,8,4
3302,"Colgate Kids Toothpaste - 6+ Years, Strawberry Flavour",Paan Corner,9300,6969.76,80,True,10,4
3303,Nivea Soft Moisturizing Cream,Paan Corner,31000,20516.17,200,True,4,4
3304,Patanjali Kesh Kanti Aloe Vera Hair Cleanser,Paan Corner,8500,5220.98,200,True,3,4
3305,Neutrogena Deep Clean Foaming Cleanser,Paan Corner,13000,7722.29,50,True,9,4
3306,Clean & Clear Morning Energy Berry Face Wash,Paan Corner,15500,9611.61,100,True,3,4
3307,Pampers Premium Care New Baby Pants,Paan Corner,32000,19984.21,24,True,5,4
3308,Vaseline Intensive Care Aloe Fresh,Paan Corner,22500,12684.21,200,True,6,4
3309,L'Oreal Paris Dream Lengths Shampoo,Paan Corner,14900,9296.33,192,True,10,4
3310,Johnson's Baby Oil,Paan Corner,11500,7392.75,100,True,3,4
3311,Engage Man Rush Deodorant,Paan Corner,19500,13543.68,150,True,5,4
3312,Pantene Advanced Hair Fall Solution Shampoo - Total Damage Care,Paan Corner,26400,17987.53,340,True,7,4
3313,Whisper Daily Liners Clean and Fresh,Paan Corner,10500,7263.41,1160,True,5,4
3314,Himalaya Men Pimple Clear Neem Face Wash,Paan Corner,18000,9930.11,100,True,9,4
3315,Pantene Adv Hairfall Solution Conditioner Silky Smooth,Paan Corner,19000,11277.14,200,True,10,4
3316,Himalaya Prickly Heat Baby Powder,Paan Corner,9000,6141.03,100,True,10,4
3317,Mamaearth Daily Moisturizing Lotion For Babies,Paan Corner,19900,12871.28,200,True,5,4
3318,Stayfree Advanced XL Ultra Comfort Sanitary napkins with Wings,Paan Corner,17500,9643.6,812,True,9,4
3319,Pampers Premium Care Pants - Medium,Paan Corner,109900,78127.79,54,True,5,4
3320,Fiama Men's Refreshing Pulse Shower Gel,Paan Corner,19900,14020.78,250,True,10,4
3321,Vaseline Original Skin Protecting Jelly,Paan Corner,12500,8246.05,100,True,10,4
3322,Clean & Clear Foaming Face Wash,Paan Corner,18000,10139.27,150,True,4,4
3323,Fiama Lemongrass and Jojoba Shower Gel,Paan Corner,22500,15824.32,250,True,5,4
3324,Oral-B Charcoal Cross Cross Extra Soft Toothbrush (Buy 2 Get 1 Free),Paan Corner,18000,12001.37,174,True,8,4
3325,Listerine Fresh Burst Mouthwash,Paan Corner,28500,20132.17,500,True,5,4
3326,Veet Full Body Waxing Kit,Paan Corner,23500,16458.21,1160,True,10,4
3327,Listerine Original Mouthwash,Paan Corner,5500,3908.3,80,True,4,4
3328,Santoor Almond Soft With Sandal & Almond Milk,Paan Corner,18000,11764.83,625,True,4,4
3329,Nivea Body Shea Smooth with Shea Butter for Dry Skin,Paan Corner,42500,24567.76,400,True,7,4
3330,Neutrogena Deep Clean Facial Cleanser,Paan Corner,13000,8895.01,50,True,9,4
3331,"L'Oreal Paris Excellence Creme Hair Color, 3.16 Burgundy",Paan Corner,55000,37075.21,159,True,6,4
3332,Johnson's Baby Powder,Paan Corner,23500,16413.59,400,True,3,4
3333,Bombay Shaving Company Charcoal Face Wash,Paan Corner,24900,14541.01,100,True,3,4
3334,Colgate Kids 2+ Years Extra Soft Toothbrush,Paan Corner,2000,1177.99,58,True,5,4
3335,Veet Hair Removal Cream (Normal Skin),Paan Corner,13500,9829.11,50,True,7,4
3336,Dove Daily Shine Shampoo,Paan Corner,24000,16799.89,340,True,5,4
3337,L'Oreal Anti Hair Fall Conditioner,Paan Corner,19900,14559.75,192,True,3,4
3338,Nivea Body Lotion Aloe Hydration For Normal Skin,Paan Corner,27500,19297.93,200,True,9,4
3339,Pampers Pants - Large,Paan Corner,154900,103694.87,82,True,10,4
3340,"Engage Urge Deodorant For Men, Citrus And Woody, Skin Friendly",Paan Corner,19500,13276.12,150,True,9,4
3341,Head & Shoulders 2 In 1 Anti Dandruff Smooth & Silky Shampoo+Conditioner,Paan Corner,37500,27293.46,340,True,9,4
3342,Fem Fairness Natural Gold Skin Bleach,Paan Corner,8500,5658.97,64,True,4,4
3343,Engage Deo Frost,Paan Corner,19500,13191.33,150,True,10,4
3344,Stayfree Secure XL Size Sanitary Napkins,Paan Corner,11500,6684.9,1160,True,6,4
3345,Pampers Pants - Medium,Paan Corner,69900,45070.42,50,True,10,4
3346,Pampers Active Baby Diapers New Born Extra Small,Paan Corner,109900,76191.41,72,True,7,4
3347,"Nivea Creme, All Season Multi-Purpose Cream",Paan Corner,17500,10573.3,100,True,4,4
3348,Woodwards Gripe Water,Paan Corner,5000,2952.25,130,True,6,4
3349,Clean & Clear Morning Energy Aqua Splash Face Wash,Paan Corner,14500,8885.1,100,True,7,4
3350,Sunsilk Lusciously Thick & Long Shampoo,Paan Corner,55500,33205.66,650,True,7,4
3351,Mamaearth Skin Correct Face Serum,Paan Corner,59900,35519.65,30,True,3,4
3352,Chik Hairfall Prevent Egg Shampoo,Paan Corner,17800,11302.47,340,True,4,4
3353,Pantene Silky Smooth Care Shampoo,Paan Corner,22500,16460.27,340,True,7,4
3354,"Garnier Skin Naturals, Micellar Cleansing Water",Paan Corner,19900,12963.1,125,True,8,4
3355,Set Wet Swag Avatar Deodorant & Body Spray Perfume For Men,Paan Corner,19900,11692.92,150,True,9,4
3356,Pampers All Round Protection Pants - Medium,Paan Corner,69900,39521.06,50,True,7,4
3357,Set Wet Deodrant Charm Avatar,Paan Corner,19900,13715.7,150,True,6,4
3358,Nupur Heena Mehandi,Paan Corner,19900,12468.54,500,True,3,4
3359,Head & Shoulders 2-in-1 Active Protect Shampoo,Paan Corner,37500,26788.73,340,True,5,4
3360,Gillette Mach 3 Turbo Cartridges,Paan Corner,64900,44255.45,232,True,9,4
3361,TRESemme Smooth And Shine Conditioner,Paan Corner,21000,14894.21,190,True,3,4
3362,Bombay Shaving Company Sensitive Cartridges,Paan Corner,37500,22664.6,116,True,5,4
3363,Himalaya Baby Lotion,Paan Corner,30000,20654.15,400,True,4,4
3364,Old Spice Lime Lather Shaving Cream,Paan Corner,7500,4521.09,70,True,4,4
3365,Colgate Sensitive Plus Anticavity Toothpaste,Paan Corner,14000,10329.39,70,True,7,4
3366,Colgate Toothpaste For Kids Motu Oatlu,Paan Corner,9300,6298.66,80,True,8,4
3367,Pantene Total Damage Care Shampoo,Paan Corner,12000,7378.83,180,True,4,4
3368,Himalaya Moisturising Aloe Vera Facial Wipes,Paan Corner,10000,6039.02,25,True,10,4
3369,Savlon Moisture Shield Hand Wash,Paan Corner,6900,4058.48,200,True,7,4
3370,Pampers Active Baby Diapers New Born Extra Small,Paan Corner,36000,24801.41,24,True,9,4
3371,Himalaya Anti Dandruff Shampoo,Paan Corner,26000,15437.32,400,True,3,4
3372,Himalaya Anti Hair Fall Shampoo,Paan Corner,49000,32783.97,700,True,4,4
3373,Johnson's Baby Oil,Paan Corner,20000,12058.54,200,True,10,4
3374,Vaseline Intensive Care Deep Moisture Body Lotion,Paan Corner,32500,22177.8,400,True,3,4
3375,L'Oreal Paris Dream Lengths Conditioner,Paan Corner,19900,14188.46,193,True,3,4
3376,Nivea Soft Light Moisturizing Cream,Paan Corner,18500,13053.69,100,True,8,4
3377,Whisper Ultra Soft XL+ Sanitary Pads,Paan Corner,55500,38970.45,60,True,4,4
3378,Palmolive Feel The Massage Shower Gel,Paan Corner,24900,14629.86,250,True,3,4
3379,L'Oreal Paris Dream Lengths Conditioner,Paan Corner,20900,11864.45,193,True,8,4
3380,Head & Shoulders Anti-Dandruff Smooth & Silky Shampoo,Paan Corner,28500,19659.01,340,True,8,4
3381,Mamaearth Moisturizing Baby Bath Soap,Paan Corner,24900,15529.37,150,True,4,4
3382,Listerine Original Mouthwash,Paan Corner,15000,9547.04,250,True,8,4
3383,Himalaya Gentle Baby Shampoo,Paan Corner,17000,9455.91,200,True,4,4
3384,Dove Dryness Care Shampoo,Paan Corner,26800,16131.33,340,True,10,4
3385,Dove Hair Fall Rescue Shampoo,Paan Corner,28000,15588.59,340,True,4,4
3386,Head & Shoulders Anti Dandruff Shampoo Cool Menthol,Paan Corner,29500,21412.2,340,True,5,4
3387,Bombay Shaving Company Defender Razor,Paan Corner,34500,20654.44,58,True,3,4
3388,"Head & Shoulders Shampoo + Conditioner - 2-In-1, Cool Menthol",Paan Corner,36500,24143.56,340,True,10,4
3389,Himalaya Baby Nourishing Massage Oil,Paan Corner,20000,11155.92,200,True,6,4
3390,Himalaya Baby Powder,Paan Corner,23500,16059.18,400,True,4,4
3391,Fogg Paradise Fragrant Body Spray For Women,Paan Corner,25000,15365.14,150,True,3,4
3392,Revive Revive Liquid,Paan Corner,7100,5180.05,200,True,9,4
3393,Pantene Hairfall Control Conditioner,Paan Corner,19000,13824.85,200,True,8,4
3394,Mamaearth Vitamin C Face Toner,Paan Corner,39900,24540.82,200,True,7,4
3395,Himalaya Diaper Rash Cream,Paan Corner,8000,5841.54,20,True,4,4
3396,Fogg Royal Fragrance Spray,Paan Corner,23000,17232.33,150,True,8,4
3397,Dove Pink Rosa Beauty Bathing Bar,Paan Corner,24500,17519.54,100,True,8,4
3398,Dove Dryness Care Conditioner Frizzy & Dry Hair,Paan Corner,9000,6470.77,80,True,8,4
3399,Dettol Original Liquid Handwash Refill,Paan Corner,10900,6537.84,750,True,8,4
3400,Parachute 100% Pure Coconut Oil,Paan Corner,12300,8183.69,300,True,8,4
3401,Stayfree Secure Cottony Soft Cover Sanitary Pad (Regular) with Wings,Paan Corner,3000,1690.35,406,True,4,4
3402,Dabur Gulabari Premium Rose Water,Paan Corner,4800,2731.12,120,True,9,4
3403,Parachute Advansed Gold Coconut Hair Oil,Paan Corner,21500,16120.24,400,True,6,4
3404,Closeup Everfresh+ Anti-Germ Gel Toothpaste Red Hot,Paan Corner,9000,5537.95,150,True,5,4
3405,Godrej No.1 Bathing Soap  Lime & Aloe Vera,Paan Corner,10000,6996.37,500,True,8,4
3406,Sensodyne Sensitive Fresh Gel Toothpaste,Paan Corner,11500,8180.33,75,True,8,4
3407,Whisper Bindazzz Nights XL + Sanitary Pad,Paan Corner,9000,6494.44,406,True,5,4
3408,Whisper Choice Sanitary Pad,Paan Corner,3200,2398.48,406,True,9,4
3409,"Godrej No.1 Bathing Soap, Jasmine",Paan Corner,8400,5025.71,400,True,10,4
3410,Gillette Venus Close & Clean Razor,Paan Corner,24900,13895.95,58,True,9,4
3411,Whisper Choice Regular Sanitary Pads,Paan Corner,9000,5690.14,58,True,10,4
3412,Stayfree Secure Dry Cover Extra Large Sanitary Pad,Paan Corner,4200,2419.27,406,True,4,4
3413,Oxylife Natural Radiance 5 Creme Bleach - With Active Oxygen,Paan Corner,8200,4546.78,27,True,3,4
3414,Clean & Clear Morning Energy Lemon Face Wash,Paan Corner,14500,9020.24,100,True,7,4
3415,Bajaj Almond Drops Hair Oil,Paan Corner,6700,4735.21,100,True,7,4
3416,Bajaj Almond Drops Hair Oil Bottle,Paan Corner,13000,8622.07,200,True,3,4
3417,Whisper Bindazzz Night Sanitary Pads XL Plus,Paan Corner,18500,11332.28,870,True,4,4
3418,Godrej Cinthol Lime Refreshing Deo Soap,Paan Corner,11600,7898.07,400,True,7,4
3419,"MamyPoko Pants Standard Diapers, Extra Large (12 - 17 kg)",Paan Corner,39900,23796.51,26,True,9,4
3420,Surf Excel Stain Eraser,Home & Cleaning,1800,995.18,150,False,615,2
3421,Colin Glass and Surface Cleaner Liquid Spray Regular,Home & Cleaning,9600,6747.56,500,False,373,2
3422,A1 Biodegradable Garbage Dustbin Bags,Home & Cleaning,6900,4655.77,30,False,443,2
3423,"Mortein Cockroach Killer Spray, Crawling insect killer with Deep-Reach Nozzle",Home & Cleaning,18900,13276.5,425,False,416,2
3424,Pril Perfect Lime Dishwash Liquid,Home & Cleaning,19000,10597.96,750,False,633,2
3425,Dettol Antiseptic Disinfectant Liquid,Home & Cleaning,6600,4735.0,125,False,590,2
3426,Godrej Aer Power Pocket Berry Rush,Home & Cleaning,5500,3706.48,10,False,415,2
3427,Hit Cockroach Killer Spray,Home & Cleaning,10100,6693.06,200,False,550,2
3428,Vim Dishwash Liquid Gel Lemon,Home & Cleaning,18500,12486.07,750,False,398,2
3429,"Harpic Disinfectant Toilet Cleaner Liquid, Original - 1 L",Home & Cleaning,17800,12867.38,1000,False,655,2
3430,Odomos Mosquito Repellent Cream,Home & Cleaning,5000,3336.94,50,False,594,2
3431,Harpic Disinfectant Bathroom Cleaner Liquid Lemon,Home & Cleaning,18900,12590.99,1000,False,495,2
3432,Eveready AA pack of 10,Home & Cleaning,15000,11222.04,580,False,484,2
3433,Cherry Blossom Liquid Wax Polish,Home & Cleaning,9800,6873.19,75,False,690,2
3434,Gala Scrubber Cleaner Home Everyday Scrub,Home & Cleaning,3500,2234.61,58,False,611,2
3435,Hit Flower Lime Fragrance Insect Killer Spray,Home & Cleaning,18200,12584.93,400,False,556,2
3436,Harpic Hygienic Toilet Cleaner Rim Block Jasmine,Home & Cleaning,8200,5148.34,26,False,687,2
3437,Om Bhakti - Pancha Deepa Oil,Home & Cleaning,19900,11855.92,1000,False,574,2
3438,Ariel Complete Detergent Washing Powder 500 g  + 200 g Free,Home & Cleaning,13500,9036.5,500,False,467,2
3439,Surf Excel Matic Top Load Detergent Powder,Home & Cleaning,20000,14712.73,1000,False,693,2
3440,Harpic Flushmatic In-Cistern Toilet Cleaner Blocks Marine,Home & Cleaning,15400,11331.75,100,False,497,2
3441,Eveready 1012 Carbon Zinc AAA Battery,Home & Cleaning,15000,9275.72,580,False,687,2
3442,Surf Excel Matic Front Load Detergent Liquid,Home & Cleaning,22500,14749.55,1000,False,503,2
3443,Origami Kitchen Towels 2 In 1 Quilted 2ply,Home & Cleaning,14000,8292.58,116,False,485,2
3444,Oxi Green Phenyl - Pine,Home & Cleaning,8200,6142.84,1000,False,458,2
3445,Surf Excel Easy Wash Detergent Liquid,Home & Cleaning,17000,12685.8,1000,False,493,2
3446,Uno Playing Card Game,Home & Cleaning,14900,10130.54,58,False,455,2
3447,Chakaachak Mini Cloth Brush,Home & Cleaning,4000,2843.53,58,False,456,2
3448,Chakaachak Super Scrub Pad (Pack of 3),Home & Cleaning,3500,2425.57,174,False,427,2
3449,Colin Glass and Surface Cleaner Liquid Spray Regular,Home & Cleaning,6200,4145.52,250,False,393,2
3450,Om Bhakti Cow Dung Cakes,Home & Cleaning,1600,897.07,290,False,574,2
3451,Dettol Antiseptic Liquid,Home & Cleaning,3300,2115.14,60,False,376,2
3452,Harpic Hygienic Toilet Cleaner Rim Block Citrus,Home & Cleaning,8200,5616.65,26,False,697,2
3453,Eveready Ultima Alkaline AA Cell Battery-6 Pc Pack,Home & Cleaning,21000,14395.63,348,False,661,2
3454,Mangaldeep Rose Puja Agarbatti,Home & Cleaning,6500,4060.06,120,False,494,2
3455,Ariel Matic Top Load Detergent Washing Powder,Home & Cleaning,22500,16612.61,1000,False,657,2
3456,Gala Cloth Poccha/Mop,Home & Cleaning,12500,7293.39,58,False,537,2
3457,Chakaachak Floor Cleaning Pocha,Home & Cleaning,5000,3250.36,58,False,572,2
3458,Oxi Green Floor Cleaner - Floral,Home & Cleaning,17900,12318.36,1000,False,388,2
3459,"Godrej Aer Pocket, Bathroom Air Fragrance - Assorted Pack Of 3",Home & Cleaning,16000,11030.83,30,False,463,2
3460,Ariel Complete Detergent Washing Powder 1 kg + 500 g Free,Home & Cleaning,28000,19032.38,1500,False,720,2
3461,Chakaachak Sponge Scrubber (Pack of 2),Home & Cleaning,4500,2722.76,116,False,503,2
3462,Lizol Disinfectant Surface & Floor Cleaner Liquid Floral,Home & Cleaning,10300,5986.79,500,False,678,2
3463,Harpic Germ & Stain Blaster Disinfectant Toilet Cleaner Floral,Home & Cleaning,14800,10022.38,750,False,538,2
3464,Hit Lime Fresh Flying Insect Killer,Home & Cleaning,26900,18019.25,385,False,393,2
3465,Fevistik Super Glue Stick,Home & Cleaning,4000,2343.48,15,False,507,2
3466,Godrej Ezee Liquid Detergent,Home & Cleaning,17500,12092.99,1000,False,680,2
3467,Odonil Air Fresher Buy 3 Get 1 Free,Home & Cleaning,22500,14423.27,300,False,715,2
3468,"""Godrej Aer Power Pocket - Long Lasting Bathroom Fragrance Fresh Blossom""",Home & Cleaning,5500,3759.54,10,False,406,2
3469,Genteel Liquid Detegrent,Home & Cleaning,32000,22959.15,2000,False,663,2
3470,Scotch Brite Scrub Pad,Home & Cleaning,7500,4379.59,290,False,572,2
3471,Shubh kart - Nirmal Eco Box Chandan Agarbatti - 100g,Home & Cleaning,6500,3599.89,100,False,694,2
3472,Surf Excel Quick Wash,Home & Cleaning,60000,42349.23,4000,False,556,2
3473,Hem Mantra Masala Agarbatti,Home & Cleaning,8500,5711.49,50,False,524,2
3474,Odonil Room Air Freshener Spray Lavender Mist,Home & Cleaning,14900,10279.93,240,False,428,2
3475,Chakaachak Mega Star Toilet Brush,Home & Cleaning,11000,7893.94,58,False,607,2
3476,Om Bhakti Wick for Diya - Cotton Long Batti,Home & Cleaning,1900,1350.07,50,False,622,2
3477,Origami Non-Woven Kitchen Towel,Home & Cleaning,19000,14101.5,80,False,516,2
3478,Shubh kart - Nirmal 5 in 1 Agarbatti Zipper - 150g,Home & Cleaning,6500,4271.72,150,False,579,2
3479,Harpic Lemon Bathroom Cleaner,Home & Cleaning,9500,6153.14,500,False,686,2
3480,Scotch Brite Sponge Wipes,Home & Cleaning,20000,12607.55,174,False,530,2
3481,Godrej Aer Spray Fresh Lush Green,Home & Cleaning,15000,8711.07,240,False,395,2
3482,Oxi Green Phenyl Concentrate,Home & Cleaning,20000,13290.43,1000,False,596,2
3483,Oxi Green Max Force Green Concentrate,Home & Cleaning,10700,6477.81,500,False,646,2
3484,Godrej Aer Morning Misty Meadows Home Air Freshener,Home & Cleaning,15000,11013.92,240,False,393,2
3485,Kiwi Dranex Drain Cleaner,Home & Cleaning,13500,8999.62,348,False,559,2
3486,Origami Disposable Spoons,Home & Cleaning,8000,5348.54,1160,False,698,2
3487,Pril Bar Tub,Home & Cleaning,5500,3415.42,500,False,620,2
3488,Om Bhakti Wick for Diya - Cotton Flower Batti,Home & Cleaning,1900,1064.76,60,False,645,2
3489,Chakaachak Deluxe Dustpan Grey,Home & Cleaning,6800,3783.17,58,False,668,2
3490,Lizol Disinfectant Surface & Floor Cleaner Liquid Citrus,Home & Cleaning,20500,13010.67,975,False,685,2
3491,ScotchBrite Premium Kitchen Towels,Home & Cleaning,15000,8503.7,174,False,687,2
3492,Vanish All in One Powder Detergent Booster,Home & Cleaning,21000,14098.76,400,False,710,2
3493,Good Knight Fabric Personal Mosquito Repellent Roll On,Home & Cleaning,7500,5446.46,8,False,658,2
3494,Gala Iron Bull Scrub Pad,Home & Cleaning,14000,10172.16,174,False,451,2
3495,Tide Plus Extra Power Lemon & Mint Detergent Powder,Home & Cleaning,21500,14658.9,2000,False,513,2
3496,Chakaachak Dustpan Grey,Home & Cleaning,7000,4145.72,58,False,613,2
3497,Mortein PowerGard Rat Kill Cake,Home & Cleaning,6400,4624.64,100,False,685,2
3498,Odomos Mosquito Repellent Cream,Home & Cleaning,2500,1818.05,23,False,647,2
3499,Shubh kart - Nirmal Eco Box Sugandhi Mogra Agarbatti - 100g,Home & Cleaning,6500,3830.65,100,False,726,2
3500,Cherry Blossom Wax Shoe Polish Black,Home & Cleaning,6800,4742.9,40,False,562,2
3501,Origami Paper Plates,Home & Cleaning,24000,14575.29,50,False,408,2
3502,Gala Microfiber Magic Cloth 2-In-1,Home & Cleaning,17500,12434.24,58,False,720,2
3503,Mr Muscle Dranex Drain Cleaner Kiwi,Home & Cleaning,16000,11991.16,375,False,392,2
3504,Lizol Disinfectant Surface & Floor Cleaner Liquid Jasmine,Home & Cleaning,10300,5726.85,500,False,381,2
3505,Odonil Room Spray Air Freshener Citrus Fres,Home & Cleaning,15000,10942.1,137,False,491,2
3506,Scotch Brite Power Scrub Pad,Home & Cleaning,5000,3372.63,58,False,532,2
3507,Origami Good Karma Toilet Roll,Home & Cleaning,27500,20478.6,232,False,608,2
3508,Shubh kart - Shubhkart Sambrani Cup Black 12n,Home & Cleaning,8000,5144.02,696,False,440,2
3509,Gala Scrubber Pad,Home & Cleaning,7500,5396.08,290,False,595,2
3510,Origami So Soft Tissue Roll Single - 340 Pulls 3 Ply,Home & Cleaning,8000,4499.83,58,False,568,2
3511,Odomos lotion - Mosquito Repellent,Home & Cleaning,9000,5553.5,120,False,612,2
3512,Surf Excel Matic Front Load Detergent Powder,Home & Cleaning,53000,29860.38,2000,False,666,2
3513,Fevicol Mr.Original General Purpose White Glue,Home & Cleaning,5000,3725.34,105,False,578,2
3514,Aro Aluminium Container with Lid 230 ml,Home & Cleaning,7500,5350.46,25,False,579,2
3515,Harpic Power Fresh 6 Toilet Cleaner Rim Block Floral Delight,Home & Cleaning,18800,13545.58,35,False,522,2
3516,Origami So Soft Tissue Roll 3 Ply,Home & Cleaning,39000,28766.13,696,False,433,2
3517,Ariel Matic Front Load Detergent Washing Powder,Home & Cleaning,80000,45361.66,3000,False,449,2
3518,Gala Double Hockey Toilet Brush,Home & Cleaning,15000,9406.79,58,False,631,2
3519,Surf Excel Detergent Bar Value Pack,Home & Cleaning,11400,6431.96,800,False,433,2
3520,Odonil Zipper Blissful Citrus,Home & Cleaning,5500,3256.87,10,False,463,2
3521,Eveready Base B22 9-Watt LED Bulb,Home & Cleaning,15000,8938.1,58,False,711,2
3522,Scotch Brite Sponge Wipe,Home & Cleaning,33000,21246.11,290,False,580,2
3523,Domex Disinfectant Floor Cleaner,Home & Cleaning,18000,10866.82,1000,False,525,2
3524,Surf Excel Matic Powder Front Load,Home & Cleaning,81000,46185.85,4000,False,458,2
3525,Scotch Brite Silver Sparks Scrub Pad,Home & Cleaning,9000,5251.48,348,False,538,2
3526,Airwick Room Air Freshener Spray Cool Water & Aloe Vera,Home & Cleaning,16100,9329.23,245,False,529,2
3527,Shubh kart - Surabhi Camphor Pouch 50g,Home & Cleaning,9500,7073.85,50,False,479,2
3528,Pril Power Of Active Boosters,Home & Cleaning,10200,7158.96,400,False,584,2
3529,Scotch Brite Tough Scrubber Brush,Home & Cleaning,15000,11153.28,58,False,395,2
3530,Mortein Dual All Insect Killer Spray,Home & Cleaning,28000,17862.55,600,False,375,2
3531,Lizol Double Concentrate Disinfectant Floor Cleaner Lavender,Home & Cleaning,32500,19684.4,900,False,707,2
3532,Eveready Ultima Alkaline Battery AAA,Home & Cleaning,6800,4825.68,116,False,494,2
3533,Shubh kart - Tejas Twisted Cotton Wicks 1000n,Home & Cleaning,3000,1845.75,1000,False,469,2
3534,Lizol Double Concentrate Disinfectant Floor Cleaner Citrus,Home & Cleaning,65000,39641.98,1900,False,391,2
3535,Surf Excel Matic Top Load,Home & Cleaning,72000,42948.09,4000,False,591,2
3536,Oxi Green Dish Wash Liquid - Lemon,Home & Cleaning,10500,6047.33,500,False,366,2
3537,Mangalam Camphor,Home & Cleaning,10000,6012.93,50,False,723,2
3538,Cherry Blossom Liquid Wax Polish (Dark Tan),Home & Cleaning,9800,6086.43,75,False,465,2
3539,Gala EzeeSqueegee Wiper,Home & Cleaning,15000,10271.98,58,False,385,2
3540,Lizol Disinfectant Surface & Floor Cleaner Liquid Pine,Home & Cleaning,20500,11531.52,975,False,422,2
3541,Philips Stellar Bright 16W Light Bulb,Home & Cleaning,39000,23091.95,58,False,544,2
3542,Airwick EverFresh Gel Bathroom Air Freshener - Lavender Dew,Home & Cleaning,7000,4982.63,50,False,705,2
3543,Origami Cups Plain 100 units,Home & Cleaning,15500,8980.46,100,False,713,2
3544,Airwick EverFresh Gel Bathroom Air Freshener - Citrus Splash,Home & Cleaning,7000,4329.7,50,False,384,2
3545,Ariel Matic Liquid Detergent Front Load,Home & Cleaning,25000,18073.29,1000,False,619,2
3546,Om Bhakti Gangajal Packed At Gangotri,Home & Cleaning,3000,1742.96,220,False,681,2
3547,Odonil Air Freshner Lavender Meadows,Home & Cleaning,7500,4249.11,75,False,402,2
3548,Om Bhakti Haldi,Home & Cleaning,1200,776.29,15,False,512,2
3549,Cherry Blossom Wax Shoe Polish Dark Tan,Home & Cleaning,6800,4151.29,40,False,389,2
3550,Dabur Odomos Naturals Mosquito Repellant Gel,Home & Cleaning,7500,4970.11,80,False,485,2
3551,Shubh kart - Nirmal sugandhi mogra wet dhoop zipper 20 sticks,Home & Cleaning,3000,2132.28,1160,False,390,2
3552,Lizol Disinfectant Surface & Floor Cleaner Liquid Floral,Home & Cleaning,20500,11837.31,975,False,533,2
3553,Om Bhakti Wick for Diya - Ghee Cotton Wicks Big,Home & Cleaning,18900,12590.04,30,False,687,2
3554,Air Wick Room Air Freshener Spray - Lavender & Lotus,Home & Cleaning,16100,10482.74,245,False,589,2
3555,Scotch Brite Kitchen Sink Brush,Home & Cleaning,13500,7814.01,58,False,365,2
3556,Odonil Room Air Freshener Spray - Lavender Mist,Home & Cleaning,15000,10122.0,137,False,671,2
3557,Godrej Aer Power Pocket - Long Lasting Bathroom Fragrance Lavender Bloom,Home & Cleaning,5500,3326.0,10,False,625,2
3558,Origami Good Karma Paper Serviettes,Home & Cleaning,8000,5180.53,50,False,377,2
3559,Scotch Magic Tape,Home & Cleaning,11500,6514.23,58,False,412,2
3560,Ambi Pur Car Freshener Gel - Relaxing Lavender,Home & Cleaning,29900,19193.31,75,False,677,2
3561,Origami Kitchen Towels 4 in 1 60 Pulls 2 Ply,Home & Cleaning,26500,16199.26,58,False,655,2
3562,Ariel Matic Liquid Detergent Front Load,Home & Cleaning,22500,16075.72,1000,False,696,2
3563,Om Bhakti Wick for Diya - Ghee Cotton Wicks Small,Home & Cleaning,13900,7803.4,30,False,458,2
3564,Chakaachak Super Strong Scrub,Home & Cleaning,2900,1837.79,58,False,625,2
3565,Nimyle Lemongrass Floor Cleaner,Home & Cleaning,16500,10587.82,975,False,642,2
3566,Oxi Green Floor Cleaner - Citrus,Home & Cleaning,17900,12440.52,1000,False,723,2
3567,Airwick Room Air Freshener Spray - Rose & Saffron,Home & Cleaning,16100,10704.21,245,False,569,2
3568,Origami Luxuria Kitchen Towel 300 Pulls Single,Home & Cleaning,32000,21870.16,58,False,549,2
3569,Philips EyePro 10.5W Light Bulb,Home & Cleaning,22000,15519.02,58,False,539,2
3570,Mangalam Camphor Tablet Jar,Home & Cleaning,28000,20228.34,100,False,673,2
3571,Chakaachak Super Sponge Wipes (Pack of 3),Home & Cleaning,14000,8578.85,174,False,433,2
3572,"""Origami Good Karma Paper Serviettes - 100 napkins (1 ply)""",Home & Cleaning,7800,5129.32,58,False,468,2
3573,Robin Dazzling Liquid Blue After Wash,Home & Cleaning,7400,5313.36,200,False,610,2
3574,Om Bhakti Camphor Big,Home & Cleaning,11900,8899.89,40,False,525,2
3575,Om Bhakti Wick for Diya - Cotton Long Batti,Home & Cleaning,2000,1455.81,75,False,564,2
3576,Om Bhakti Camphor Small,Home & Cleaning,7900,4931.92,25,False,580,2
3577,Ariel Matic Top Load Detergent Washing Powder,Home & Cleaning,49900,29392.76,2000,False,576,2
3578,Scotch Brite Multi-Purpose Sponge Wipes,Home & Cleaning,70000,45351.5,580,False,380,2
3579,Surabhi Pure Camphor,Home & Cleaning,5000,3491.64,25,False,696,2
3580,Lizol Double Concentrate Disinfectant Floor Cleaner Citrus,Home & Cleaning,32500,21076.7,900,False,569,2
3581,Chakaachak Floor Pocha Large,Home & Cleaning,5000,3233.18,58,False,729,2
3582,Ariel Matic Front Load Liquid Detergent,Home & Cleaning,22000,15788.21,1000,False,403,2
3583,Harpic Power Fresh 6 Toilet Cleaner Rim Block Marine Splash,Home & Cleaning,18800,11698.88,35,False,453,2
3584,Chakaachak Dust Proof Broom,Home & Cleaning,18000,12995.26,58,False,620,2
3585,Cherry Blossom Liquid Shoe Polish Neutral,Home & Cleaning,0,0.0,75,False,618,2
3586,Om Bhakti Kumkum,Home & Cleaning,1200,738.78,15,False,580,2
3587,Apsara Non Dust Eraser,Home & Cleaning,6000,3844.79,1160,False,667,2
3588,Chakaachak Power Scrub (Pack of 2),Home & Cleaning,4200,2950.46,116,False,536,2
3589,Om Bhakti Wick for Diya - Vanaspati Ghee Cotton Wicks Small,Home & Cleaning,6900,3968.88,30,False,501,2
3590,Whiskas Adult +1 year Salmon in Gravy,Home & Cleaning,25000,14732.1,85,False,542,2
3591,Origami Paper Party Plates,Home & Cleaning,24000,17766.94,580,False,441,2
3592,Gala Microfiber Multipurpose Cloth,Home & Cleaning,14000,8191.38,58,False,552,2
3593,Ariel Matic Front Load Detergent Powder,Home & Cleaning,26000,17252.18,1000,False,379,2
3594,Vim Dishwash Bar,Home & Cleaning,2300,1531.48,300,False,656,2
3595,Dettol Effective Protection Antiseptic Liquid,Home & Cleaning,11600,7515.93,250,False,683,2
3596,Godrej Good Night Gold Flash Liquid Vapouriser,Home & Cleaning,8900,6042.65,60,False,689,2
3597,Rin Detergent Powder,Home & Cleaning,8600,5125.3,1000,False,578,2
3598,Surf Excel Easy Wash Detergent Powder,Home & Cleaning,13600,8983.24,1000,False,572,2
3599,Rin Detergent Bar,Home & Cleaning,1000,624.43,140,False,533,2
3600,Odomos Mosquito Repellent Spray,Home & Cleaning,9000,6141.0,100,False,694,2
3601,Chakaachak Super Steel Scrubber,Home & Cleaning,1200,693.89,58,False,644,2
3602,Scotch-Brite Scrub Sponge Ideal For Dishwash Liquid,Home & Cleaning,6500,4317.14,116,False,669,2
3603,Gala No Dust Broom,Home & Cleaning,19000,11154.03,58,False,510,2
3604,Chakaachak Eazo Grass Broom New,Home & Cleaning,10500,6360.15,58,False,627,2
3605,Vim Dishwash Bar,Home & Cleaning,4500,2671.84,600,False,368,2
3606,Rin Fabric Whitener Detergent,Home & Cleaning,6900,4047.32,500,False,454,2
3607,Comfort After Wash Fabric Conditioner Lily Fresh,Home & Cleaning,23500,16805.84,860,False,424,2
3608,Ujala Superme For Super Whiteness Of Clothes,Home & Cleaning,2500,1517.85,75,False,675,2
3609,Surf Excel Quick Wash,Home & Cleaning,20800,15296.83,1000,False,380,2
3610,Scotch BOPP Packaging Tape,Home & Cleaning,8000,5951.88,58,False,591,2
3611,Origami Plates Plain,Home & Cleaning,25000,16606.3,100,False,393,2
3612,Dettol Antiseptic Liquid,Home & Cleaning,3000,1735.8,60,False,515,2
3613,Epigamia Fruit Yogurt Alphonso Mango,Health & Hygiene,4000,2499.64,75,False,258,3
3614,Epigamia Fruit Yogurt Vanilla,Health & Hygiene,4000,2838.19,75,False,612,3
3615,Nestle A+ Actiplus Probiotic Dahi Plain Curd,Health & Hygiene,7800,4863.13,400,False,332,3
3616,Dettol Original Germ Protection Alcohol Based Hand Sanitizer,Health & Hygiene,2500,1418.51,50,False,580,3
3617,Dettol Antiseptic Disinfectant Liquid,Health & Hygiene,6600,4364.96,125,False,458,3
3618,Durex Air Ultra Thin Condoms,Health & Hygiene,8200,5896.0,174,False,236,3
3619,Durex Air Ultra Thin Condom,Health & Hygiene,24500,17375.04,580,False,365,3
3620,Dabur Regular Hajmola,Health & Hygiene,4500,2632.61,120,False,577,3
3621,Hajmola Anardana Digestive Tablets,Health & Hygiene,4500,3080.49,120,False,337,3
3622,Zandu Balm,Health & Hygiene,4000,2376.4,8,False,538,3
3623,Vicks Cough Drops Menthol,Health & Hygiene,2000,1187.28,1160,False,619,3
3624,Durex Extra Time Condoms,Health & Hygiene,22800,16525.77,580,False,645,3
3625,Vicks Vaporub,Health & Hygiene,8500,5099.44,25,False,625,3
3626,Dettol Antiseptic Liquid,Health & Hygiene,3300,1988.74,60,False,667,3
3627,Veet Sensitive Skin Hair Removal Cream,Health & Hygiene,13500,7426.76,50,False,709,3
3628,Vicks VapoRub,Health & Hygiene,14500,10499.94,50,False,252,3
3629,Dabur Hajmola Imli Digestive Tablets,Health & Hygiene,4500,3188.34,120,False,196,3
3630,Dettol Antiseptic Liquid + Disinfectant Spray - Original,Health & Hygiene,15900,10739.91,225,False,710,3
3631,Iodex Body Pain Expert,Health & Hygiene,4000,2800.21,8,False,505,3
3632,Patanjali Hing Goli,Health & Hygiene,6500,3772.66,100,False,725,3
3633,Moov Fast Pain Relief Cream,Health & Hygiene,18900,12127.46,50,False,381,3
3634,Dettol Hand Sanitizer,Health & Hygiene,10000,6202.44,200,False,523,3
3635,Whisper Ultra Soft XL+ Sanitary Pads,Health & Hygiene,33000,18768.93,30,False,702,3
3636,Whisper Choice Regular Wing Sanitary Pad,Health & Hygiene,3000,1941.68,406,False,579,3
3637,Savlon Surface Disinfectant Spray,Health & Hygiene,16500,12113.44,170,False,397,3
3638,Durex Extra Thin Condoms,Health & Hygiene,22800,12722.67,580,False,624,3
3639,Stayfree Secure Dry Cover Regular Sanitary Pad With Wings,Health & Hygiene,3000,1824.88,406,False,401,3
3640,Eno Fruit Salt Lemon Flavour Energy Powder,Health & Hygiene,13000,7689.61,100,False,562,3
3641,Moov Pain Relief Specialist Spray,Health & Hygiene,14900,8904.68,35,False,186,3
3642,Savlon Germ Protection Wipes,Health & Hygiene,18900,13828.88,72,False,451,3
3643,Veet Hair Removal Cream Dry Skin,Health & Hygiene,13500,8688.79,50,False,195,3
3644,Whisper Ultra Soft Air Fresh Sanitary Pads (XL) with Wings,Health & Hygiene,31500,20262.69,30,False,603,3
3645,Whisper Choice Regular Sanitary Pads,Health & Hygiene,9000,6319.04,1160,False,703,3
3646,Whisper Ultra Clean Wings XL+  Pouch,Health & Hygiene,44900,26082.34,44,False,200,3
3647,Durex Extra Ribbed Condoms,Health & Hygiene,24500,15862.6,580,False,407,3
3648,Eno Regular Fruit Salt Energy Powder,Health & Hygiene,13000,8267.96,100,False,467,3
3649,Durex Extra Thin Bubblegum Condom,Health & Hygiene,15000,10040.73,580,False,313,3
3650,Dabur Hajmola Pudina - Digestive Tablets,Health & Hygiene,4500,3374.6,120,False,462,3
3651,Baidyanath Isabgol,Health & Hygiene,11000,7742.79,100,False,583,3
3652,Kapiva Thar Aloe Vera Juice,Health & Hygiene,29900,18824.24,1000,False,245,3
3653,Fine Life Cotton Balls,Health & Hygiene,11000,7870.62,100,False,616,3
3654,Stayfree Dry Max All Night XL Dry Cover Sanitary Pads,Health & Hygiene,34000,19860.82,28,False,438,3
3655,Moov Pain Releiver Spray,Health & Hygiene,29000,16126.69,80,False,282,3
3656,Whisper Ultra Clean XL Plus Sanitary Pad,Health & Hygiene,17500,10340.57,870,False,280,3
3657,Durex Condoms Mutual Climax,Health & Hygiene,12000,7416.99,174,False,377,3
3658,Durex Extra Dots Condoms,Health & Hygiene,22800,14868.25,580,False,405,3
3659,Zandu Balm Ulter Power For Strong Headache Bodyache & Cold,Health & Hygiene,4500,3028.62,8,False,642,3
3660,Dabur Hajmola Maha Candy - Aam+Imli,Health & Hygiene,13000,9517.57,130,False,416,3
3661,Whisper Choice Ultra XL Sanitary Pad,Health & Hygiene,13300,8671.21,1160,False,205,3
3662,Veet Full Body Waxing Kit For Dry Skin,Health & Hygiene,23500,15281.0,1160,False,300,3
3663,Dabur Chyawanprakash - Sugar Free,Health & Hygiene,41500,23242.02,900,False,685,3
3664,Zandu Balm,Health & Hygiene,8500,4734.35,25,False,361,3
3665,Himalaya Cold Balm,Health & Hygiene,12500,8252.9,45,False,722,3
3666,Dettol Clinical Strength Hand Sanitizer Liquid,Health & Hygiene,25000,15940.89,500,False,494,3
3667,Kapiva Wild Amla Juice,Health & Hygiene,24900,17874.12,1000,False,452,3
3668,Dabur Chyawanprash,Health & Hygiene,34900,20316.54,950,False,411,3
3669,Amrutanjan Pain Balm Extra Power,Health & Hygiene,10000,5549.94,28,False,599,3
3670,Stayfree Dry-Max All Night Ultra-Dry Sanitary Pad,Health & Hygiene,9000,5758.27,406,False,621,3
3671,Whisper Ultra Clean XL Plus Sanitary Pad,Health & Hygiene,15500,9261.18,870,False,675,3
3672,Durex Mutual Climax Condoms,Health & Hygiene,36000,20157.22,580,False,203,3
3673,Whisper Daily Liners Clean and Fresh,Health & Hygiene,10500,7296.66,1160,False,288,3
3674,Moov Cream Regular,Health & Hygiene,5000,2861.59,10,False,681,3
3675,Moov Pain Relief Specialist,Health & Hygiene,7500,5037.48,15,False,204,3
3676,Dabur Chyawanprakash Sugar Free,Health & Hygiene,23500,14245.93,500,False,366,3
3677,Veet Hair Removal Cream (Normal Skin),Health & Hygiene,13500,7893.44,50,False,467,3
3678,Stayfree Advanced XL Ultra Comfort Sanitary napkins with Wings,Health & Hygiene,17500,10954.13,812,False,517,3
3679,Savlon Clothes Disinfectant & Refreshing Spray Fresh Breeze,Health & Hygiene,17500,12430.06,230,False,216,3
3680,Dabur Chyawanprash Immunity Booster,Health & Hygiene,19000,11939.96,500,False,316,3
3681,Vicks Inhaler with Keychain,Health & Hygiene,10500,7351.62,116,False,687,3
3682,Stayfree Secure XL Size Sanitary Napkins,Health & Hygiene,11500,6613.62,1160,False,406,3
3683,Dabur Ayurvedic Tulsi Drops (Immunity Booster),Health & Hygiene,19500,13738.81,30,False,499,3
3684,Organic India Wheat Grass,Health & Hygiene,39500,23596.77,100,False,361,3
3685,Organic India Organic Chyawanprash,Health & Hygiene,49500,33931.19,500,False,265,3
3686,Organic India Sugar Balance 60 Capsules Bottle,Health & Hygiene,22500,14921.02,60,False,646,3
3687,Whisper Ultra Soft XL+ Sanitary Pads,Health & Hygiene,55500,40838.51,60,False,232,3
3688,Dabur - Chyawanprash,Health & Hygiene,9900,6211.9,250,False,414,3
3689,Vicks BabyRub,Health & Hygiene,10500,5913.95,25,False,612,3
3690,Bombay Shaving Company Sensitive Cartridges,Health & Hygiene,37500,20768.67,116,False,675,3
3691,Organic India Brahmi Bottle,Health & Hygiene,20500,14665.12,60,False,279,3
3692,Horlicks Protein Plus Chocolate,Health & Hygiene,27000,17683.57,200,False,582,3
3693,Dabur Nature Care Isabgol - Double Action,Health & Hygiene,14000,9870.68,100,False,575,3
3694,Kapiva Wild Tulsi Giloy Juice |,Health & Hygiene,40000,23875.4,1000,False,706,3
3695,Dabur Amla Juice,Health & Hygiene,23500,14546.89,1000,False,594,3
3696,Epigamia Fruit Yogurt Strawberry,Health & Hygiene,4000,2224.08,75,False,642,3
3697,Dettol Effective Protection Antiseptic Liquid,Health & Hygiene,11600,8610.66,250,False,720,3
3698,Stayfree Secure Cottony Soft Cover Sanitary Pad (Regular) with Wings,Health & Hygiene,3000,2050.72,406,False,543,3
3699,"Eno Cooling Sachets - Cool Mint, 6 Pieces Carton",Health & Hygiene,5400,3977.86,5,False,309,3
3700,Whisper Choice Sanitary Pad,Health & Hygiene,3200,1929.92,406,False,263,3
3701,Whisper Bindazzz Nights XL + Sanitary Pad,Health & Hygiene,9000,6050.63,406,False,450,3
3702,Gillette Venus Close & Clean Razor,Health & Hygiene,24900,17073.93,58,False,423,3
3703,Whisper Choice Regular Sanitary Pads,Health & Hygiene,9000,5521.59,58,False,567,3
3704,Stayfree Secure Dry Cover Extra Large Sanitary Pad,Health & Hygiene,4200,3022.41,406,False,393,3
3705,Dabur Honitus Herbal Cough Remedy Ayurvedic Syrup,Health & Hygiene,10500,7764.04,100,False,345,3
3706,Whisper Bindazzz Night Sanitary Pads XL Plus,Health & Hygiene,18500,13448.96,870,False,238,3
3707,Fine Life Cotton Balls,Health & Hygiene,6000,4186.88,50,False,683,3
3708,Dettol Antiseptic Liquid,Health & Hygiene,3000,1816.48,60,False,302,3
